✅ SSE 配置验证通过:
   - go-zero Timeout: 600 秒
   - SSE UpdateInterval: 2 秒
   - SSE KeepAliveInterval: 30 秒
   - 安全系数: 20.0x (超时 / KeepAlive)
{"@timestamp":"2026-03-08T14:16:50.042+08:00","caller":"svc/admin_manager.go:132","content":"Loaded default admin from admins.json: admin with roles: [admin]","level":"info"}
{"@timestamp":"2026-03-08T14:16:50.042+08:00","caller":"svc/admin_manager.go:138","content":"Successfully loaded 1 admins from admins.json","level":"info"}
{"@timestamp":"2026-03-08T14:16:50.042+08:00","caller":"svc/admin_manager.go:169","content":"Loaded default role: super_admin (超级管理员(系统))","level":"info"}
{"@timestamp":"2026-03-08T14:16:50.043+08:00","caller":"svc/admin_manager.go:169","content":"Loaded default role: admin (超级管理员)","level":"info"}
{"@timestamp":"2026-03-08T14:16:50.043+08:00","caller":"svc/admin_manager.go:169","content":"Loaded default role: producer (制作人)","level":"info"}
{"@timestamp":"2026-03-08T14:16:50.043+08:00","caller":"svc/admin_manager.go:169","content":"Loaded default role: project_manager (项目经理)","level":"info"}
{"@timestamp":"2026-03-08T14:16:50.043+08:00","caller":"svc/admin_manager.go:169","content":"Loaded default role: tech_lead (技术负责人)","level":"info"}
{"@timestamp":"2026-03-08T14:16:50.043+08:00","caller":"svc/admin_manager.go:169","content":"Loaded default role: backend_lead (后端主程)","level":"info"}
{"@timestamp":"2026-03-08T14:16:50.043+08:00","caller":"svc/admin_manager.go:169","content":"Loaded default role: qa_lead (测试主管)","level":"info"}
{"@timestamp":"2026-03-08T14:16:50.043+08:00","caller":"svc/admin_manager.go:169","content":"Loaded default role: ops_manager (运维主管)","level":"info"}
{"@timestamp":"2026-03-08T14:16:50.043+08:00","caller":"svc/admin_manager.go:169","content":"Loaded default role: operations_manager (运营经理)","level":"info"}
{"@timestamp":"2026-03-08T14:16:50.043+08:00","caller":"svc/admin_manager.go:169","content":"Loaded default role: operations_lead (运营主管)","level":"info"}
{"@timestamp":"2026-03-08T14:16:50.043+08:00","caller":"svc/admin_manager.go:169","content":"Loaded default role: art_lead (美术主管)","level":"info"}
{"@timestamp":"2026-03-08T14:16:50.044+08:00","caller":"svc/admin_manager.go:169","content":"Loaded default role: support_manager (客服主管)","level":"info"}
{"@timestamp":"2026-03-08T14:16:50.044+08:00","caller":"svc/admin_manager.go:169","content":"Loaded default role: senior_developer (高级开发工程师)","level":"info"}
{"@timestamp":"2026-03-08T14:16:50.044+08:00","caller":"svc/admin_manager.go:169","content":"Loaded default role: developer (开发工程师)","level":"info"}
{"@timestamp":"2026-03-08T14:16:50.045+08:00","caller":"svc/admin_manager.go:169","content":"Loaded default role: frontend_developer (前端开发工程师)","level":"info"}
{"@timestamp":"2026-03-08T14:16:50.045+08:00","caller":"svc/admin_manager.go:169","content":"Loaded default role: tester (测试工程师)","level":"info"}
{"@timestamp":"2026-03-08T14:16:50.045+08:00","caller":"svc/admin_manager.go:169","content":"Loaded default role: ops (运维工程师)","level":"info"}
{"@timestamp":"2026-03-08T14:16:50.045+08:00","caller":"svc/admin_manager.go:169","content":"Loaded default role: sre (SRE 工程师)","level":"info"}
{"@timestamp":"2026-03-08T14:16:50.045+08:00","caller":"svc/admin_manager.go:169","content":"Loaded default role: security (安全专员)","level":"info"}
{"@timestamp":"2026-03-08T14:16:50.045+08:00","caller":"svc/admin_manager.go:169","content":"Loaded default role: operator (运营专员)","level":"info"}
{"@timestamp":"2026-03-08T14:16:50.045+08:00","caller":"svc/admin_manager.go:169","content":"Loaded default role: marketing (市场营销)","level":"info"}
{"@timestamp":"2026-03-08T14:16:50.045+08:00","caller":"svc/admin_manager.go:169","content":"Loaded default role: community (社区运营)","level":"info"}
{"@timestamp":"2026-03-08T14:16:50.045+08:00","caller":"svc/admin_manager.go:169","content":"Loaded default role: content_manager (内容管理员)","level":"info"}
{"@timestamp":"2026-03-08T14:16:50.045+08:00","caller":"svc/admin_manager.go:169","content":"Loaded default role: game_designer (游戏策划)","level":"info"}
{"@timestamp":"2026-03-08T14:16:50.045+08:00","caller":"svc/admin_manager.go:169","content":"Loaded default role: system_designer (系统策划)","level":"info"}
{"@timestamp":"2026-03-08T14:16:50.046+08:00","caller":"svc/admin_manager.go:169","content":"Loaded default role: level_designer (关卡策划)","level":"info"}
{"@timestamp":"2026-03-08T14:16:50.046+08:00","caller":"svc/admin_manager.go:169","content":"Loaded default role: numerical_designer (数值策划)","level":"info"}
{"@timestamp":"2026-03-08T14:16:50.046+08:00","caller":"svc/admin_manager.go:169","content":"Loaded default role: ui_designer (UI 设计师)","level":"info"}
{"@timestamp":"2026-03-08T14:16:50.047+08:00","caller":"svc/admin_manager.go:169","content":"Loaded default role: art (美术)","level":"info"}
{"@timestamp":"2026-03-08T14:16:50.047+08:00","caller":"svc/admin_manager.go:169","content":"Loaded default role: animator (动画)","level":"info"}
{"@timestamp":"2026-03-08T14:16:50.047+08:00","caller":"svc/admin_manager.go:169","content":"Loaded default role: analyst (数据分析师)","level":"info"}
{"@timestamp":"2026-03-08T14:16:50.047+08:00","caller":"svc/admin_manager.go:169","content":"Loaded default role: bi_analyst (商业智能分析师)","level":"info"}
{"@timestamp":"2026-03-08T14:16:50.047+08:00","caller":"svc/admin_manager.go:169","content":"Loaded default role: user_researcher (用户研究员)","level":"info"}
{"@timestamp":"2026-03-08T14:16:50.047+08:00","caller":"svc/admin_manager.go:169","content":"Loaded default role: senior_support (高级客服)","level":"info"}
{"@timestamp":"2026-03-08T14:16:50.047+08:00","caller":"svc/admin_manager.go:169","content":"Loaded default role: support (客服人员)","level":"info"}
{"@timestamp":"2026-03-08T14:16:50.047+08:00","caller":"svc/admin_manager.go:169","content":"Loaded default role: gm (游戏管理员)","level":"info"}
{"@timestamp":"2026-03-08T14:16:50.047+08:00","caller":"svc/admin_manager.go:169","content":"Loaded default role: economy_manager (经济管理员)","level":"info"}
{"@timestamp":"2026-03-08T14:16:50.047+08:00","caller":"svc/admin_manager.go:169","content":"Loaded default role: admin_manager (管理员)","level":"info"}
{"@timestamp":"2026-03-08T14:16:50.047+08:00","caller":"svc/admin_manager.go:169","content":"Loaded default role: bot_operator (机器人操作员)","level":"info"}
{"@timestamp":"2026-03-08T14:16:50.048+08:00","caller":"svc/admin_manager.go:169","content":"Loaded default role: auditor (审计员)","level":"info"}
{"@timestamp":"2026-03-08T14:16:50.048+08:00","caller":"svc/admin_manager.go:169","content":"Loaded default role: viewer (查看者)","level":"info"}
{"@timestamp":"2026-03-08T14:16:50.048+08:00","caller":"svc/admin_manager.go:85","content":"Admin manager initialized successfully","level":"info"}
{"@timestamp":"2026-03-08T14:16:50.049+08:00","caller":"svc/service_context.go:662","content":"Third-party platform integration is disabled","level":"info"}
{"@timestamp":"2026-03-08T14:16:50.049+08:00","caller":"cache/helper.go:89","content":"Local cache initialized: ttl=5m0s cleanup=10m0s","level":"info"}
time=2026-03-08T14:16:50.225+08:00 level=INFO msg="Global AgentOpsClient initialized"
{"@timestamp":"2026-03-08T14:16:50.225+08:00","caller":"registry/store.go:528","content":"Started registry cleanup routine (interval: 1m0s)","level":"info"}
Starting Croupier Server at 0.0.0.0:18780 (mode: dev, debug: false)...
{"@timestamp":"2026-03-08T14:16:50.225+08:00","caller":"registry/store.go:520","content":"Registry cleanup routine stopped","level":"info"}
time=2026-03-08T14:16:50.226+08:00 level=INFO msg="NNG Control server listening" addr=tcp://0.0.0.0:19090 transport=tcp
{"@timestamp":"2026-03-08T14:16:50.226+08:00","caller":"registry/store.go:502","content":"loaded 2 agent sessions from database","level":"info"}
Starting NNG ControlService on tcp://0.0.0.0:19090 (SDK/Agent registration with DB persistence)...
time=2026-03-08T14:17:22.543+08:00 level=INFO msg="Agent registered via NNG" agent_id=imac-1772950209 game_id=tower_defense functions=2 warnings=0
{"@timestamp":"2026-03-08T14:17:49.983+08:00","caller":"stat/usage.go:82","content":"CPU: 0m, MEMORY: Alloc=6.5Mi, TotalAlloc=18.1Mi, Sys=24.4Mi, NumGC=7","level":"stat"}
{"@timestamp":"2026-03-08T14:17:50.226+08:00","caller":"load/sheddingstat.go:61","content":"(api) shedding_stat [1m], cpu: 0, total: 0, pass: 0, drop: 0","level":"stat"}
{"@timestamp":"2026-03-08T14:18:06.306+08:00","caller":"handler/loghandler.go:167","content":"[HTTP] 200 - POST /api/v1/auth/login - 127.0.0.1:59077 - Mozilla/5.0 (Windows NT 10.0; Microsoft Windows 10.0.26200; zh-CN) PowerShell/7.5.4","duration":"52.5ms","level":"info","span":"9f3ff0779fd4c4d6","trace":"ee9f7c4951213979edbf72880ca7717b"}
{"@timestamp":"2026-03-08T14:18:06.321+08:00","caller":"middleware/auth_middleware.go:89","content":"Authenticated user admin roles=[admin]","level":"info"}
{"@timestamp":"2026-03-08T14:18:06.324+08:00","caller":"handler/loghandler.go:167","content":"[HTTP] 200 - POST /api/v1/functions/player.ban/invoke - 127.0.0.1:59078 - Mozilla/5.0 (Windows NT 10.0; Microsoft Windows 10.0.26200; zh-CN) PowerShell/7.5.4","duration":"3.0ms","level":"info","span":"4cb14399ae9344ce","trace":"ad0d93c12a4c6a16cad9cf67d26acc1b"}
{"@timestamp":"2026-03-08T14:18:49.983+08:00","caller":"stat/usage.go:82","content":"CPU: 0m, MEMORY: Alloc=6.6Mi, TotalAlloc=18.2Mi, Sys=24.4Mi, NumGC=7","level":"stat"}
{"@timestamp":"2026-03-08T14:18:50.226+08:00","caller":"load/sheddingstat.go:61","content":"(api) shedding_stat [1m], cpu: 0, total: 2, pass: 2, drop: 0","level":"stat"}
time=2026-03-08T14:19:02.084+08:00 level=INFO msg="Agent registered via NNG" agent_id=imac-1772950742 game_id=tower_defense functions=0 warnings=0
{"@timestamp":"2026-03-08T14:19:06.306+08:00","caller":"stat/metrics.go:210","content":"(croupier-server) - qps: 0.0/s, drops: 0, avg time: 27.5ms, med: 52.5ms, 90th: 52.5ms, 99th: 52.5ms, 99.9th: 52.5ms","level":"stat"}
time=2026-03-08T14:19:38.521+08:00 level=INFO msg="Agent registered via NNG" agent_id=imac-1772950742 game_id=tower_defense functions=2 warnings=0
{"@timestamp":"2026-03-08T14:19:49.983+08:00","caller":"stat/usage.go:82","content":"CPU: 0m, MEMORY: Alloc=6.5Mi, TotalAlloc=18.9Mi, Sys=24.4Mi, NumGC=8","level":"stat"}
{"@timestamp":"2026-03-08T14:19:50.226+08:00","caller":"load/sheddingstat.go:61","content":"(api) shedding_stat [1m], cpu: 0, total: 0, pass: 0, drop: 0","level":"stat"}
{"@timestamp":"2026-03-08T14:20:06.306+08:00","caller":"stat/metrics.go:210","content":"(croupier-server) - qps: 0.0/s, drops: 0, avg time: 0.0ms, med: 0.0ms, 90th: 0.0ms, 99th: 0.0ms, 99.9th: 0.0ms","level":"stat"}
{"@timestamp":"2026-03-08T14:20:11.253+08:00","caller":"handler/loghandler.go:167","content":"[HTTP] 200 - POST /api/v1/auth/login - 127.0.0.1:60063 - Mozilla/5.0 (Windows NT 10.0; Microsoft Windows 10.0.26200; zh-CN) PowerShell/7.5.4","duration":"54.5ms","level":"info","span":"b8b5c08ba4199889","trace":"5d67e1f96162096a1d6cd87deea3a52c"}
{"@timestamp":"2026-03-08T14:20:11.268+08:00","caller":"middleware/auth_middleware.go:89","content":"Authenticated user admin roles=[admin]","level":"info"}
{"@timestamp":"2026-03-08T14:20:11.270+08:00","caller":"handler/loghandler.go:167","content":"[HTTP] 200 - POST /api/v1/functions/player.ban/invoke - 127.0.0.1:60064 - Mozilla/5.0 (Windows NT 10.0; Microsoft Windows 10.0.26200; zh-CN) PowerShell/7.5.4","duration":"1.5ms","level":"info","span":"4aaa892606c7c92b","trace":"96afbae993c1d5c6c9342f1337969d65"}
{"@timestamp":"2026-03-08T14:20:49.983+08:00","caller":"stat/usage.go:82","content":"CPU: 0m, MEMORY: Alloc=6.6Mi, TotalAlloc=19.0Mi, Sys=24.4Mi, NumGC=8","level":"stat"}
{"@timestamp":"2026-03-08T14:20:50.226+08:00","caller":"load/sheddingstat.go:61","content":"(api) shedding_stat [1m], cpu: 0, total: 2, pass: 2, drop: 0","level":"stat"}
{"@timestamp":"2026-03-08T14:21:06.306+08:00","caller":"stat/metrics.go:210","content":"(croupier-server) - qps: 0.0/s, drops: 0, avg time: 28.0ms, med: 54.5ms, 90th: 54.5ms, 99th: 54.5ms, 99.9th: 54.5ms","level":"stat"}
time=2026-03-08T14:21:19.829+08:00 level=INFO msg="Agent registered via NNG" agent_id=imac-1772950879 game_id=tower_defense functions=0 warnings=0
{"@timestamp":"2026-03-08T14:21:49.983+08:00","caller":"stat/usage.go:82","content":"CPU: 0m, MEMORY: Alloc=6.3Mi, TotalAlloc=19.4Mi, Sys=24.4Mi, NumGC=9","level":"stat"}
{"@timestamp":"2026-03-08T14:21:50.226+08:00","caller":"load/sheddingstat.go:61","content":"(api) shedding_stat [1m], cpu: 0, total: 0, pass: 0, drop: 0","level":"stat"}
time=2026-03-08T14:21:58.707+08:00 level=INFO msg="Agent registered via NNG" agent_id=imac-1772950879 game_id=tower_defense functions=2 warnings=0
{"@timestamp":"2026-03-08T14:22:06.306+08:00","caller":"stat/metrics.go:210","content":"(croupier-server) - qps: 0.0/s, drops: 0, avg time: 0.0ms, med: 0.0ms, 90th: 0.0ms, 99th: 0.0ms, 99.9th: 0.0ms","level":"stat"}
{"@timestamp":"2026-03-08T14:22:30.704+08:00","caller":"handler/loghandler.go:167","content":"[HTTP] 200 - POST /api/v1/auth/login - 127.0.0.1:60373 - Mozilla/5.0 (Windows NT 10.0; Microsoft Windows 10.0.26200; zh-CN) PowerShell/7.5.4","duration":"53.5ms","level":"info","span":"01fe319fce747adc","trace":"9e6ffcd4907c922403385168444c488e"}
{"@timestamp":"2026-03-08T14:22:30.719+08:00","caller":"middleware/auth_middleware.go:89","content":"Authenticated user admin roles=[admin]","level":"info"}
{"@timestamp":"2026-03-08T14:22:30.721+08:00","caller":"handler/loghandler.go:167","content":"[HTTP] 200 - POST /api/v1/functions/player.ban/invoke - 127.0.0.1:60374 - Mozilla/5.0 (Windows NT 10.0; Microsoft Windows 10.0.26200; zh-CN) PowerShell/7.5.4","duration":"2.0ms","level":"info","span":"8f8fea96b24f4f43","trace":"2190258dd62de7653430d94e7c091906"}
{"@timestamp":"2026-03-08T14:22:49.983+08:00","caller":"stat/usage.go:82","content":"CPU: 0m, MEMORY: Alloc=6.6Mi, TotalAlloc=19.6Mi, Sys=24.4Mi, NumGC=9","level":"stat"}
{"@timestamp":"2026-03-08T14:22:50.226+08:00","caller":"load/sheddingstat.go:61","content":"(api) shedding_stat [1m], cpu: 0, total: 2, pass: 2, drop: 0","level":"stat"}
{"@timestamp":"2026-03-08T14:23:06.306+08:00","caller":"stat/metrics.go:210","content":"(croupier-server) - qps: 0.0/s, drops: 0, avg time: 27.5ms, med: 53.5ms, 90th: 53.5ms, 99th: 53.5ms, 99.9th: 53.5ms","level":"stat"}
time=2026-03-08T14:23:38.048+08:00 level=INFO msg="Agent registered via NNG" agent_id=imac-1772950879 game_id=tower_defense functions=2 warnings=0
{"@timestamp":"2026-03-08T14:23:49.983+08:00","caller":"stat/usage.go:82","content":"CPU: 0m, MEMORY: Alloc=6.5Mi, TotalAlloc=20.2Mi, Sys=24.4Mi, NumGC=10","level":"stat"}
{"@timestamp":"2026-03-08T14:23:50.226+08:00","caller":"load/sheddingstat.go:61","content":"(api) shedding_stat [1m], cpu: 0, total: 0, pass: 0, drop: 0","level":"stat"}
{"@timestamp":"2026-03-08T14:24:06.306+08:00","caller":"stat/metrics.go:210","content":"(croupier-server) - qps: 0.0/s, drops: 0, avg time: 0.0ms, med: 0.0ms, 90th: 0.0ms, 99th: 0.0ms, 99.9th: 0.0ms","level":"stat"}
time=2026-03-08T14:24:20.309+08:00 level=INFO msg="Agent registered via NNG" agent_id=imac-1772950879 game_id=tower_defense functions=2 warnings=0
{"@timestamp":"2026-03-08T14:24:49.983+08:00","caller":"stat/usage.go:82","content":"CPU: 0m, MEMORY: Alloc=6.7Mi, TotalAlloc=20.4Mi, Sys=24.4Mi, NumGC=10","level":"stat"}
{"@timestamp":"2026-03-08T14:24:50.226+08:00","caller":"load/sheddingstat.go:61","content":"(api) shedding_stat [1m], cpu: 0, total: 0, pass: 0, drop: 0","level":"stat"}
{"@timestamp":"2026-03-08T14:25:06.306+08:00","caller":"stat/metrics.go:210","content":"(croupier-server) - qps: 0.0/s, drops: 0, avg time: 0.0ms, med: 0.0ms, 90th: 0.0ms, 99th: 0.0ms, 99.9th: 0.0ms","level":"stat"}
time=2026-03-08T14:25:49.660+08:00 level=INFO msg="Agent registered via NNG" agent_id=imac-1772950879 game_id=tower_defense functions=2 warnings=0
{"@timestamp":"2026-03-08T14:25:49.983+08:00","caller":"stat/usage.go:82","content":"CPU: 0m, MEMORY: Alloc=6.4Mi, TotalAlloc=20.8Mi, Sys=24.4Mi, NumGC=11","level":"stat"}
{"@timestamp":"2026-03-08T14:25:50.226+08:00","caller":"load/sheddingstat.go:61","content":"(api) shedding_stat [1m], cpu: 0, total: 0, pass: 0, drop: 0","level":"stat"}
time=2026-03-08T14:25:50.320+08:00 level=INFO msg="Agent registered via NNG" agent_id=imac-1772950879 game_id=tower_defense functions=2 warnings=0
{"@timestamp":"2026-03-08T14:26:06.306+08:00","caller":"stat/metrics.go:210","content":"(croupier-server) - qps: 0.0/s, drops: 0, avg time: 0.0ms, med: 0.0ms, 90th: 0.0ms, 99th: 0.0ms, 99.9th: 0.0ms","level":"stat"}
time=2026-03-08T14:26:19.678+08:00 level=INFO msg="Agent registered via NNG" agent_id=imac-1772950879 game_id=tower_defense functions=0 warnings=0
{"@timestamp":"2026-03-08T14:26:49.983+08:00","caller":"stat/usage.go:82","content":"CPU: 0m, MEMORY: Alloc=6.7Mi, TotalAlloc=21.1Mi, Sys=24.4Mi, NumGC=11","level":"stat"}
{"@timestamp":"2026-03-08T14:26:50.226+08:00","caller":"load/sheddingstat.go:61","content":"(api) shedding_stat [1m], cpu: 0, total: 0, pass: 0, drop: 0","level":"stat"}
time=2026-03-08T14:26:50.234+08:00 level=INFO msg="deleted expired sessions from database" count=2
{"@timestamp":"2026-03-08T14:27:06.306+08:00","caller":"stat/metrics.go:210","content":"(croupier-server) - qps: 0.0/s, drops: 0, avg time: 0.0ms, med: 0.0ms, 90th: 0.0ms, 99th: 0.0ms, 99.9th: 0.0ms","level":"stat"}
time=2026-03-08T14:27:27.536+08:00 level=INFO msg="Agent registered via NNG" agent_id=imac-1772950879 game_id=tower_defense functions=2 warnings=0
{"@timestamp":"2026-03-08T14:27:49.983+08:00","caller":"stat/usage.go:82","content":"CPU: 0m, MEMORY: Alloc=6.4Mi, TotalAlloc=21.6Mi, Sys=24.4Mi, NumGC=12","level":"stat"}
{"@timestamp":"2026-03-08T14:27:50.226+08:00","caller":"load/sheddingstat.go:61","content":"(api) shedding_stat [1m], cpu: 0, total: 0, pass: 0, drop: 0","level":"stat"}
time=2026-03-08T14:27:57.512+08:00 level=INFO msg="Agent registered via NNG" agent_id=imac-1772950879 game_id=tower_defense functions=0 warnings=0
{"@timestamp":"2026-03-08T14:28:06.306+08:00","caller":"stat/metrics.go:210","content":"(croupier-server) - qps: 0.0/s, drops: 0, avg time: 0.0ms, med: 0.0ms, 90th: 0.0ms, 99th: 0.0ms, 99.9th: 0.0ms","level":"stat"}
{"@timestamp":"2026-03-08T14:28:06.518+08:00","caller":"handler/loghandler.go:167","content":"[HTTP] 200 - POST /api/v1/auth/login - 127.0.0.1:63655 - Mozilla/5.0 (Windows NT 10.0; Microsoft Windows 10.0.26200; zh-CN) PowerShell/7.5.4","duration":"57.6ms","level":"info","span":"f28c80ec0e108b50","trace":"f7ac152675c00820d842f1a12c220a35"}
{"@timestamp":"2026-03-08T14:28:06.535+08:00","caller":"middleware/auth_middleware.go:89","content":"Authenticated user admin roles=[admin]","level":"info"}
{"@timestamp":"2026-03-08T14:28:06.537+08:00","caller":"handler/loghandler.go:167","content":"[HTTP] 400 - POST /api/v1/functions/player.ban/invoke - 127.0.0.1:63656 - Mozilla/5.0 (Windows NT 10.0; Microsoft Windows 10.0.26200; zh-CN) PowerShell/7.5.4","duration":"1.5ms","level":"info","span":"e048928ecf933710","trace":"d4adfcebc634e74fab579b01ac9cf9fe"}
{"@timestamp":"2026-03-08T14:28:20.244+08:00","caller":"handler/loghandler.go:167","content":"[HTTP] 200 - POST /api/v1/auth/login - 127.0.0.1:63671 - Mozilla/5.0 (Windows NT 10.0; Microsoft Windows 10.0.26200; zh-CN) PowerShell/7.5.4","duration":"53.0ms","level":"info","span":"2455a75688984b6a","trace":"42f4b690190d2951d71d2276c138045a"}
{"@timestamp":"2026-03-08T14:28:20.264+08:00","caller":"middleware/auth_middleware.go:89","content":"Authenticated user admin roles=[admin]","level":"info"}
{"@timestamp":"2026-03-08T14:28:20.265+08:00","caller":"handler/loghandler.go:167","content":"[HTTP] 400 - POST /api/v1/functions/player.ban/invoke - 127.0.0.1:63672 - Mozilla/5.0 (Windows NT 10.0; Microsoft Windows 10.0.26200; zh-CN) PowerShell/7.5.4","duration":"1.5ms","level":"info","span":"0b027e9504ac6873","trace":"1ebeadad7d16975560ffcb6fe9057b2e"}
{"@timestamp":"2026-03-08T14:28:49.983+08:00","caller":"stat/usage.go:82","content":"CPU: 0m, MEMORY: Alloc=6.7Mi, TotalAlloc=21.8Mi, Sys=24.4Mi, NumGC=12","level":"stat"}
{"@timestamp":"2026-03-08T14:28:50.226+08:00","caller":"load/sheddingstat.go:61","content":"(api) shedding_stat [1m], cpu: 0, total: 4, pass: 4, drop: 0","level":"stat"}
{"@timestamp":"2026-03-08T14:28:54.943+08:00","caller":"handler/loghandler.go:167","content":"[HTTP] 200 - POST /api/v1/auth/login - 127.0.0.1:63694 - Mozilla/5.0 (Windows NT 10.0; Microsoft Windows 10.0.26200; zh-CN) PowerShell/7.5.4","duration":"58.7ms","level":"info","span":"b8d403a2ac86d78b","trace":"47b92a8f9a85c09049d0dce95c74f961"}
{"@timestamp":"2026-03-08T14:28:54.960+08:00","caller":"handler/loghandler.go:167","content":"[HTTP] 200 - GET /api/v1/registry - 127.0.0.1:63695 - Mozilla/5.0 (Windows NT 10.0; Microsoft Windows 10.0.26200; zh-CN) PowerShell/7.5.4","duration":"0.0ms","level":"info","span":"397b3eebcde11936","trace":"24fadca5544a24bdc4f0b2c7ae2a036b"}
{"@timestamp":"2026-03-08T14:29:06.306+08:00","caller":"stat/metrics.go:210","content":"(croupier-server) - qps: 0.1/s, drops: 0, avg time: 28.5ms, med: 52.5ms, 90th: 58.7ms, 99th: 58.7ms, 99.9th: 58.7ms","level":"stat"}
{"@timestamp":"2026-03-08T14:29:49.983+08:00","caller":"stat/usage.go:82","content":"CPU: 0m, MEMORY: Alloc=6.4Mi, TotalAlloc=22.3Mi, Sys=24.4Mi, NumGC=13","level":"stat"}
{"@timestamp":"2026-03-08T14:29:50.226+08:00","caller":"load/sheddingstat.go:61","content":"(api) shedding_stat [1m], cpu: 0, total: 2, pass: 2, drop: 0","level":"stat"}
{"@timestamp":"2026-03-08T14:30:06.306+08:00","caller":"stat/metrics.go:210","content":"(croupier-server) - qps: 0.0/s, drops: 0, avg time: 0.0ms, med: 0.0ms, 90th: 0.0ms, 99th: 0.0ms, 99.9th: 0.0ms","level":"stat"}
{"@timestamp":"2026-03-08T14:30:49.983+08:00","caller":"stat/usage.go:82","content":"CPU: 0m, MEMORY: Alloc=6.4Mi, TotalAlloc=22.3Mi, Sys=24.4Mi, NumGC=13","level":"stat"}
{"@timestamp":"2026-03-08T14:30:50.226+08:00","caller":"load/sheddingstat.go:61","content":"(api) shedding_stat [1m], cpu: 0, total: 0, pass: 0, drop: 0","level":"stat"}
{"@timestamp":"2026-03-08T14:31:06.306+08:00","caller":"stat/metrics.go:210","content":"(croupier-server) - qps: 0.0/s, drops: 0, avg time: 0.0ms, med: 0.0ms, 90th: 0.0ms, 99th: 0.0ms, 99.9th: 0.0ms","level":"stat"}
{"@timestamp":"2026-03-08T14:31:49.983+08:00","caller":"stat/usage.go:82","content":"CPU: 0m, MEMORY: Alloc=6.3Mi, TotalAlloc=22.5Mi, Sys=24.4Mi, NumGC=14","level":"stat"}
{"@timestamp":"2026-03-08T14:31:50.226+08:00","caller":"load/sheddingstat.go:61","content":"(api) shedding_stat [1m], cpu: 0, total: 0, pass: 0, drop: 0","level":"stat"}
{"@timestamp":"2026-03-08T14:32:06.306+08:00","caller":"stat/metrics.go:210","content":"(croupier-server) - qps: 0.0/s, drops: 0, avg time: 0.0ms, med: 0.0ms, 90th: 0.0ms, 99th: 0.0ms, 99.9th: 0.0ms","level":"stat"}
{"@timestamp":"2026-03-08T14:32:49.983+08:00","caller":"stat/usage.go:82","content":"CPU: 0m, MEMORY: Alloc=6.3Mi, TotalAlloc=22.5Mi, Sys=24.4Mi, NumGC=14","level":"stat"}
{"@timestamp":"2026-03-08T14:32:50.226+08:00","caller":"load/sheddingstat.go:61","content":"(api) shedding_stat [1m], cpu: 0, total: 0, pass: 0, drop: 0","level":"stat"}
{"@timestamp":"2026-03-08T14:33:06.306+08:00","caller":"stat/metrics.go:210","content":"(croupier-server) - qps: 0.0/s, drops: 0, avg time: 0.0ms, med: 0.0ms, 90th: 0.0ms, 99th: 0.0ms, 99.9th: 0.0ms","level":"stat"}
{"@timestamp":"2026-03-08T14:33:49.983+08:00","caller":"stat/usage.go:82","content":"CPU: 0m, MEMORY: Alloc=6.2Mi, TotalAlloc=22.7Mi, Sys=24.4Mi, NumGC=15","level":"stat"}
{"@timestamp":"2026-03-08T14:33:50.226+08:00","caller":"load/sheddingstat.go:61","content":"(api) shedding_stat [1m], cpu: 0, total: 0, pass: 0, drop: 0","level":"stat"}
{"@timestamp":"2026-03-08T14:34:06.306+08:00","caller":"stat/metrics.go:210","content":"(croupier-server) - qps: 0.0/s, drops: 0, avg time: 0.0ms, med: 0.0ms, 90th: 0.0ms, 99th: 0.0ms, 99.9th: 0.0ms","level":"stat"}
{"@timestamp":"2026-03-08T14:34:49.983+08:00","caller":"stat/usage.go:82","content":"CPU: 0m, MEMORY: Alloc=6.2Mi, TotalAlloc=22.7Mi, Sys=24.4Mi, NumGC=15","level":"stat"}
{"@timestamp":"2026-03-08T14:34:50.226+08:00","caller":"load/sheddingstat.go:61","content":"(api) shedding_stat [1m], cpu: 0, total: 0, pass: 0, drop: 0","level":"stat"}
{"@timestamp":"2026-03-08T14:35:06.306+08:00","caller":"stat/metrics.go:210","content":"(croupier-server) - qps: 0.0/s, drops: 0, avg time: 0.0ms, med: 0.0ms, 90th: 0.0ms, 99th: 0.0ms, 99.9th: 0.0ms","level":"stat"}
{"@timestamp":"2026-03-08T14:35:49.983+08:00","caller":"stat/usage.go:82","content":"CPU: 0m, MEMORY: Alloc=6.2Mi, TotalAlloc=22.9Mi, Sys=24.4Mi, NumGC=16","level":"stat"}
{"@timestamp":"2026-03-08T14:35:50.226+08:00","caller":"load/sheddingstat.go:61","content":"(api) shedding_stat [1m], cpu: 0, total: 0, pass: 0, drop: 0","level":"stat"}
{"@timestamp":"2026-03-08T14:36:06.306+08:00","caller":"stat/metrics.go:210","content":"(croupier-server) - qps: 0.0/s, drops: 0, avg time: 0.0ms, med: 0.0ms, 90th: 0.0ms, 99th: 0.0ms, 99.9th: 0.0ms","level":"stat"}
{"@timestamp":"2026-03-08T14:36:49.983+08:00","caller":"stat/usage.go:82","content":"CPU: 0m, MEMORY: Alloc=6.2Mi, TotalAlloc=22.9Mi, Sys=24.4Mi, NumGC=16","level":"stat"}
{"@timestamp":"2026-03-08T14:36:50.226+08:00","caller":"load/sheddingstat.go:61","content":"(api) shedding_stat [1m], cpu: 0, total: 0, pass: 0, drop: 0","level":"stat"}
{"@timestamp":"2026-03-08T14:37:06.306+08:00","caller":"stat/metrics.go:210","content":"(croupier-server) - qps: 0.0/s, drops: 0, avg time: 0.0ms, med: 0.0ms, 90th: 0.0ms, 99th: 0.0ms, 99.9th: 0.0ms","level":"stat"}
{"@timestamp":"2026-03-08T14:37:49.983+08:00","caller":"stat/usage.go:82","content":"CPU: 0m, MEMORY: Alloc=6.2Mi, TotalAlloc=23.1Mi, Sys=24.4Mi, NumGC=17","level":"stat"}
{"@timestamp":"2026-03-08T14:37:50.226+08:00","caller":"load/sheddingstat.go:61","content":"(api) shedding_stat [1m], cpu: 0, total: 0, pass: 0, drop: 0","level":"stat"}
{"@timestamp":"2026-03-08T14:38:06.306+08:00","caller":"stat/metrics.go:210","content":"(croupier-server) - qps: 0.0/s, drops: 0, avg time: 0.0ms, med: 0.0ms, 90th: 0.0ms, 99th: 0.0ms, 99.9th: 0.0ms","level":"stat"}
{"@timestamp":"2026-03-08T14:38:49.983+08:00","caller":"stat/usage.go:82","content":"CPU: 0m, MEMORY: Alloc=6.2Mi, TotalAlloc=23.1Mi, Sys=24.4Mi, NumGC=17","level":"stat"}
{"@timestamp":"2026-03-08T14:38:50.226+08:00","caller":"load/sheddingstat.go:61","content":"(api) shedding_stat [1m], cpu: 0, total: 0, pass: 0, drop: 0","level":"stat"}
time=2026-03-08T14:38:52.039+08:00 level=INFO msg="Agent registered via NNG" agent_id=imac-1772951932 game_id=tower_defense functions=0 warnings=0
{"@timestamp":"2026-03-08T14:39:06.306+08:00","caller":"stat/metrics.go:210","content":"(croupier-server) - qps: 0.0/s, drops: 0, avg time: 0.0ms, med: 0.0ms, 90th: 0.0ms, 99th: 0.0ms, 99.9th: 0.0ms","level":"stat"}
{"@timestamp":"2026-03-08T14:39:49.983+08:00","caller":"stat/usage.go:82","content":"CPU: 0m, MEMORY: Alloc=6.2Mi, TotalAlloc=23.2Mi, Sys=24.4Mi, NumGC=18","level":"stat"}
{"@timestamp":"2026-03-08T14:39:50.226+08:00","caller":"load/sheddingstat.go:61","content":"(api) shedding_stat [1m], cpu: 0, total: 0, pass: 0, drop: 0","level":"stat"}
time=2026-03-08T14:39:56.423+08:00 level=INFO msg="Agent registered via NNG" agent_id=imac-1772951932 game_id=tower_defense functions=2 warnings=0
{"@timestamp":"2026-03-08T14:40:06.306+08:00","caller":"stat/metrics.go:210","content":"(croupier-server) - qps: 0.0/s, drops: 0, avg time: 0.0ms, med: 0.0ms, 90th: 0.0ms, 99th: 0.0ms, 99.9th: 0.0ms","level":"stat"}
{"@timestamp":"2026-03-08T14:40:35.561+08:00","caller":"handler/loghandler.go:167","content":"[HTTP] 200 - POST /api/v1/auth/login - 127.0.0.1:62422 - Mozilla/5.0 (Windows NT 10.0; Microsoft Windows 10.0.26200; zh-CN) PowerShell/7.5.4","duration":"58.8ms","level":"info","span":"4b0a29fadbf42243","trace":"2011594c2ab498fe231eb592bc8e41b1"}
{"@timestamp":"2026-03-08T14:40:35.579+08:00","caller":"middleware/auth_middleware.go:89","content":"Authenticated user admin roles=[admin]","level":"info"}
{"@timestamp":"2026-03-08T14:40:35.690+08:00","caller":"handler/loghandler.go:167","content":"[HTTP] 200 - POST /api/v1/functions/player.ban/invoke - 127.0.0.1:62423 - Mozilla/5.0 (Windows NT 10.0; Microsoft Windows 10.0.26200; zh-CN) PowerShell/7.5.4","duration":"111.4ms","level":"info","span":"36d3be37a0a8585c","trace":"04e57f8e666c4896e920ebd7798af895"}
{"@timestamp":"2026-03-08T14:40:49.983+08:00","caller":"stat/usage.go:82","content":"CPU: 0m, MEMORY: Alloc=6.5Mi, TotalAlloc=23.5Mi, Sys=24.4Mi, NumGC=18","level":"stat"}
{"@timestamp":"2026-03-08T14:40:50.226+08:00","caller":"load/sheddingstat.go:61","content":"(api) shedding_stat [1m], cpu: 0, total: 2, pass: 2, drop: 0","level":"stat"}
{"@timestamp":"2026-03-08T14:41:06.306+08:00","caller":"stat/metrics.go:210","content":"(croupier-server) - qps: 0.0/s, drops: 0, avg time: 85.0ms, med: 111.4ms, 90th: 111.4ms, 99th: 111.4ms, 99.9th: 111.4ms","level":"stat"}
{"@timestamp":"2026-03-08T14:41:49.983+08:00","caller":"stat/usage.go:82","content":"CPU: 0m, MEMORY: Alloc=6.3Mi, TotalAlloc=23.9Mi, Sys=24.4Mi, NumGC=19","level":"stat"}
{"@timestamp":"2026-03-08T14:41:50.226+08:00","caller":"load/sheddingstat.go:61","content":"(api) shedding_stat [1m], cpu: 0, total: 0, pass: 0, drop: 0","level":"stat"}
{"@timestamp":"2026-03-08T14:42:06.306+08:00","caller":"stat/metrics.go:210","content":"(croupier-server) - qps: 0.0/s, drops: 0, avg time: 0.0ms, med: 0.0ms, 90th: 0.0ms, 99th: 0.0ms, 99.9th: 0.0ms","level":"stat"}
{"@timestamp":"2026-03-08T14:42:49.983+08:00","caller":"stat/usage.go:82","content":"CPU: 0m, MEMORY: Alloc=6.4Mi, TotalAlloc=24.0Mi, Sys=24.4Mi, NumGC=19","level":"stat"}
{"@timestamp":"2026-03-08T14:42:50.226+08:00","caller":"load/sheddingstat.go:61","content":"(api) shedding_stat [1m], cpu: 0, total: 0, pass: 0, drop: 0","level":"stat"}
{"@timestamp":"2026-03-08T14:43:06.306+08:00","caller":"stat/metrics.go:210","content":"(croupier-server) - qps: 0.0/s, drops: 0, avg time: 0.0ms, med: 0.0ms, 90th: 0.0ms, 99th: 0.0ms, 99.9th: 0.0ms","level":"stat"}
time=2026-03-08T14:43:09.027+08:00 level=INFO msg="Agent registered via NNG" agent_id=imac-1772952188 game_id=tower_defense functions=0 warnings=0
time=2026-03-08T14:43:45.111+08:00 level=INFO msg="Agent registered via NNG" agent_id=imac-1772952188 game_id=tower_defense functions=2 warnings=0
{"@timestamp":"2026-03-08T14:43:49.983+08:00","caller":"stat/usage.go:82","content":"CPU: 0m, MEMORY: Alloc=6.4Mi, TotalAlloc=24.3Mi, Sys=24.4Mi, NumGC=20","level":"stat"}
{"@timestamp":"2026-03-08T14:43:50.226+08:00","caller":"load/sheddingstat.go:61","content":"(api) shedding_stat [1m], cpu: 0, total: 0, pass: 0, drop: 0","level":"stat"}
{"@timestamp":"2026-03-08T14:44:06.306+08:00","caller":"stat/metrics.go:210","content":"(croupier-server) - qps: 0.0/s, drops: 0, avg time: 0.0ms, med: 0.0ms, 90th: 0.0ms, 99th: 0.0ms, 99.9th: 0.0ms","level":"stat"}
{"@timestamp":"2026-03-08T14:44:19.036+08:00","caller":"handler/loghandler.go:167","content":"[HTTP] 200 - POST /api/v1/auth/login - 127.0.0.1:54707 - Mozilla/5.0 (Windows NT 10.0; Microsoft Windows 10.0.26200; zh-CN) PowerShell/7.5.4","duration":"58.6ms","level":"info","span":"e36e2228d50f2c30","trace":"bc4c74062d3da6968d61fc6605706966"}
{"@timestamp":"2026-03-08T14:44:19.052+08:00","caller":"middleware/auth_middleware.go:89","content":"Authenticated user admin roles=[admin]","level":"info"}
{"@timestamp":"2026-03-08T14:44:19.164+08:00","caller":"handler/loghandler.go:167","content":"[HTTP] 200 - POST /api/v1/functions/player.ban/invoke - 127.0.0.1:54708 - Mozilla/5.0 (Windows NT 10.0; Microsoft Windows 10.0.26200; zh-CN) PowerShell/7.5.4","duration":"111.9ms","level":"info","span":"174a7415378358d0","trace":"138989102b884b257a232721bafb1964"}
{"@timestamp":"2026-03-08T14:44:49.983+08:00","caller":"stat/usage.go:82","content":"CPU: 0m, MEMORY: Alloc=6.5Mi, TotalAlloc=24.4Mi, Sys=24.4Mi, NumGC=20","level":"stat"}
{"@timestamp":"2026-03-08T14:44:50.226+08:00","caller":"load/sheddingstat.go:61","content":"(api) shedding_stat [1m], cpu: 0, total: 2, pass: 2, drop: 0","level":"stat"}
{"@timestamp":"2026-03-08T14:45:06.306+08:00","caller":"stat/metrics.go:210","content":"(croupier-server) - qps: 0.0/s, drops: 0, avg time: 85.0ms, med: 111.9ms, 90th: 111.9ms, 99th: 111.9ms, 99.9th: 111.9ms","level":"stat"}
{"@timestamp":"2026-03-08T14:45:49.983+08:00","caller":"stat/usage.go:82","content":"CPU: 0m, MEMORY: Alloc=6.4Mi, TotalAlloc=24.8Mi, Sys=24.4Mi, NumGC=21","level":"stat"}
{"@timestamp":"2026-03-08T14:45:50.226+08:00","caller":"load/sheddingstat.go:61","content":"(api) shedding_stat [1m], cpu: 0, total: 0, pass: 0, drop: 0","level":"stat"}
{"@timestamp":"2026-03-08T14:46:06.306+08:00","caller":"stat/metrics.go:210","content":"(croupier-server) - qps: 0.0/s, drops: 0, avg time: 0.0ms, med: 0.0ms, 90th: 0.0ms, 99th: 0.0ms, 99.9th: 0.0ms","level":"stat"}
{"@timestamp":"2026-03-08T14:46:36.299+08:00","caller":"handler/loghandler.go:167","content":"[HTTP] 200 - POST /api/v1/auth/login - 127.0.0.1:59849 - Mozilla/5.0 (Windows NT 10.0; Microsoft Windows 10.0.26200; zh-CN) PowerShell/7.5.4","duration":"60.0ms","level":"info","span":"94f46ea67edf1b9d","trace":"c54bd6fd08da9d5536f435606c570c96"}
{"@timestamp":"2026-03-08T14:46:36.319+08:00","caller":"middleware/auth_middleware.go:89","content":"Authenticated user admin roles=[admin]","level":"info"}
{"@timestamp":"2026-03-08T14:46:36.421+08:00","caller":"handler/loghandler.go:167","content":"[HTTP] 200 - POST /api/v1/functions/player.ban/invoke - 127.0.0.1:59850 - Mozilla/5.0 (Windows NT 10.0; Microsoft Windows 10.0.26200; zh-CN) PowerShell/7.5.4","duration":"102.8ms","level":"info","span":"ac165b3948446a96","trace":"f4f40295a05d246ef0d705fc81d8050b"}
{"@timestamp":"2026-03-08T14:46:49.983+08:00","caller":"stat/usage.go:82","content":"CPU: 0m, MEMORY: Alloc=6.4Mi, TotalAlloc=24.9Mi, Sys=24.4Mi, NumGC=21","level":"stat"}
{"@timestamp":"2026-03-08T14:46:50.226+08:00","caller":"load/sheddingstat.go:61","content":"(api) shedding_stat [1m], cpu: 0, total: 2, pass: 2, drop: 0","level":"stat"}
time=2026-03-08T14:46:50.234+08:00 level=INFO msg="deleted expired sessions from database" count=2
{"@timestamp":"2026-03-08T14:47:06.306+08:00","caller":"stat/metrics.go:210","content":"(croupier-server) - qps: 0.0/s, drops: 0, avg time: 81.0ms, med: 102.8ms, 90th: 102.8ms, 99th: 102.8ms, 99.9th: 102.8ms","level":"stat"}
{"@timestamp":"2026-03-08T14:47:49.983+08:00","caller":"stat/usage.go:82","content":"CPU: 0m, MEMORY: Alloc=6.3Mi, TotalAlloc=25.2Mi, Sys=24.4Mi, NumGC=22","level":"stat"}
{"@timestamp":"2026-03-08T14:47:50.226+08:00","caller":"load/sheddingstat.go:61","content":"(api) shedding_stat [1m], cpu: 0, total: 0, pass: 0, drop: 0","level":"stat"}
{"@timestamp":"2026-03-08T14:48:06.306+08:00","caller":"stat/metrics.go:210","content":"(croupier-server) - qps: 0.0/s, drops: 0, avg time: 0.0ms, med: 0.0ms, 90th: 0.0ms, 99th: 0.0ms, 99.9th: 0.0ms","level":"stat"}
{"@timestamp":"2026-03-08T14:48:49.983+08:00","caller":"stat/usage.go:82","content":"CPU: 0m, MEMORY: Alloc=6.3Mi, TotalAlloc=25.2Mi, Sys=24.4Mi, NumGC=22","level":"stat"}
{"@timestamp":"2026-03-08T14:48:50.226+08:00","caller":"load/sheddingstat.go:61","content":"(api) shedding_stat [1m], cpu: 0, total: 0, pass: 0, drop: 0","level":"stat"}
{"@timestamp":"2026-03-08T14:49:06.306+08:00","caller":"stat/metrics.go:210","content":"(croupier-server) - qps: 0.0/s, drops: 0, avg time: 0.0ms, med: 0.0ms, 90th: 0.0ms, 99th: 0.0ms, 99.9th: 0.0ms","level":"stat"}
{"@timestamp":"2026-03-08T14:49:49.983+08:00","caller":"stat/usage.go:82","content":"CPU: 0m, MEMORY: Alloc=6.2Mi, TotalAlloc=25.4Mi, Sys=24.4Mi, NumGC=23","level":"stat"}
{"@timestamp":"2026-03-08T14:49:50.226+08:00","caller":"load/sheddingstat.go:61","content":"(api) shedding_stat [1m], cpu: 0, total: 0, pass: 0, drop: 0","level":"stat"}
{"@timestamp":"2026-03-08T14:50:06.306+08:00","caller":"stat/metrics.go:210","content":"(croupier-server) - qps: 0.0/s, drops: 0, avg time: 0.0ms, med: 0.0ms, 90th: 0.0ms, 99th: 0.0ms, 99.9th: 0.0ms","level":"stat"}
{"@timestamp":"2026-03-08T14:50:49.983+08:00","caller":"stat/usage.go:82","content":"CPU: 0m, MEMORY: Alloc=6.3Mi, TotalAlloc=25.4Mi, Sys=24.4Mi, NumGC=23","level":"stat"}
{"@timestamp":"2026-03-08T14:50:50.226+08:00","caller":"load/sheddingstat.go:61","content":"(api) shedding_stat [1m], cpu: 0, total: 0, pass: 0, drop: 0","level":"stat"}
{"@timestamp":"2026-03-08T14:51:06.306+08:00","caller":"stat/metrics.go:210","content":"(croupier-server) - qps: 0.0/s, drops: 0, avg time: 0.0ms, med: 0.0ms, 90th: 0.0ms, 99th: 0.0ms, 99.9th: 0.0ms","level":"stat"}
{"@timestamp":"2026-03-08T14:51:49.983+08:00","caller":"stat/usage.go:82","content":"CPU: 0m, MEMORY: Alloc=6.2Mi, TotalAlloc=25.5Mi, Sys=24.4Mi, NumGC=24","level":"stat"}
{"@timestamp":"2026-03-08T14:51:50.226+08:00","caller":"load/sheddingstat.go:61","content":"(api) shedding_stat [1m], cpu: 0, total: 0, pass: 0, drop: 0","level":"stat"}
{"@timestamp":"2026-03-08T14:52:06.306+08:00","caller":"stat/metrics.go:210","content":"(croupier-server) - qps: 0.0/s, drops: 0, avg time: 0.0ms, med: 0.0ms, 90th: 0.0ms, 99th: 0.0ms, 99.9th: 0.0ms","level":"stat"}
{"@timestamp":"2026-03-08T14:52:49.983+08:00","caller":"stat/usage.go:82","content":"CPU: 0m, MEMORY: Alloc=6.3Mi, TotalAlloc=25.6Mi, Sys=24.4Mi, NumGC=24","level":"stat"}
{"@timestamp":"2026-03-08T14:52:50.226+08:00","caller":"load/sheddingstat.go:61","content":"(api) shedding_stat [1m], cpu: 0, total: 0, pass: 0, drop: 0","level":"stat"}
{"@timestamp":"2026-03-08T14:53:06.306+08:00","caller":"stat/metrics.go:210","content":"(croupier-server) - qps: 0.0/s, drops: 0, avg time: 0.0ms, med: 0.0ms, 90th: 0.0ms, 99th: 0.0ms, 99.9th: 0.0ms","level":"stat"}
{"@timestamp":"2026-03-08T14:53:49.983+08:00","caller":"stat/usage.go:82","content":"CPU: 0m, MEMORY: Alloc=6.2Mi, TotalAlloc=25.7Mi, Sys=24.4Mi, NumGC=25","level":"stat"}
{"@timestamp":"2026-03-08T14:53:50.226+08:00","caller":"load/sheddingstat.go:61","content":"(api) shedding_stat [1m], cpu: 0, total: 0, pass: 0, drop: 0","level":"stat"}
{"@timestamp":"2026-03-08T14:54:06.306+08:00","caller":"stat/metrics.go:210","content":"(croupier-server) - qps: 0.0/s, drops: 0, avg time: 0.0ms, med: 0.0ms, 90th: 0.0ms, 99th: 0.0ms, 99.9th: 0.0ms","level":"stat"}
{"@timestamp":"2026-03-08T14:54:49.983+08:00","caller":"stat/usage.go:82","content":"CPU: 0m, MEMORY: Alloc=6.3Mi, TotalAlloc=25.8Mi, Sys=24.4Mi, NumGC=25","level":"stat"}
{"@timestamp":"2026-03-08T14:54:50.226+08:00","caller":"load/sheddingstat.go:61","content":"(api) shedding_stat [1m], cpu: 0, total: 0, pass: 0, drop: 0","level":"stat"}
{"@timestamp":"2026-03-08T14:55:06.306+08:00","caller":"stat/metrics.go:210","content":"(croupier-server) - qps: 0.0/s, drops: 0, avg time: 0.0ms, med: 0.0ms, 90th: 0.0ms, 99th: 0.0ms, 99.9th: 0.0ms","level":"stat"}
{"@timestamp":"2026-03-08T14:55:49.983+08:00","caller":"stat/usage.go:82","content":"CPU: 0m, MEMORY: Alloc=6.2Mi, TotalAlloc=25.9Mi, Sys=24.4Mi, NumGC=26","level":"stat"}
{"@timestamp":"2026-03-08T14:55:50.226+08:00","caller":"load/sheddingstat.go:61","content":"(api) shedding_stat [1m], cpu: 0, total: 0, pass: 0, drop: 0","level":"stat"}
{"@timestamp":"2026-03-08T14:56:06.306+08:00","caller":"stat/metrics.go:210","content":"(croupier-server) - qps: 0.0/s, drops: 0, avg time: 0.0ms, med: 0.0ms, 90th: 0.0ms, 99th: 0.0ms, 99.9th: 0.0ms","level":"stat"}
{"@timestamp":"2026-03-08T14:56:49.983+08:00","caller":"stat/usage.go:82","content":"CPU: 0m, MEMORY: Alloc=6.3Mi, TotalAlloc=25.9Mi, Sys=24.4Mi, NumGC=26","level":"stat"}
{"@timestamp":"2026-03-08T14:56:50.226+08:00","caller":"load/sheddingstat.go:61","content":"(api) shedding_stat [1m], cpu: 0, total: 0, pass: 0, drop: 0","level":"stat"}
{"@timestamp":"2026-03-08T14:57:06.306+08:00","caller":"stat/metrics.go:210","content":"(croupier-server) - qps: 0.0/s, drops: 0, avg time: 0.0ms, med: 0.0ms, 90th: 0.0ms, 99th: 0.0ms, 99.9th: 0.0ms","level":"stat"}
{"@timestamp":"2026-03-08T14:57:49.983+08:00","caller":"stat/usage.go:82","content":"CPU: 0m, MEMORY: Alloc=6.2Mi, TotalAlloc=26.1Mi, Sys=24.4Mi, NumGC=27","level":"stat"}
{"@timestamp":"2026-03-08T14:57:50.226+08:00","caller":"load/sheddingstat.go:61","content":"(api) shedding_stat [1m], cpu: 0, total: 0, pass: 0, drop: 0","level":"stat"}
{"@timestamp":"2026-03-08T14:58:06.306+08:00","caller":"stat/metrics.go:210","content":"(croupier-server) - qps: 0.0/s, drops: 0, avg time: 0.0ms, med: 0.0ms, 90th: 0.0ms, 99th: 0.0ms, 99.9th: 0.0ms","level":"stat"}
{"@timestamp":"2026-03-08T14:58:49.983+08:00","caller":"stat/usage.go:82","content":"CPU: 0m, MEMORY: Alloc=6.3Mi, TotalAlloc=26.1Mi, Sys=24.4Mi, NumGC=27","level":"stat"}
{"@timestamp":"2026-03-08T14:58:50.226+08:00","caller":"load/sheddingstat.go:61","content":"(api) shedding_stat [1m], cpu: 0, total: 0, pass: 0, drop: 0","level":"stat"}
{"@timestamp":"2026-03-08T14:59:06.306+08:00","caller":"stat/metrics.go:210","content":"(croupier-server) - qps: 0.0/s, drops: 0, avg time: 0.0ms, med: 0.0ms, 90th: 0.0ms, 99th: 0.0ms, 99.9th: 0.0ms","level":"stat"}
{"@timestamp":"2026-03-08T14:59:49.983+08:00","caller":"stat/usage.go:82","content":"CPU: 0m, MEMORY: Alloc=6.2Mi, TotalAlloc=26.3Mi, Sys=24.4Mi, NumGC=28","level":"stat"}
{"@timestamp":"2026-03-08T14:59:50.226+08:00","caller":"load/sheddingstat.go:61","content":"(api) shedding_stat [1m], cpu: 0, total: 0, pass: 0, drop: 0","level":"stat"}
{"@timestamp":"2026-03-08T15:00:06.306+08:00","caller":"stat/metrics.go:210","content":"(croupier-server) - qps: 0.0/s, drops: 0, avg time: 0.0ms, med: 0.0ms, 90th: 0.0ms, 99th: 0.0ms, 99.9th: 0.0ms","level":"stat"}
{"@timestamp":"2026-03-08T15:00:49.983+08:00","caller":"stat/usage.go:82","content":"CPU: 0m, MEMORY: Alloc=6.2Mi, TotalAlloc=26.3Mi, Sys=24.4Mi, NumGC=28","level":"stat"}
{"@timestamp":"2026-03-08T15:00:50.226+08:00","caller":"load/sheddingstat.go:61","content":"(api) shedding_stat [1m], cpu: 0, total: 0, pass: 0, drop: 0","level":"stat"}
{"@timestamp":"2026-03-08T15:01:06.306+08:00","caller":"stat/metrics.go:210","content":"(croupier-server) - qps: 0.0/s, drops: 0, avg time: 0.0ms, med: 0.0ms, 90th: 0.0ms, 99th: 0.0ms, 99.9th: 0.0ms","level":"stat"}
{"@timestamp":"2026-03-08T15:01:49.983+08:00","caller":"stat/usage.go:82","content":"CPU: 0m, MEMORY: Alloc=6.2Mi, TotalAlloc=26.4Mi, Sys=24.4Mi, NumGC=29","level":"stat"}
{"@timestamp":"2026-03-08T15:01:50.226+08:00","caller":"load/sheddingstat.go:61","content":"(api) shedding_stat [1m], cpu: 0, total: 0, pass: 0, drop: 0","level":"stat"}
{"@timestamp":"2026-03-08T15:02:06.306+08:00","caller":"stat/metrics.go:210","content":"(croupier-server) - qps: 0.0/s, drops: 0, avg time: 0.0ms, med: 0.0ms, 90th: 0.0ms, 99th: 0.0ms, 99.9th: 0.0ms","level":"stat"}
{"@timestamp":"2026-03-08T15:02:49.983+08:00","caller":"stat/usage.go:82","content":"CPU: 0m, MEMORY: Alloc=6.3Mi, TotalAlloc=26.5Mi, Sys=24.4Mi, NumGC=29","level":"stat"}
{"@timestamp":"2026-03-08T15:02:50.226+08:00","caller":"load/sheddingstat.go:61","content":"(api) shedding_stat [1m], cpu: 0, total: 0, pass: 0, drop: 0","level":"stat"}
{"@timestamp":"2026-03-08T15:03:06.306+08:00","caller":"stat/metrics.go:210","content":"(croupier-server) - qps: 0.0/s, drops: 0, avg time: 0.0ms, med: 0.0ms, 90th: 0.0ms, 99th: 0.0ms, 99.9th: 0.0ms","level":"stat"}
{"@timestamp":"2026-03-08T15:03:49.983+08:00","caller":"stat/usage.go:82","content":"CPU: 0m, MEMORY: Alloc=6.2Mi, TotalAlloc=26.6Mi, Sys=24.4Mi, NumGC=30","level":"stat"}
{"@timestamp":"2026-03-08T15:03:50.226+08:00","caller":"load/sheddingstat.go:61","content":"(api) shedding_stat [1m], cpu: 0, total: 0, pass: 0, drop: 0","level":"stat"}
{"@timestamp":"2026-03-08T15:04:06.306+08:00","caller":"stat/metrics.go:210","content":"(croupier-server) - qps: 0.0/s, drops: 0, avg time: 0.0ms, med: 0.0ms, 90th: 0.0ms, 99th: 0.0ms, 99.9th: 0.0ms","level":"stat"}
{"@timestamp":"2026-03-08T15:04:49.983+08:00","caller":"stat/usage.go:82","content":"CPU: 0m, MEMORY: Alloc=6.3Mi, TotalAlloc=26.7Mi, Sys=24.4Mi, NumGC=30","level":"stat"}
{"@timestamp":"2026-03-08T15:04:50.226+08:00","caller":"load/sheddingstat.go:61","content":"(api) shedding_stat [1m], cpu: 0, total: 0, pass: 0, drop: 0","level":"stat"}
{"@timestamp":"2026-03-08T15:05:06.306+08:00","caller":"stat/metrics.go:210","content":"(croupier-server) - qps: 0.0/s, drops: 0, avg time: 0.0ms, med: 0.0ms, 90th: 0.0ms, 99th: 0.0ms, 99.9th: 0.0ms","level":"stat"}
{"@timestamp":"2026-03-08T15:05:49.983+08:00","caller":"stat/usage.go:82","content":"CPU: 0m, MEMORY: Alloc=6.2Mi, TotalAlloc=26.8Mi, Sys=24.4Mi, NumGC=31","level":"stat"}
{"@timestamp":"2026-03-08T15:05:50.226+08:00","caller":"load/sheddingstat.go:61","content":"(api) shedding_stat [1m], cpu: 0, total: 0, pass: 0, drop: 0","level":"stat"}
{"@timestamp":"2026-03-08T15:06:06.306+08:00","caller":"stat/metrics.go:210","content":"(croupier-server) - qps: 0.0/s, drops: 0, avg time: 0.0ms, med: 0.0ms, 90th: 0.0ms, 99th: 0.0ms, 99.9th: 0.0ms","level":"stat"}
{"@timestamp":"2026-03-08T15:06:49.983+08:00","caller":"stat/usage.go:82","content":"CPU: 0m, MEMORY: Alloc=6.3Mi, TotalAlloc=26.8Mi, Sys=24.4Mi, NumGC=31","level":"stat"}
{"@timestamp":"2026-03-08T15:06:50.226+08:00","caller":"load/sheddingstat.go:61","content":"(api) shedding_stat [1m], cpu: 0, total: 0, pass: 0, drop: 0","level":"stat"}
{"@timestamp":"2026-03-08T15:07:06.306+08:00","caller":"stat/metrics.go:210","content":"(croupier-server) - qps: 0.0/s, drops: 0, avg time: 0.0ms, med: 0.0ms, 90th: 0.0ms, 99th: 0.0ms, 99.9th: 0.0ms","level":"stat"}
{"@timestamp":"2026-03-08T15:07:49.983+08:00","caller":"stat/usage.go:82","content":"CPU: 0m, MEMORY: Alloc=6.2Mi, TotalAlloc=27.0Mi, Sys=24.4Mi, NumGC=32","level":"stat"}
{"@timestamp":"2026-03-08T15:07:50.226+08:00","caller":"load/sheddingstat.go:61","content":"(api) shedding_stat [1m], cpu: 0, total: 0, pass: 0, drop: 0","level":"stat"}
{"@timestamp":"2026-03-08T15:08:06.306+08:00","caller":"stat/metrics.go:210","content":"(croupier-server) - qps: 0.0/s, drops: 0, avg time: 0.0ms, med: 0.0ms, 90th: 0.0ms, 99th: 0.0ms, 99.9th: 0.0ms","level":"stat"}
{"@timestamp":"2026-03-08T15:08:49.983+08:00","caller":"stat/usage.go:82","content":"CPU: 0m, MEMORY: Alloc=6.3Mi, TotalAlloc=27.0Mi, Sys=24.4Mi, NumGC=32","level":"stat"}
{"@timestamp":"2026-03-08T15:08:50.226+08:00","caller":"load/sheddingstat.go:61","content":"(api) shedding_stat [1m], cpu: 0, total: 0, pass: 0, drop: 0","level":"stat"}
{"@timestamp":"2026-03-08T15:09:06.306+08:00","caller":"stat/metrics.go:210","content":"(croupier-server) - qps: 0.0/s, drops: 0, avg time: 0.0ms, med: 0.0ms, 90th: 0.0ms, 99th: 0.0ms, 99.9th: 0.0ms","level":"stat"}
{"@timestamp":"2026-03-08T15:09:49.983+08:00","caller":"stat/usage.go:82","content":"CPU: 0m, MEMORY: Alloc=6.2Mi, TotalAlloc=27.2Mi, Sys=24.4Mi, NumGC=33","level":"stat"}
{"@timestamp":"2026-03-08T15:09:50.226+08:00","caller":"load/sheddingstat.go:61","content":"(api) shedding_stat [1m], cpu: 0, total: 0, pass: 0, drop: 0","level":"stat"}
{"@timestamp":"2026-03-08T15:10:06.306+08:00","caller":"stat/metrics.go:210","content":"(croupier-server) - qps: 0.0/s, drops: 0, avg time: 0.0ms, med: 0.0ms, 90th: 0.0ms, 99th: 0.0ms, 99.9th: 0.0ms","level":"stat"}
{"@timestamp":"2026-03-08T15:10:49.983+08:00","caller":"stat/usage.go:82","content":"CPU: 0m, MEMORY: Alloc=6.3Mi, TotalAlloc=27.2Mi, Sys=24.4Mi, NumGC=33","level":"stat"}
{"@timestamp":"2026-03-08T15:10:50.226+08:00","caller":"load/sheddingstat.go:61","content":"(api) shedding_stat [1m], cpu: 0, total: 0, pass: 0, drop: 0","level":"stat"}
{"@timestamp":"2026-03-08T15:11:06.306+08:00","caller":"stat/metrics.go:210","content":"(croupier-server) - qps: 0.0/s, drops: 0, avg time: 0.0ms, med: 0.0ms, 90th: 0.0ms, 99th: 0.0ms, 99.9th: 0.0ms","level":"stat"}
{"@timestamp":"2026-03-08T15:11:49.983+08:00","caller":"stat/usage.go:82","content":"CPU: 0m, MEMORY: Alloc=6.2Mi, TotalAlloc=27.3Mi, Sys=24.4Mi, NumGC=34","level":"stat"}
{"@timestamp":"2026-03-08T15:11:50.226+08:00","caller":"load/sheddingstat.go:61","content":"(api) shedding_stat [1m], cpu: 0, total: 0, pass: 0, drop: 0","level":"stat"}
{"@timestamp":"2026-03-08T15:12:06.306+08:00","caller":"stat/metrics.go:210","content":"(croupier-server) - qps: 0.0/s, drops: 0, avg time: 0.0ms, med: 0.0ms, 90th: 0.0ms, 99th: 0.0ms, 99.9th: 0.0ms","level":"stat"}
{"@timestamp":"2026-03-08T15:12:49.983+08:00","caller":"stat/usage.go:82","content":"CPU: 0m, MEMORY: Alloc=6.3Mi, TotalAlloc=27.4Mi, Sys=24.4Mi, NumGC=34","level":"stat"}
{"@timestamp":"2026-03-08T15:12:50.226+08:00","caller":"load/sheddingstat.go:61","content":"(api) shedding_stat [1m], cpu: 0, total: 0, pass: 0, drop: 0","level":"stat"}
{"@timestamp":"2026-03-08T15:13:06.306+08:00","caller":"stat/metrics.go:210","content":"(croupier-server) - qps: 0.0/s, drops: 0, avg time: 0.0ms, med: 0.0ms, 90th: 0.0ms, 99th: 0.0ms, 99.9th: 0.0ms","level":"stat"}
{"@timestamp":"2026-03-08T15:13:49.983+08:00","caller":"stat/usage.go:82","content":"CPU: 0m, MEMORY: Alloc=6.2Mi, TotalAlloc=27.5Mi, Sys=24.4Mi, NumGC=35","level":"stat"}
{"@timestamp":"2026-03-08T15:13:50.226+08:00","caller":"load/sheddingstat.go:61","content":"(api) shedding_stat [1m], cpu: 0, total: 0, pass: 0, drop: 0","level":"stat"}
{"@timestamp":"2026-03-08T15:14:06.306+08:00","caller":"stat/metrics.go:210","content":"(croupier-server) - qps: 0.0/s, drops: 0, avg time: 0.0ms, med: 0.0ms, 90th: 0.0ms, 99th: 0.0ms, 99.9th: 0.0ms","level":"stat"}
{"@timestamp":"2026-03-08T15:14:49.983+08:00","caller":"stat/usage.go:82","content":"CPU: 0m, MEMORY: Alloc=6.3Mi, TotalAlloc=27.6Mi, Sys=24.4Mi, NumGC=35","level":"stat"}
{"@timestamp":"2026-03-08T15:14:50.226+08:00","caller":"load/sheddingstat.go:61","content":"(api) shedding_stat [1m], cpu: 0, total: 0, pass: 0, drop: 0","level":"stat"}
{"@timestamp":"2026-03-08T15:15:06.306+08:00","caller":"stat/metrics.go:210","content":"(croupier-server) - qps: 0.0/s, drops: 0, avg time: 0.0ms, med: 0.0ms, 90th: 0.0ms, 99th: 0.0ms, 99.9th: 0.0ms","level":"stat"}
{"@timestamp":"2026-03-08T15:15:49.983+08:00","caller":"stat/usage.go:82","content":"CPU: 0m, MEMORY: Alloc=6.2Mi, TotalAlloc=27.7Mi, Sys=24.4Mi, NumGC=36","level":"stat"}
{"@timestamp":"2026-03-08T15:15:50.226+08:00","caller":"load/sheddingstat.go:61","content":"(api) shedding_stat [1m], cpu: 0, total: 0, pass: 0, drop: 0","level":"stat"}
{"@timestamp":"2026-03-08T15:16:06.306+08:00","caller":"stat/metrics.go:210","content":"(croupier-server) - qps: 0.0/s, drops: 0, avg time: 0.0ms, med: 0.0ms, 90th: 0.0ms, 99th: 0.0ms, 99.9th: 0.0ms","level":"stat"}
{"@timestamp":"2026-03-08T15:16:49.983+08:00","caller":"stat/usage.go:82","content":"CPU: 0m, MEMORY: Alloc=6.3Mi, TotalAlloc=27.7Mi, Sys=24.4Mi, NumGC=36","level":"stat"}
{"@timestamp":"2026-03-08T15:16:50.226+08:00","caller":"load/sheddingstat.go:61","content":"(api) shedding_stat [1m], cpu: 0, total: 0, pass: 0, drop: 0","level":"stat"}
{"@timestamp":"2026-03-08T15:17:06.306+08:00","caller":"stat/metrics.go:210","content":"(croupier-server) - qps: 0.0/s, drops: 0, avg time: 0.0ms, med: 0.0ms, 90th: 0.0ms, 99th: 0.0ms, 99.9th: 0.0ms","level":"stat"}
{"@timestamp":"2026-03-08T15:17:49.983+08:00","caller":"stat/usage.go:82","content":"CPU: 0m, MEMORY: Alloc=6.2Mi, TotalAlloc=27.9Mi, Sys=24.4Mi, NumGC=37","level":"stat"}
{"@timestamp":"2026-03-08T15:17:50.226+08:00","caller":"load/sheddingstat.go:61","content":"(api) shedding_stat [1m], cpu: 0, total: 0, pass: 0, drop: 0","level":"stat"}
{"@timestamp":"2026-03-08T15:18:06.306+08:00","caller":"stat/metrics.go:210","content":"(croupier-server) - qps: 0.0/s, drops: 0, avg time: 0.0ms, med: 0.0ms, 90th: 0.0ms, 99th: 0.0ms, 99.9th: 0.0ms","level":"stat"}
{"@timestamp":"2026-03-08T15:18:49.983+08:00","caller":"stat/usage.go:82","content":"CPU: 0m, MEMORY: Alloc=6.3Mi, TotalAlloc=27.9Mi, Sys=24.4Mi, NumGC=37","level":"stat"}
{"@timestamp":"2026-03-08T15:18:50.226+08:00","caller":"load/sheddingstat.go:61","content":"(api) shedding_stat [1m], cpu: 0, total: 0, pass: 0, drop: 0","level":"stat"}
{"@timestamp":"2026-03-08T15:19:06.306+08:00","caller":"stat/metrics.go:210","content":"(croupier-server) - qps: 0.0/s, drops: 0, avg time: 0.0ms, med: 0.0ms, 90th: 0.0ms, 99th: 0.0ms, 99.9th: 0.0ms","level":"stat"}
{"@timestamp":"2026-03-08T15:19:49.983+08:00","caller":"stat/usage.go:82","content":"CPU: 0m, MEMORY: Alloc=6.2Mi, TotalAlloc=28.1Mi, Sys=24.4Mi, NumGC=38","level":"stat"}
{"@timestamp":"2026-03-08T15:19:50.226+08:00","caller":"load/sheddingstat.go:61","content":"(api) shedding_stat [1m], cpu: 0, total: 0, pass: 0, drop: 0","level":"stat"}
{"@timestamp":"2026-03-08T15:20:06.306+08:00","caller":"stat/metrics.go:210","content":"(croupier-server) - qps: 0.0/s, drops: 0, avg time: 0.0ms, med: 0.0ms, 90th: 0.0ms, 99th: 0.0ms, 99.9th: 0.0ms","level":"stat"}
{"@timestamp":"2026-03-08T15:20:49.983+08:00","caller":"stat/usage.go:82","content":"CPU: 0m, MEMORY: Alloc=6.3Mi, TotalAlloc=28.1Mi, Sys=24.4Mi, NumGC=38","level":"stat"}
{"@timestamp":"2026-03-08T15:20:50.226+08:00","caller":"load/sheddingstat.go:61","content":"(api) shedding_stat [1m], cpu: 0, total: 0, pass: 0, drop: 0","level":"stat"}
{"@timestamp":"2026-03-08T15:21:06.306+08:00","caller":"stat/metrics.go:210","content":"(croupier-server) - qps: 0.0/s, drops: 0, avg time: 0.0ms, med: 0.0ms, 90th: 0.0ms, 99th: 0.0ms, 99.9th: 0.0ms","level":"stat"}
{"@timestamp":"2026-03-08T15:21:49.983+08:00","caller":"stat/usage.go:82","content":"CPU: 0m, MEMORY: Alloc=6.2Mi, TotalAlloc=28.2Mi, Sys=24.4Mi, NumGC=39","level":"stat"}
{"@timestamp":"2026-03-08T15:21:50.226+08:00","caller":"load/sheddingstat.go:61","content":"(api) shedding_stat [1m], cpu: 0, total: 0, pass: 0, drop: 0","level":"stat"}
{"@timestamp":"2026-03-08T15:22:06.306+08:00","caller":"stat/metrics.go:210","content":"(croupier-server) - qps: 0.0/s, drops: 0, avg time: 0.0ms, med: 0.0ms, 90th: 0.0ms, 99th: 0.0ms, 99.9th: 0.0ms","level":"stat"}
{"@timestamp":"2026-03-08T15:22:49.983+08:00","caller":"stat/usage.go:82","content":"CPU: 0m, MEMORY: Alloc=6.3Mi, TotalAlloc=28.3Mi, Sys=24.4Mi, NumGC=39","level":"stat"}
{"@timestamp":"2026-03-08T15:22:50.226+08:00","caller":"load/sheddingstat.go:61","content":"(api) shedding_stat [1m], cpu: 0, total: 0, pass: 0, drop: 0","level":"stat"}
{"@timestamp":"2026-03-08T15:23:06.306+08:00","caller":"stat/metrics.go:210","content":"(croupier-server) - qps: 0.0/s, drops: 0, avg time: 0.0ms, med: 0.0ms, 90th: 0.0ms, 99th: 0.0ms, 99.9th: 0.0ms","level":"stat"}
{"@timestamp":"2026-03-08T15:23:49.983+08:00","caller":"stat/usage.go:82","content":"CPU: 0m, MEMORY: Alloc=6.2Mi, TotalAlloc=28.4Mi, Sys=24.4Mi, NumGC=40","level":"stat"}
{"@timestamp":"2026-03-08T15:23:50.226+08:00","caller":"load/sheddingstat.go:61","content":"(api) shedding_stat [1m], cpu: 0, total: 0, pass: 0, drop: 0","level":"stat"}
{"@timestamp":"2026-03-08T15:24:06.306+08:00","caller":"stat/metrics.go:210","content":"(croupier-server) - qps: 0.0/s, drops: 0, avg time: 0.0ms, med: 0.0ms, 90th: 0.0ms, 99th: 0.0ms, 99.9th: 0.0ms","level":"stat"}
{"@timestamp":"2026-03-08T15:24:49.983+08:00","caller":"stat/usage.go:82","content":"CPU: 0m, MEMORY: Alloc=6.3Mi, TotalAlloc=28.4Mi, Sys=24.4Mi, NumGC=40","level":"stat"}
{"@timestamp":"2026-03-08T15:24:50.226+08:00","caller":"load/sheddingstat.go:61","content":"(api) shedding_stat [1m], cpu: 0, total: 0, pass: 0, drop: 0","level":"stat"}
{"@timestamp":"2026-03-08T15:25:06.306+08:00","caller":"stat/metrics.go:210","content":"(croupier-server) - qps: 0.0/s, drops: 0, avg time: 0.0ms, med: 0.0ms, 90th: 0.0ms, 99th: 0.0ms, 99.9th: 0.0ms","level":"stat"}
{"@timestamp":"2026-03-08T15:25:49.983+08:00","caller":"stat/usage.go:82","content":"CPU: 0m, MEMORY: Alloc=6.2Mi, TotalAlloc=28.6Mi, Sys=24.4Mi, NumGC=41","level":"stat"}
{"@timestamp":"2026-03-08T15:25:50.226+08:00","caller":"load/sheddingstat.go:61","content":"(api) shedding_stat [1m], cpu: 0, total: 0, pass: 0, drop: 0","level":"stat"}
{"@timestamp":"2026-03-08T15:26:06.306+08:00","caller":"stat/metrics.go:210","content":"(croupier-server) - qps: 0.0/s, drops: 0, avg time: 0.0ms, med: 0.0ms, 90th: 0.0ms, 99th: 0.0ms, 99.9th: 0.0ms","level":"stat"}
{"@timestamp":"2026-03-08T15:26:49.983+08:00","caller":"stat/usage.go:82","content":"CPU: 0m, MEMORY: Alloc=6.3Mi, TotalAlloc=28.6Mi, Sys=24.4Mi, NumGC=41","level":"stat"}
{"@timestamp":"2026-03-08T15:26:50.226+08:00","caller":"load/sheddingstat.go:61","content":"(api) shedding_stat [1m], cpu: 0, total: 0, pass: 0, drop: 0","level":"stat"}
{"@timestamp":"2026-03-08T15:27:06.306+08:00","caller":"stat/metrics.go:210","content":"(croupier-server) - qps: 0.0/s, drops: 0, avg time: 0.0ms, med: 0.0ms, 90th: 0.0ms, 99th: 0.0ms, 99.9th: 0.0ms","level":"stat"}
{"@timestamp":"2026-03-08T15:27:49.983+08:00","caller":"stat/usage.go:82","content":"CPU: 0m, MEMORY: Alloc=6.2Mi, TotalAlloc=28.8Mi, Sys=24.4Mi, NumGC=42","level":"stat"}
{"@timestamp":"2026-03-08T15:27:50.226+08:00","caller":"load/sheddingstat.go:61","content":"(api) shedding_stat [1m], cpu: 0, total: 0, pass: 0, drop: 0","level":"stat"}
{"@timestamp":"2026-03-08T15:28:06.306+08:00","caller":"stat/metrics.go:210","content":"(croupier-server) - qps: 0.0/s, drops: 0, avg time: 0.0ms, med: 0.0ms, 90th: 0.0ms, 99th: 0.0ms, 99.9th: 0.0ms","level":"stat"}
{"@timestamp":"2026-03-08T15:28:49.983+08:00","caller":"stat/usage.go:82","content":"CPU: 0m, MEMORY: Alloc=6.3Mi, TotalAlloc=28.8Mi, Sys=24.4Mi, NumGC=42","level":"stat"}
{"@timestamp":"2026-03-08T15:28:50.226+08:00","caller":"load/sheddingstat.go:61","content":"(api) shedding_stat [1m], cpu: 0, total: 0, pass: 0, drop: 0","level":"stat"}
{"@timestamp":"2026-03-08T15:29:06.306+08:00","caller":"stat/metrics.go:210","content":"(croupier-server) - qps: 0.0/s, drops: 0, avg time: 0.0ms, med: 0.0ms, 90th: 0.0ms, 99th: 0.0ms, 99.9th: 0.0ms","level":"stat"}
{"@timestamp":"2026-03-08T15:29:49.983+08:00","caller":"stat/usage.go:82","content":"CPU: 0m, MEMORY: Alloc=6.2Mi, TotalAlloc=29.0Mi, Sys=24.4Mi, NumGC=43","level":"stat"}
{"@timestamp":"2026-03-08T15:29:50.226+08:00","caller":"load/sheddingstat.go:61","content":"(api) shedding_stat [1m], cpu: 0, total: 0, pass: 0, drop: 0","level":"stat"}
{"@timestamp":"2026-03-08T15:30:06.306+08:00","caller":"stat/metrics.go:210","content":"(croupier-server) - qps: 0.0/s, drops: 0, avg time: 0.0ms, med: 0.0ms, 90th: 0.0ms, 99th: 0.0ms, 99.9th: 0.0ms","level":"stat"}
{"@timestamp":"2026-03-08T15:30:49.983+08:00","caller":"stat/usage.go:82","content":"CPU: 0m, MEMORY: Alloc=6.3Mi, TotalAlloc=29.0Mi, Sys=24.4Mi, NumGC=43","level":"stat"}
{"@timestamp":"2026-03-08T15:30:50.226+08:00","caller":"load/sheddingstat.go:61","content":"(api) shedding_stat [1m], cpu: 0, total: 0, pass: 0, drop: 0","level":"stat"}
{"@timestamp":"2026-03-08T15:31:06.306+08:00","caller":"stat/metrics.go:210","content":"(croupier-server) - qps: 0.0/s, drops: 0, avg time: 0.0ms, med: 0.0ms, 90th: 0.0ms, 99th: 0.0ms, 99.9th: 0.0ms","level":"stat"}
{"@timestamp":"2026-03-08T15:31:49.983+08:00","caller":"stat/usage.go:82","content":"CPU: 0m, MEMORY: Alloc=6.2Mi, TotalAlloc=29.1Mi, Sys=24.4Mi, NumGC=44","level":"stat"}
{"@timestamp":"2026-03-08T15:31:50.226+08:00","caller":"load/sheddingstat.go:61","content":"(api) shedding_stat [1m], cpu: 0, total: 0, pass: 0, drop: 0","level":"stat"}
{"@timestamp":"2026-03-08T15:32:06.306+08:00","caller":"stat/metrics.go:210","content":"(croupier-server) - qps: 0.0/s, drops: 0, avg time: 0.0ms, med: 0.0ms, 90th: 0.0ms, 99th: 0.0ms, 99.9th: 0.0ms","level":"stat"}
{"@timestamp":"2026-03-08T15:32:49.983+08:00","caller":"stat/usage.go:82","content":"CPU: 0m, MEMORY: Alloc=6.3Mi, TotalAlloc=29.2Mi, Sys=24.4Mi, NumGC=44","level":"stat"}
{"@timestamp":"2026-03-08T15:32:50.226+08:00","caller":"load/sheddingstat.go:61","content":"(api) shedding_stat [1m], cpu: 0, total: 0, pass: 0, drop: 0","level":"stat"}
{"@timestamp":"2026-03-08T15:33:06.306+08:00","caller":"stat/metrics.go:210","content":"(croupier-server) - qps: 0.0/s, drops: 0, avg time: 0.0ms, med: 0.0ms, 90th: 0.0ms, 99th: 0.0ms, 99.9th: 0.0ms","level":"stat"}
{"@timestamp":"2026-03-08T15:33:49.983+08:00","caller":"stat/usage.go:82","content":"CPU: 0m, MEMORY: Alloc=6.3Mi, TotalAlloc=29.3Mi, Sys=24.4Mi, NumGC=45","level":"stat"}
{"@timestamp":"2026-03-08T15:33:50.226+08:00","caller":"load/sheddingstat.go:61","content":"(api) shedding_stat [1m], cpu: 0, total: 0, pass: 0, drop: 0","level":"stat"}
{"@timestamp":"2026-03-08T15:34:06.306+08:00","caller":"stat/metrics.go:210","content":"(croupier-server) - qps: 0.0/s, drops: 0, avg time: 0.0ms, med: 0.0ms, 90th: 0.0ms, 99th: 0.0ms, 99.9th: 0.0ms","level":"stat"}
{"@timestamp":"2026-03-08T15:34:49.983+08:00","caller":"stat/usage.go:82","content":"CPU: 0m, MEMORY: Alloc=6.3Mi, TotalAlloc=29.4Mi, Sys=24.4Mi, NumGC=45","level":"stat"}
{"@timestamp":"2026-03-08T15:34:50.226+08:00","caller":"load/sheddingstat.go:61","content":"(api) shedding_stat [1m], cpu: 0, total: 0, pass: 0, drop: 0","level":"stat"}
{"@timestamp":"2026-03-08T15:35:06.306+08:00","caller":"stat/metrics.go:210","content":"(croupier-server) - qps: 0.0/s, drops: 0, avg time: 0.0ms, med: 0.0ms, 90th: 0.0ms, 99th: 0.0ms, 99.9th: 0.0ms","level":"stat"}
{"@timestamp":"2026-03-08T15:35:49.983+08:00","caller":"stat/usage.go:82","content":"CPU: 0m, MEMORY: Alloc=6.2Mi, TotalAlloc=29.5Mi, Sys=24.4Mi, NumGC=46","level":"stat"}
{"@timestamp":"2026-03-08T15:35:50.226+08:00","caller":"load/sheddingstat.go:61","content":"(api) shedding_stat [1m], cpu: 0, total: 0, pass: 0, drop: 0","level":"stat"}
{"@timestamp":"2026-03-08T15:36:06.306+08:00","caller":"stat/metrics.go:210","content":"(croupier-server) - qps: 0.0/s, drops: 0, avg time: 0.0ms, med: 0.0ms, 90th: 0.0ms, 99th: 0.0ms, 99.9th: 0.0ms","level":"stat"}
{"@timestamp":"2026-03-08T15:36:49.983+08:00","caller":"stat/usage.go:82","content":"CPU: 0m, MEMORY: Alloc=6.3Mi, TotalAlloc=29.5Mi, Sys=24.4Mi, NumGC=46","level":"stat"}
{"@timestamp":"2026-03-08T15:36:50.226+08:00","caller":"load/sheddingstat.go:61","content":"(api) shedding_stat [1m], cpu: 0, total: 0, pass: 0, drop: 0","level":"stat"}
{"@timestamp":"2026-03-08T15:37:06.306+08:00","caller":"stat/metrics.go:210","content":"(croupier-server) - qps: 0.0/s, drops: 0, avg time: 0.0ms, med: 0.0ms, 90th: 0.0ms, 99th: 0.0ms, 99.9th: 0.0ms","level":"stat"}
{"@timestamp":"2026-03-08T15:37:49.983+08:00","caller":"stat/usage.go:82","content":"CPU: 0m, MEMORY: Alloc=6.2Mi, TotalAlloc=29.7Mi, Sys=24.4Mi, NumGC=47","level":"stat"}
{"@timestamp":"2026-03-08T15:37:50.226+08:00","caller":"load/sheddingstat.go:61","content":"(api) shedding_stat [1m], cpu: 0, total: 0, pass: 0, drop: 0","level":"stat"}
{"@timestamp":"2026-03-08T15:38:06.306+08:00","caller":"stat/metrics.go:210","content":"(croupier-server) - qps: 0.0/s, drops: 0, avg time: 0.0ms, med: 0.0ms, 90th: 0.0ms, 99th: 0.0ms, 99.9th: 0.0ms","level":"stat"}
{"@timestamp":"2026-03-08T15:38:49.983+08:00","caller":"stat/usage.go:82","content":"CPU: 0m, MEMORY: Alloc=6.3Mi, TotalAlloc=29.7Mi, Sys=24.4Mi, NumGC=47","level":"stat"}
{"@timestamp":"2026-03-08T15:38:50.226+08:00","caller":"load/sheddingstat.go:61","content":"(api) shedding_stat [1m], cpu: 0, total: 0, pass: 0, drop: 0","level":"stat"}
{"@timestamp":"2026-03-08T15:39:06.306+08:00","caller":"stat/metrics.go:210","content":"(croupier-server) - qps: 0.0/s, drops: 0, avg time: 0.0ms, med: 0.0ms, 90th: 0.0ms, 99th: 0.0ms, 99.9th: 0.0ms","level":"stat"}
{"@timestamp":"2026-03-08T15:39:49.983+08:00","caller":"stat/usage.go:82","content":"CPU: 0m, MEMORY: Alloc=6.2Mi, TotalAlloc=29.9Mi, Sys=24.4Mi, NumGC=48","level":"stat"}
{"@timestamp":"2026-03-08T15:39:50.226+08:00","caller":"load/sheddingstat.go:61","content":"(api) shedding_stat [1m], cpu: 0, total: 0, pass: 0, drop: 0","level":"stat"}
{"@timestamp":"2026-03-08T15:40:06.306+08:00","caller":"stat/metrics.go:210","content":"(croupier-server) - qps: 0.0/s, drops: 0, avg time: 0.0ms, med: 0.0ms, 90th: 0.0ms, 99th: 0.0ms, 99.9th: 0.0ms","level":"stat"}
{"@timestamp":"2026-03-08T15:40:49.983+08:00","caller":"stat/usage.go:82","content":"CPU: 0m, MEMORY: Alloc=6.3Mi, TotalAlloc=29.9Mi, Sys=24.4Mi, NumGC=48","level":"stat"}
{"@timestamp":"2026-03-08T15:40:50.226+08:00","caller":"load/sheddingstat.go:61","content":"(api) shedding_stat [1m], cpu: 0, total: 0, pass: 0, drop: 0","level":"stat"}
{"@timestamp":"2026-03-08T15:41:06.306+08:00","caller":"stat/metrics.go:210","content":"(croupier-server) - qps: 0.0/s, drops: 0, avg time: 0.0ms, med: 0.0ms, 90th: 0.0ms, 99th: 0.0ms, 99.9th: 0.0ms","level":"stat"}
{"@timestamp":"2026-03-08T15:41:49.983+08:00","caller":"stat/usage.go:82","content":"CPU: 0m, MEMORY: Alloc=6.2Mi, TotalAlloc=30.1Mi, Sys=24.4Mi, NumGC=49","level":"stat"}
{"@timestamp":"2026-03-08T15:41:50.226+08:00","caller":"load/sheddingstat.go:61","content":"(api) shedding_stat [1m], cpu: 0, total: 0, pass: 0, drop: 0","level":"stat"}
{"@timestamp":"2026-03-08T15:42:06.306+08:00","caller":"stat/metrics.go:210","content":"(croupier-server) - qps: 0.0/s, drops: 0, avg time: 0.0ms, med: 0.0ms, 90th: 0.0ms, 99th: 0.0ms, 99.9th: 0.0ms","level":"stat"}
{"@timestamp":"2026-03-08T15:42:49.983+08:00","caller":"stat/usage.go:82","content":"CPU: 0m, MEMORY: Alloc=6.3Mi, TotalAlloc=30.1Mi, Sys=24.4Mi, NumGC=49","level":"stat"}
{"@timestamp":"2026-03-08T15:42:50.226+08:00","caller":"load/sheddingstat.go:61","content":"(api) shedding_stat [1m], cpu: 0, total: 0, pass: 0, drop: 0","level":"stat"}
{"@timestamp":"2026-03-08T15:43:06.306+08:00","caller":"stat/metrics.go:210","content":"(croupier-server) - qps: 0.0/s, drops: 0, avg time: 0.0ms, med: 0.0ms, 90th: 0.0ms, 99th: 0.0ms, 99.9th: 0.0ms","level":"stat"}
{"@timestamp":"2026-03-08T15:43:49.983+08:00","caller":"stat/usage.go:82","content":"CPU: 0m, MEMORY: Alloc=6.3Mi, TotalAlloc=30.3Mi, Sys=24.4Mi, NumGC=50","level":"stat"}
{"@timestamp":"2026-03-08T15:43:50.226+08:00","caller":"load/sheddingstat.go:61","content":"(api) shedding_stat [1m], cpu: 0, total: 0, pass: 0, drop: 0","level":"stat"}
{"@timestamp":"2026-03-08T15:44:06.306+08:00","caller":"stat/metrics.go:210","content":"(croupier-server) - qps: 0.0/s, drops: 0, avg time: 0.0ms, med: 0.0ms, 90th: 0.0ms, 99th: 0.0ms, 99.9th: 0.0ms","level":"stat"}
{"@timestamp":"2026-03-08T15:44:49.983+08:00","caller":"stat/usage.go:82","content":"CPU: 0m, MEMORY: Alloc=6.3Mi, TotalAlloc=30.3Mi, Sys=24.4Mi, NumGC=50","level":"stat"}
{"@timestamp":"2026-03-08T15:44:50.226+08:00","caller":"load/sheddingstat.go:61","content":"(api) shedding_stat [1m], cpu: 0, total: 0, pass: 0, drop: 0","level":"stat"}
{"@timestamp":"2026-03-08T15:45:06.306+08:00","caller":"stat/metrics.go:210","content":"(croupier-server) - qps: 0.0/s, drops: 0, avg time: 0.0ms, med: 0.0ms, 90th: 0.0ms, 99th: 0.0ms, 99.9th: 0.0ms","level":"stat"}
{"@timestamp":"2026-03-08T15:45:49.983+08:00","caller":"stat/usage.go:82","content":"CPU: 0m, MEMORY: Alloc=6.2Mi, TotalAlloc=30.4Mi, Sys=24.4Mi, NumGC=51","level":"stat"}
{"@timestamp":"2026-03-08T15:45:50.226+08:00","caller":"load/sheddingstat.go:61","content":"(api) shedding_stat [1m], cpu: 0, total: 0, pass: 0, drop: 0","level":"stat"}
{"@timestamp":"2026-03-08T15:46:06.306+08:00","caller":"stat/metrics.go:210","content":"(croupier-server) - qps: 0.0/s, drops: 0, avg time: 0.0ms, med: 0.0ms, 90th: 0.0ms, 99th: 0.0ms, 99.9th: 0.0ms","level":"stat"}
{"@timestamp":"2026-03-08T15:46:49.983+08:00","caller":"stat/usage.go:82","content":"CPU: 0m, MEMORY: Alloc=6.3Mi, TotalAlloc=30.5Mi, Sys=24.4Mi, NumGC=51","level":"stat"}
{"@timestamp":"2026-03-08T15:46:50.226+08:00","caller":"load/sheddingstat.go:61","content":"(api) shedding_stat [1m], cpu: 0, total: 0, pass: 0, drop: 0","level":"stat"}
{"@timestamp":"2026-03-08T15:47:06.306+08:00","caller":"stat/metrics.go:210","content":"(croupier-server) - qps: 0.0/s, drops: 0, avg time: 0.0ms, med: 0.0ms, 90th: 0.0ms, 99th: 0.0ms, 99.9th: 0.0ms","level":"stat"}
{"@timestamp":"2026-03-08T15:47:49.983+08:00","caller":"stat/usage.go:82","content":"CPU: 0m, MEMORY: Alloc=6.2Mi, TotalAlloc=30.6Mi, Sys=24.4Mi, NumGC=52","level":"stat"}
{"@timestamp":"2026-03-08T15:47:50.226+08:00","caller":"load/sheddingstat.go:61","content":"(api) shedding_stat [1m], cpu: 0, total: 0, pass: 0, drop: 0","level":"stat"}
{"@timestamp":"2026-03-08T15:48:06.306+08:00","caller":"stat/metrics.go:210","content":"(croupier-server) - qps: 0.0/s, drops: 0, avg time: 0.0ms, med: 0.0ms, 90th: 0.0ms, 99th: 0.0ms, 99.9th: 0.0ms","level":"stat"}
{"@timestamp":"2026-03-08T15:48:49.983+08:00","caller":"stat/usage.go:82","content":"CPU: 0m, MEMORY: Alloc=6.3Mi, TotalAlloc=30.6Mi, Sys=24.4Mi, NumGC=52","level":"stat"}
{"@timestamp":"2026-03-08T15:48:50.226+08:00","caller":"load/sheddingstat.go:61","content":"(api) shedding_stat [1m], cpu: 0, total: 0, pass: 0, drop: 0","level":"stat"}
{"@timestamp":"2026-03-08T15:49:06.306+08:00","caller":"stat/metrics.go:210","content":"(croupier-server) - qps: 0.0/s, drops: 0, avg time: 0.0ms, med: 0.0ms, 90th: 0.0ms, 99th: 0.0ms, 99.9th: 0.0ms","level":"stat"}
{"@timestamp":"2026-03-08T15:49:49.983+08:00","caller":"stat/usage.go:82","content":"CPU: 0m, MEMORY: Alloc=6.2Mi, TotalAlloc=30.8Mi, Sys=24.4Mi, NumGC=53","level":"stat"}
{"@timestamp":"2026-03-08T15:49:50.226+08:00","caller":"load/sheddingstat.go:61","content":"(api) shedding_stat [1m], cpu: 0, total: 0, pass: 0, drop: 0","level":"stat"}
{"@timestamp":"2026-03-08T15:50:06.306+08:00","caller":"stat/metrics.go:210","content":"(croupier-server) - qps: 0.0/s, drops: 0, avg time: 0.0ms, med: 0.0ms, 90th: 0.0ms, 99th: 0.0ms, 99.9th: 0.0ms","level":"stat"}
{"@timestamp":"2026-03-08T15:50:49.983+08:00","caller":"stat/usage.go:82","content":"CPU: 0m, MEMORY: Alloc=6.3Mi, TotalAlloc=30.8Mi, Sys=24.4Mi, NumGC=53","level":"stat"}
{"@timestamp":"2026-03-08T15:50:50.226+08:00","caller":"load/sheddingstat.go:61","content":"(api) shedding_stat [1m], cpu: 0, total: 0, pass: 0, drop: 0","level":"stat"}
{"@timestamp":"2026-03-08T15:51:06.306+08:00","caller":"stat/metrics.go:210","content":"(croupier-server) - qps: 0.0/s, drops: 0, avg time: 0.0ms, med: 0.0ms, 90th: 0.0ms, 99th: 0.0ms, 99.9th: 0.0ms","level":"stat"}
{"@timestamp":"2026-03-08T15:51:49.983+08:00","caller":"stat/usage.go:82","content":"CPU: 0m, MEMORY: Alloc=6.3Mi, TotalAlloc=31.0Mi, Sys=24.4Mi, NumGC=54","level":"stat"}
{"@timestamp":"2026-03-08T15:51:50.226+08:00","caller":"load/sheddingstat.go:61","content":"(api) shedding_stat [1m], cpu: 0, total: 0, pass: 0, drop: 0","level":"stat"}
{"@timestamp":"2026-03-08T15:52:06.306+08:00","caller":"stat/metrics.go:210","content":"(croupier-server) - qps: 0.0/s, drops: 0, avg time: 0.0ms, med: 0.0ms, 90th: 0.0ms, 99th: 0.0ms, 99.9th: 0.0ms","level":"stat"}
{"@timestamp":"2026-03-08T15:52:49.983+08:00","caller":"stat/usage.go:82","content":"CPU: 0m, MEMORY: Alloc=6.3Mi, TotalAlloc=31.0Mi, Sys=24.4Mi, NumGC=54","level":"stat"}
{"@timestamp":"2026-03-08T15:52:50.226+08:00","caller":"load/sheddingstat.go:61","content":"(api) shedding_stat [1m], cpu: 0, total: 0, pass: 0, drop: 0","level":"stat"}
{"@timestamp":"2026-03-08T15:53:06.306+08:00","caller":"stat/metrics.go:210","content":"(croupier-server) - qps: 0.0/s, drops: 0, avg time: 0.0ms, med: 0.0ms, 90th: 0.0ms, 99th: 0.0ms, 99.9th: 0.0ms","level":"stat"}
{"@timestamp":"2026-03-08T15:53:49.983+08:00","caller":"stat/usage.go:82","content":"CPU: 0m, MEMORY: Alloc=6.2Mi, TotalAlloc=31.1Mi, Sys=24.4Mi, NumGC=55","level":"stat"}
{"@timestamp":"2026-03-08T15:53:50.226+08:00","caller":"load/sheddingstat.go:61","content":"(api) shedding_stat [1m], cpu: 0, total: 0, pass: 0, drop: 0","level":"stat"}
{"@timestamp":"2026-03-08T15:54:06.306+08:00","caller":"stat/metrics.go:210","content":"(croupier-server) - qps: 0.0/s, drops: 0, avg time: 0.0ms, med: 0.0ms, 90th: 0.0ms, 99th: 0.0ms, 99.9th: 0.0ms","level":"stat"}
{"@timestamp":"2026-03-08T15:54:49.983+08:00","caller":"stat/usage.go:82","content":"CPU: 0m, MEMORY: Alloc=6.3Mi, TotalAlloc=31.2Mi, Sys=24.4Mi, NumGC=55","level":"stat"}
{"@timestamp":"2026-03-08T15:54:50.226+08:00","caller":"load/sheddingstat.go:61","content":"(api) shedding_stat [1m], cpu: 0, total: 0, pass: 0, drop: 0","level":"stat"}
{"@timestamp":"2026-03-08T15:55:06.306+08:00","caller":"stat/metrics.go:210","content":"(croupier-server) - qps: 0.0/s, drops: 0, avg time: 0.0ms, med: 0.0ms, 90th: 0.0ms, 99th: 0.0ms, 99.9th: 0.0ms","level":"stat"}
{"@timestamp":"2026-03-08T15:55:49.983+08:00","caller":"stat/usage.go:82","content":"CPU: 0m, MEMORY: Alloc=6.3Mi, TotalAlloc=31.3Mi, Sys=24.4Mi, NumGC=56","level":"stat"}
{"@timestamp":"2026-03-08T15:55:50.226+08:00","caller":"load/sheddingstat.go:61","content":"(api) shedding_stat [1m], cpu: 0, total: 0, pass: 0, drop: 0","level":"stat"}
{"@timestamp":"2026-03-08T15:56:06.306+08:00","caller":"stat/metrics.go:210","content":"(croupier-server) - qps: 0.0/s, drops: 0, avg time: 0.0ms, med: 0.0ms, 90th: 0.0ms, 99th: 0.0ms, 99.9th: 0.0ms","level":"stat"}
{"@timestamp":"2026-03-08T15:56:49.983+08:00","caller":"stat/usage.go:82","content":"CPU: 0m, MEMORY: Alloc=6.3Mi, TotalAlloc=31.4Mi, Sys=24.4Mi, NumGC=56","level":"stat"}
{"@timestamp":"2026-03-08T15:56:50.226+08:00","caller":"load/sheddingstat.go:61","content":"(api) shedding_stat [1m], cpu: 0, total: 0, pass: 0, drop: 0","level":"stat"}
{"@timestamp":"2026-03-08T15:57:06.306+08:00","caller":"stat/metrics.go:210","content":"(croupier-server) - qps: 0.0/s, drops: 0, avg time: 0.0ms, med: 0.0ms, 90th: 0.0ms, 99th: 0.0ms, 99.9th: 0.0ms","level":"stat"}
{"@timestamp":"2026-03-08T15:57:49.983+08:00","caller":"stat/usage.go:82","content":"CPU: 0m, MEMORY: Alloc=6.2Mi, TotalAlloc=31.5Mi, Sys=24.4Mi, NumGC=57","level":"stat"}
{"@timestamp":"2026-03-08T15:57:50.226+08:00","caller":"load/sheddingstat.go:61","content":"(api) shedding_stat [1m], cpu: 0, total: 0, pass: 0, drop: 0","level":"stat"}
{"@timestamp":"2026-03-08T15:58:06.306+08:00","caller":"stat/metrics.go:210","content":"(croupier-server) - qps: 0.0/s, drops: 0, avg time: 0.0ms, med: 0.0ms, 90th: 0.0ms, 99th: 0.0ms, 99.9th: 0.0ms","level":"stat"}
{"@timestamp":"2026-03-08T15:58:49.983+08:00","caller":"stat/usage.go:82","content":"CPU: 0m, MEMORY: Alloc=6.3Mi, TotalAlloc=31.5Mi, Sys=24.4Mi, NumGC=57","level":"stat"}
{"@timestamp":"2026-03-08T15:58:50.226+08:00","caller":"load/sheddingstat.go:61","content":"(api) shedding_stat [1m], cpu: 0, total: 0, pass: 0, drop: 0","level":"stat"}
{"@timestamp":"2026-03-08T15:59:06.306+08:00","caller":"stat/metrics.go:210","content":"(croupier-server) - qps: 0.0/s, drops: 0, avg time: 0.0ms, med: 0.0ms, 90th: 0.0ms, 99th: 0.0ms, 99.9th: 0.0ms","level":"stat"}
{"@timestamp":"2026-03-08T15:59:49.983+08:00","caller":"stat/usage.go:82","content":"CPU: 0m, MEMORY: Alloc=6.2Mi, TotalAlloc=31.7Mi, Sys=24.4Mi, NumGC=58","level":"stat"}
{"@timestamp":"2026-03-08T15:59:50.226+08:00","caller":"load/sheddingstat.go:61","content":"(api) shedding_stat [1m], cpu: 0, total: 0, pass: 0, drop: 0","level":"stat"}
{"@timestamp":"2026-03-08T16:00:06.306+08:00","caller":"stat/metrics.go:210","content":"(croupier-server) - qps: 0.0/s, drops: 0, avg time: 0.0ms, med: 0.0ms, 90th: 0.0ms, 99th: 0.0ms, 99.9th: 0.0ms","level":"stat"}
{"@timestamp":"2026-03-08T16:00:49.983+08:00","caller":"stat/usage.go:82","content":"CPU: 0m, MEMORY: Alloc=6.3Mi, TotalAlloc=31.7Mi, Sys=24.4Mi, NumGC=58","level":"stat"}
{"@timestamp":"2026-03-08T16:00:50.226+08:00","caller":"load/sheddingstat.go:61","content":"(api) shedding_stat [1m], cpu: 0, total: 0, pass: 0, drop: 0","level":"stat"}
{"@timestamp":"2026-03-08T16:01:06.306+08:00","caller":"stat/metrics.go:210","content":"(croupier-server) - qps: 0.0/s, drops: 0, avg time: 0.0ms, med: 0.0ms, 90th: 0.0ms, 99th: 0.0ms, 99.9th: 0.0ms","level":"stat"}
{"@timestamp":"2026-03-08T16:01:49.983+08:00","caller":"stat/usage.go:82","content":"CPU: 0m, MEMORY: Alloc=6.3Mi, TotalAlloc=31.9Mi, Sys=24.4Mi, NumGC=59","level":"stat"}
{"@timestamp":"2026-03-08T16:01:50.226+08:00","caller":"load/sheddingstat.go:61","content":"(api) shedding_stat [1m], cpu: 0, total: 0, pass: 0, drop: 0","level":"stat"}
{"@timestamp":"2026-03-08T16:02:06.306+08:00","caller":"stat/metrics.go:210","content":"(croupier-server) - qps: 0.0/s, drops: 0, avg time: 0.0ms, med: 0.0ms, 90th: 0.0ms, 99th: 0.0ms, 99.9th: 0.0ms","level":"stat"}
{"@timestamp":"2026-03-08T16:02:49.983+08:00","caller":"stat/usage.go:82","content":"CPU: 0m, MEMORY: Alloc=6.3Mi, TotalAlloc=31.9Mi, Sys=24.4Mi, NumGC=59","level":"stat"}
{"@timestamp":"2026-03-08T16:02:50.226+08:00","caller":"load/sheddingstat.go:61","content":"(api) shedding_stat [1m], cpu: 0, total: 0, pass: 0, drop: 0","level":"stat"}
{"@timestamp":"2026-03-08T16:03:06.306+08:00","caller":"stat/metrics.go:210","content":"(croupier-server) - qps: 0.0/s, drops: 0, avg time: 0.0ms, med: 0.0ms, 90th: 0.0ms, 99th: 0.0ms, 99.9th: 0.0ms","level":"stat"}
{"@timestamp":"2026-03-08T16:03:49.983+08:00","caller":"stat/usage.go:82","content":"CPU: 0m, MEMORY: Alloc=6.2Mi, TotalAlloc=32.0Mi, Sys=24.6Mi, NumGC=60","level":"stat"}
{"@timestamp":"2026-03-08T16:03:50.226+08:00","caller":"load/sheddingstat.go:61","content":"(api) shedding_stat [1m], cpu: 0, total: 0, pass: 0, drop: 0","level":"stat"}
{"@timestamp":"2026-03-08T16:04:06.306+08:00","caller":"stat/metrics.go:210","content":"(croupier-server) - qps: 0.0/s, drops: 0, avg time: 0.0ms, med: 0.0ms, 90th: 0.0ms, 99th: 0.0ms, 99.9th: 0.0ms","level":"stat"}
{"@timestamp":"2026-03-08T16:04:49.983+08:00","caller":"stat/usage.go:82","content":"CPU: 0m, MEMORY: Alloc=6.3Mi, TotalAlloc=32.1Mi, Sys=24.6Mi, NumGC=60","level":"stat"}
{"@timestamp":"2026-03-08T16:04:50.226+08:00","caller":"load/sheddingstat.go:61","content":"(api) shedding_stat [1m], cpu: 0, total: 0, pass: 0, drop: 0","level":"stat"}
{"@timestamp":"2026-03-08T16:05:06.306+08:00","caller":"stat/metrics.go:210","content":"(croupier-server) - qps: 0.0/s, drops: 0, avg time: 0.0ms, med: 0.0ms, 90th: 0.0ms, 99th: 0.0ms, 99.9th: 0.0ms","level":"stat"}
{"@timestamp":"2026-03-08T16:05:49.983+08:00","caller":"stat/usage.go:82","content":"CPU: 0m, MEMORY: Alloc=6.3Mi, TotalAlloc=32.2Mi, Sys=24.6Mi, NumGC=61","level":"stat"}
{"@timestamp":"2026-03-08T16:05:50.226+08:00","caller":"load/sheddingstat.go:61","content":"(api) shedding_stat [1m], cpu: 0, total: 0, pass: 0, drop: 0","level":"stat"}
{"@timestamp":"2026-03-08T16:06:06.306+08:00","caller":"stat/metrics.go:210","content":"(croupier-server) - qps: 0.0/s, drops: 0, avg time: 0.0ms, med: 0.0ms, 90th: 0.0ms, 99th: 0.0ms, 99.9th: 0.0ms","level":"stat"}
{"@timestamp":"2026-03-08T16:06:49.983+08:00","caller":"stat/usage.go:82","content":"CPU: 0m, MEMORY: Alloc=6.3Mi, TotalAlloc=32.2Mi, Sys=24.6Mi, NumGC=61","level":"stat"}
{"@timestamp":"2026-03-08T16:06:50.226+08:00","caller":"load/sheddingstat.go:61","content":"(api) shedding_stat [1m], cpu: 0, total: 0, pass: 0, drop: 0","level":"stat"}
{"@timestamp":"2026-03-08T16:07:06.306+08:00","caller":"stat/metrics.go:210","content":"(croupier-server) - qps: 0.0/s, drops: 0, avg time: 0.0ms, med: 0.0ms, 90th: 0.0ms, 99th: 0.0ms, 99.9th: 0.0ms","level":"stat"}
{"@timestamp":"2026-03-08T16:07:49.983+08:00","caller":"stat/usage.go:82","content":"CPU: 0m, MEMORY: Alloc=6.2Mi, TotalAlloc=32.4Mi, Sys=24.6Mi, NumGC=62","level":"stat"}
{"@timestamp":"2026-03-08T16:07:50.226+08:00","caller":"load/sheddingstat.go:61","content":"(api) shedding_stat [1m], cpu: 0, total: 0, pass: 0, drop: 0","level":"stat"}
{"@timestamp":"2026-03-08T16:08:06.306+08:00","caller":"stat/metrics.go:210","content":"(croupier-server) - qps: 0.0/s, drops: 0, avg time: 0.0ms, med: 0.0ms, 90th: 0.0ms, 99th: 0.0ms, 99.9th: 0.0ms","level":"stat"}
{"@timestamp":"2026-03-08T16:08:49.983+08:00","caller":"stat/usage.go:82","content":"CPU: 0m, MEMORY: Alloc=6.3Mi, TotalAlloc=32.4Mi, Sys=24.6Mi, NumGC=62","level":"stat"}
{"@timestamp":"2026-03-08T16:08:50.226+08:00","caller":"load/sheddingstat.go:61","content":"(api) shedding_stat [1m], cpu: 0, total: 0, pass: 0, drop: 0","level":"stat"}
{"@timestamp":"2026-03-08T16:09:06.306+08:00","caller":"stat/metrics.go:210","content":"(croupier-server) - qps: 0.0/s, drops: 0, avg time: 0.0ms, med: 0.0ms, 90th: 0.0ms, 99th: 0.0ms, 99.9th: 0.0ms","level":"stat"}
{"@timestamp":"2026-03-08T16:09:49.983+08:00","caller":"stat/usage.go:82","content":"CPU: 0m, MEMORY: Alloc=6.2Mi, TotalAlloc=32.6Mi, Sys=24.6Mi, NumGC=63","level":"stat"}
{"@timestamp":"2026-03-08T16:09:50.226+08:00","caller":"load/sheddingstat.go:61","content":"(api) shedding_stat [1m], cpu: 0, total: 0, pass: 0, drop: 0","level":"stat"}
{"@timestamp":"2026-03-08T16:10:06.306+08:00","caller":"stat/metrics.go:210","content":"(croupier-server) - qps: 0.0/s, drops: 0, avg time: 0.0ms, med: 0.0ms, 90th: 0.0ms, 99th: 0.0ms, 99.9th: 0.0ms","level":"stat"}
{"@timestamp":"2026-03-08T16:10:49.983+08:00","caller":"stat/usage.go:82","content":"CPU: 0m, MEMORY: Alloc=6.3Mi, TotalAlloc=32.6Mi, Sys=24.6Mi, NumGC=63","level":"stat"}
{"@timestamp":"2026-03-08T16:10:50.226+08:00","caller":"load/sheddingstat.go:61","content":"(api) shedding_stat [1m], cpu: 0, total: 0, pass: 0, drop: 0","level":"stat"}
{"@timestamp":"2026-03-08T16:11:06.306+08:00","caller":"stat/metrics.go:210","content":"(croupier-server) - qps: 0.0/s, drops: 0, avg time: 0.0ms, med: 0.0ms, 90th: 0.0ms, 99th: 0.0ms, 99.9th: 0.0ms","level":"stat"}
{"@timestamp":"2026-03-08T16:11:49.983+08:00","caller":"stat/usage.go:82","content":"CPU: 0m, MEMORY: Alloc=6.2Mi, TotalAlloc=32.8Mi, Sys=24.6Mi, NumGC=64","level":"stat"}
{"@timestamp":"2026-03-08T16:11:50.226+08:00","caller":"load/sheddingstat.go:61","content":"(api) shedding_stat [1m], cpu: 0, total: 0, pass: 0, drop: 0","level":"stat"}
{"@timestamp":"2026-03-08T16:12:06.306+08:00","caller":"stat/metrics.go:210","content":"(croupier-server) - qps: 0.0/s, drops: 0, avg time: 0.0ms, med: 0.0ms, 90th: 0.0ms, 99th: 0.0ms, 99.9th: 0.0ms","level":"stat"}
{"@timestamp":"2026-03-08T16:12:49.983+08:00","caller":"stat/usage.go:82","content":"CPU: 0m, MEMORY: Alloc=6.3Mi, TotalAlloc=32.8Mi, Sys=24.6Mi, NumGC=64","level":"stat"}
{"@timestamp":"2026-03-08T16:12:50.226+08:00","caller":"load/sheddingstat.go:61","content":"(api) shedding_stat [1m], cpu: 0, total: 0, pass: 0, drop: 0","level":"stat"}
{"@timestamp":"2026-03-08T16:13:06.306+08:00","caller":"stat/metrics.go:210","content":"(croupier-server) - qps: 0.0/s, drops: 0, avg time: 0.0ms, med: 0.0ms, 90th: 0.0ms, 99th: 0.0ms, 99.9th: 0.0ms","level":"stat"}
{"@timestamp":"2026-03-08T16:13:49.983+08:00","caller":"stat/usage.go:82","content":"CPU: 0m, MEMORY: Alloc=6.2Mi, TotalAlloc=32.9Mi, Sys=24.6Mi, NumGC=65","level":"stat"}
{"@timestamp":"2026-03-08T16:13:50.226+08:00","caller":"load/sheddingstat.go:61","content":"(api) shedding_stat [1m], cpu: 0, total: 0, pass: 0, drop: 0","level":"stat"}
{"@timestamp":"2026-03-08T16:14:06.306+08:00","caller":"stat/metrics.go:210","content":"(croupier-server) - qps: 0.0/s, drops: 0, avg time: 0.0ms, med: 0.0ms, 90th: 0.0ms, 99th: 0.0ms, 99.9th: 0.0ms","level":"stat"}
{"@timestamp":"2026-03-08T16:14:49.983+08:00","caller":"stat/usage.go:82","content":"CPU: 0m, MEMORY: Alloc=6.3Mi, TotalAlloc=33.0Mi, Sys=24.6Mi, NumGC=65","level":"stat"}
{"@timestamp":"2026-03-08T16:14:50.226+08:00","caller":"load/sheddingstat.go:61","content":"(api) shedding_stat [1m], cpu: 0, total: 0, pass: 0, drop: 0","level":"stat"}
{"@timestamp":"2026-03-08T16:15:06.306+08:00","caller":"stat/metrics.go:210","content":"(croupier-server) - qps: 0.0/s, drops: 0, avg time: 0.0ms, med: 0.0ms, 90th: 0.0ms, 99th: 0.0ms, 99.9th: 0.0ms","level":"stat"}
{"@timestamp":"2026-03-08T16:15:49.983+08:00","caller":"stat/usage.go:82","content":"CPU: 0m, MEMORY: Alloc=6.3Mi, TotalAlloc=33.1Mi, Sys=24.6Mi, NumGC=66","level":"stat"}
{"@timestamp":"2026-03-08T16:15:50.226+08:00","caller":"load/sheddingstat.go:61","content":"(api) shedding_stat [1m], cpu: 0, total: 0, pass: 0, drop: 0","level":"stat"}
{"@timestamp":"2026-03-08T16:16:06.306+08:00","caller":"stat/metrics.go:210","content":"(croupier-server) - qps: 0.0/s, drops: 0, avg time: 0.0ms, med: 0.0ms, 90th: 0.0ms, 99th: 0.0ms, 99.9th: 0.0ms","level":"stat"}
{"@timestamp":"2026-03-08T16:16:49.983+08:00","caller":"stat/usage.go:82","content":"CPU: 0m, MEMORY: Alloc=6.3Mi, TotalAlloc=33.1Mi, Sys=24.6Mi, NumGC=66","level":"stat"}
{"@timestamp":"2026-03-08T16:16:50.226+08:00","caller":"load/sheddingstat.go:61","content":"(api) shedding_stat [1m], cpu: 0, total: 0, pass: 0, drop: 0","level":"stat"}
{"@timestamp":"2026-03-08T16:17:06.306+08:00","caller":"stat/metrics.go:210","content":"(croupier-server) - qps: 0.0/s, drops: 0, avg time: 0.0ms, med: 0.0ms, 90th: 0.0ms, 99th: 0.0ms, 99.9th: 0.0ms","level":"stat"}
{"@timestamp":"2026-03-08T16:17:49.983+08:00","caller":"stat/usage.go:82","content":"CPU: 0m, MEMORY: Alloc=6.2Mi, TotalAlloc=33.3Mi, Sys=24.6Mi, NumGC=67","level":"stat"}
{"@timestamp":"2026-03-08T16:17:50.226+08:00","caller":"load/sheddingstat.go:61","content":"(api) shedding_stat [1m], cpu: 0, total: 0, pass: 0, drop: 0","level":"stat"}
{"@timestamp":"2026-03-08T16:18:06.306+08:00","caller":"stat/metrics.go:210","content":"(croupier-server) - qps: 0.0/s, drops: 0, avg time: 0.0ms, med: 0.0ms, 90th: 0.0ms, 99th: 0.0ms, 99.9th: 0.0ms","level":"stat"}
{"@timestamp":"2026-03-08T16:18:49.983+08:00","caller":"stat/usage.go:82","content":"CPU: 0m, MEMORY: Alloc=6.3Mi, TotalAlloc=33.3Mi, Sys=24.6Mi, NumGC=67","level":"stat"}
{"@timestamp":"2026-03-08T16:18:50.226+08:00","caller":"load/sheddingstat.go:61","content":"(api) shedding_stat [1m], cpu: 0, total: 0, pass: 0, drop: 0","level":"stat"}
{"@timestamp":"2026-03-08T16:19:06.306+08:00","caller":"stat/metrics.go:210","content":"(croupier-server) - qps: 0.0/s, drops: 0, avg time: 0.0ms, med: 0.0ms, 90th: 0.0ms, 99th: 0.0ms, 99.9th: 0.0ms","level":"stat"}
{"@timestamp":"2026-03-08T16:19:49.983+08:00","caller":"stat/usage.go:82","content":"CPU: 0m, MEMORY: Alloc=6.2Mi, TotalAlloc=33.5Mi, Sys=24.6Mi, NumGC=68","level":"stat"}
{"@timestamp":"2026-03-08T16:19:50.226+08:00","caller":"load/sheddingstat.go:61","content":"(api) shedding_stat [1m], cpu: 0, total: 0, pass: 0, drop: 0","level":"stat"}
{"@timestamp":"2026-03-08T16:20:06.306+08:00","caller":"stat/metrics.go:210","content":"(croupier-server) - qps: 0.0/s, drops: 0, avg time: 0.0ms, med: 0.0ms, 90th: 0.0ms, 99th: 0.0ms, 99.9th: 0.0ms","level":"stat"}
{"@timestamp":"2026-03-08T16:20:49.983+08:00","caller":"stat/usage.go:82","content":"CPU: 0m, MEMORY: Alloc=6.3Mi, TotalAlloc=33.5Mi, Sys=24.6Mi, NumGC=68","level":"stat"}
{"@timestamp":"2026-03-08T16:20:50.226+08:00","caller":"load/sheddingstat.go:61","content":"(api) shedding_stat [1m], cpu: 0, total: 0, pass: 0, drop: 0","level":"stat"}
{"@timestamp":"2026-03-08T16:21:06.306+08:00","caller":"stat/metrics.go:210","content":"(croupier-server) - qps: 0.0/s, drops: 0, avg time: 0.0ms, med: 0.0ms, 90th: 0.0ms, 99th: 0.0ms, 99.9th: 0.0ms","level":"stat"}
{"@timestamp":"2026-03-08T16:21:49.983+08:00","caller":"stat/usage.go:82","content":"CPU: 0m, MEMORY: Alloc=6.2Mi, TotalAlloc=33.7Mi, Sys=24.6Mi, NumGC=69","level":"stat"}
{"@timestamp":"2026-03-08T16:21:50.226+08:00","caller":"load/sheddingstat.go:61","content":"(api) shedding_stat [1m], cpu: 0, total: 0, pass: 0, drop: 0","level":"stat"}
{"@timestamp":"2026-03-08T16:22:06.306+08:00","caller":"stat/metrics.go:210","content":"(croupier-server) - qps: 0.0/s, drops: 0, avg time: 0.0ms, med: 0.0ms, 90th: 0.0ms, 99th: 0.0ms, 99.9th: 0.0ms","level":"stat"}
{"@timestamp":"2026-03-08T16:22:49.983+08:00","caller":"stat/usage.go:82","content":"CPU: 0m, MEMORY: Alloc=6.3Mi, TotalAlloc=33.7Mi, Sys=24.6Mi, NumGC=69","level":"stat"}
{"@timestamp":"2026-03-08T16:22:50.226+08:00","caller":"load/sheddingstat.go:61","content":"(api) shedding_stat [1m], cpu: 0, total: 0, pass: 0, drop: 0","level":"stat"}
{"@timestamp":"2026-03-08T16:23:06.306+08:00","caller":"stat/metrics.go:210","content":"(croupier-server) - qps: 0.0/s, drops: 0, avg time: 0.0ms, med: 0.0ms, 90th: 0.0ms, 99th: 0.0ms, 99.9th: 0.0ms","level":"stat"}
{"@timestamp":"2026-03-08T16:23:49.983+08:00","caller":"stat/usage.go:82","content":"CPU: 0m, MEMORY: Alloc=6.2Mi, TotalAlloc=33.9Mi, Sys=24.6Mi, NumGC=70","level":"stat"}
{"@timestamp":"2026-03-08T16:23:50.226+08:00","caller":"load/sheddingstat.go:61","content":"(api) shedding_stat [1m], cpu: 0, total: 0, pass: 0, drop: 0","level":"stat"}
{"@timestamp":"2026-03-08T16:24:06.306+08:00","caller":"stat/metrics.go:210","content":"(croupier-server) - qps: 0.0/s, drops: 0, avg time: 0.0ms, med: 0.0ms, 90th: 0.0ms, 99th: 0.0ms, 99.9th: 0.0ms","level":"stat"}
{"@timestamp":"2026-03-08T16:24:49.983+08:00","caller":"stat/usage.go:82","content":"CPU: 0m, MEMORY: Alloc=6.3Mi, TotalAlloc=33.9Mi, Sys=24.6Mi, NumGC=70","level":"stat"}
{"@timestamp":"2026-03-08T16:24:50.226+08:00","caller":"load/sheddingstat.go:61","content":"(api) shedding_stat [1m], cpu: 0, total: 0, pass: 0, drop: 0","level":"stat"}
{"@timestamp":"2026-03-08T16:25:06.306+08:00","caller":"stat/metrics.go:210","content":"(croupier-server) - qps: 0.0/s, drops: 0, avg time: 0.0ms, med: 0.0ms, 90th: 0.0ms, 99th: 0.0ms, 99.9th: 0.0ms","level":"stat"}
{"@timestamp":"2026-03-08T16:25:49.983+08:00","caller":"stat/usage.go:82","content":"CPU: 0m, MEMORY: Alloc=6.2Mi, TotalAlloc=34.0Mi, Sys=24.6Mi, NumGC=71","level":"stat"}
{"@timestamp":"2026-03-08T16:25:50.226+08:00","caller":"load/sheddingstat.go:61","content":"(api) shedding_stat [1m], cpu: 0, total: 0, pass: 0, drop: 0","level":"stat"}
{"@timestamp":"2026-03-08T16:26:06.306+08:00","caller":"stat/metrics.go:210","content":"(croupier-server) - qps: 0.0/s, drops: 0, avg time: 0.0ms, med: 0.0ms, 90th: 0.0ms, 99th: 0.0ms, 99.9th: 0.0ms","level":"stat"}
{"@timestamp":"2026-03-08T16:26:49.983+08:00","caller":"stat/usage.go:82","content":"CPU: 0m, MEMORY: Alloc=6.3Mi, TotalAlloc=34.1Mi, Sys=24.6Mi, NumGC=71","level":"stat"}
{"@timestamp":"2026-03-08T16:26:50.226+08:00","caller":"load/sheddingstat.go:61","content":"(api) shedding_stat [1m], cpu: 0, total: 0, pass: 0, drop: 0","level":"stat"}
time=2026-03-08T16:26:50.234+08:00 level=INFO msg="deleted expired sessions from database" count=1
{"@timestamp":"2026-03-08T16:27:06.306+08:00","caller":"stat/metrics.go:210","content":"(croupier-server) - qps: 0.0/s, drops: 0, avg time: 0.0ms, med: 0.0ms, 90th: 0.0ms, 99th: 0.0ms, 99.9th: 0.0ms","level":"stat"}
{"@timestamp":"2026-03-08T16:27:49.983+08:00","caller":"stat/usage.go:82","content":"CPU: 0m, MEMORY: Alloc=6.2Mi, TotalAlloc=34.2Mi, Sys=24.6Mi, NumGC=72","level":"stat"}
{"@timestamp":"2026-03-08T16:27:50.226+08:00","caller":"load/sheddingstat.go:61","content":"(api) shedding_stat [1m], cpu: 0, total: 0, pass: 0, drop: 0","level":"stat"}
{"@timestamp":"2026-03-08T16:28:06.306+08:00","caller":"stat/metrics.go:210","content":"(croupier-server) - qps: 0.0/s, drops: 0, avg time: 0.0ms, med: 0.0ms, 90th: 0.0ms, 99th: 0.0ms, 99.9th: 0.0ms","level":"stat"}
{"@timestamp":"2026-03-08T16:28:49.983+08:00","caller":"stat/usage.go:82","content":"CPU: 0m, MEMORY: Alloc=6.3Mi, TotalAlloc=34.3Mi, Sys=24.6Mi, NumGC=72","level":"stat"}
{"@timestamp":"2026-03-08T16:28:50.226+08:00","caller":"load/sheddingstat.go:61","content":"(api) shedding_stat [1m], cpu: 0, total: 0, pass: 0, drop: 0","level":"stat"}
{"@timestamp":"2026-03-08T16:29:06.306+08:00","caller":"stat/metrics.go:210","content":"(croupier-server) - qps: 0.0/s, drops: 0, avg time: 0.0ms, med: 0.0ms, 90th: 0.0ms, 99th: 0.0ms, 99.9th: 0.0ms","level":"stat"}
{"@timestamp":"2026-03-08T16:29:49.983+08:00","caller":"stat/usage.go:82","content":"CPU: 0m, MEMORY: Alloc=6.2Mi, TotalAlloc=34.4Mi, Sys=24.6Mi, NumGC=73","level":"stat"}
{"@timestamp":"2026-03-08T16:29:50.226+08:00","caller":"load/sheddingstat.go:61","content":"(api) shedding_stat [1m], cpu: 0, total: 0, pass: 0, drop: 0","level":"stat"}
{"@timestamp":"2026-03-08T16:30:06.306+08:00","caller":"stat/metrics.go:210","content":"(croupier-server) - qps: 0.0/s, drops: 0, avg time: 0.0ms, med: 0.0ms, 90th: 0.0ms, 99th: 0.0ms, 99.9th: 0.0ms","level":"stat"}
{"@timestamp":"2026-03-08T16:30:49.983+08:00","caller":"stat/usage.go:82","content":"CPU: 0m, MEMORY: Alloc=6.3Mi, TotalAlloc=34.4Mi, Sys=24.6Mi, NumGC=73","level":"stat"}
{"@timestamp":"2026-03-08T16:30:50.226+08:00","caller":"load/sheddingstat.go:61","content":"(api) shedding_stat [1m], cpu: 0, total: 0, pass: 0, drop: 0","level":"stat"}
{"@timestamp":"2026-03-08T16:31:06.306+08:00","caller":"stat/metrics.go:210","content":"(croupier-server) - qps: 0.0/s, drops: 0, avg time: 0.0ms, med: 0.0ms, 90th: 0.0ms, 99th: 0.0ms, 99.9th: 0.0ms","level":"stat"}
{"@timestamp":"2026-03-08T16:31:49.983+08:00","caller":"stat/usage.go:82","content":"CPU: 0m, MEMORY: Alloc=6.2Mi, TotalAlloc=34.6Mi, Sys=24.6Mi, NumGC=74","level":"stat"}
{"@timestamp":"2026-03-08T16:31:50.226+08:00","caller":"load/sheddingstat.go:61","content":"(api) shedding_stat [1m], cpu: 0, total: 0, pass: 0, drop: 0","level":"stat"}
{"@timestamp":"2026-03-08T16:32:06.306+08:00","caller":"stat/metrics.go:210","content":"(croupier-server) - qps: 0.0/s, drops: 0, avg time: 0.0ms, med: 0.0ms, 90th: 0.0ms, 99th: 0.0ms, 99.9th: 0.0ms","level":"stat"}
{"@timestamp":"2026-03-08T16:32:49.983+08:00","caller":"stat/usage.go:82","content":"CPU: 0m, MEMORY: Alloc=6.3Mi, TotalAlloc=34.6Mi, Sys=24.6Mi, NumGC=74","level":"stat"}
{"@timestamp":"2026-03-08T16:32:50.226+08:00","caller":"load/sheddingstat.go:61","content":"(api) shedding_stat [1m], cpu: 0, total: 0, pass: 0, drop: 0","level":"stat"}
{"@timestamp":"2026-03-08T16:33:06.306+08:00","caller":"stat/metrics.go:210","content":"(croupier-server) - qps: 0.0/s, drops: 0, avg time: 0.0ms, med: 0.0ms, 90th: 0.0ms, 99th: 0.0ms, 99.9th: 0.0ms","level":"stat"}
{"@timestamp":"2026-03-08T16:33:49.983+08:00","caller":"stat/usage.go:82","content":"CPU: 0m, MEMORY: Alloc=6.2Mi, TotalAlloc=34.8Mi, Sys=24.6Mi, NumGC=75","level":"stat"}
{"@timestamp":"2026-03-08T16:33:50.226+08:00","caller":"load/sheddingstat.go:61","content":"(api) shedding_stat [1m], cpu: 0, total: 0, pass: 0, drop: 0","level":"stat"}
{"@timestamp":"2026-03-08T16:34:06.306+08:00","caller":"stat/metrics.go:210","content":"(croupier-server) - qps: 0.0/s, drops: 0, avg time: 0.0ms, med: 0.0ms, 90th: 0.0ms, 99th: 0.0ms, 99.9th: 0.0ms","level":"stat"}
{"@timestamp":"2026-03-08T16:34:49.983+08:00","caller":"stat/usage.go:82","content":"CPU: 0m, MEMORY: Alloc=6.3Mi, TotalAlloc=34.8Mi, Sys=24.6Mi, NumGC=75","level":"stat"}
{"@timestamp":"2026-03-08T16:34:50.226+08:00","caller":"load/sheddingstat.go:61","content":"(api) shedding_stat [1m], cpu: 0, total: 0, pass: 0, drop: 0","level":"stat"}
{"@timestamp":"2026-03-08T16:35:06.306+08:00","caller":"stat/metrics.go:210","content":"(croupier-server) - qps: 0.0/s, drops: 0, avg time: 0.0ms, med: 0.0ms, 90th: 0.0ms, 99th: 0.0ms, 99.9th: 0.0ms","level":"stat"}
{"@timestamp":"2026-03-08T16:35:49.983+08:00","caller":"stat/usage.go:82","content":"CPU: 0m, MEMORY: Alloc=6.2Mi, TotalAlloc=35.0Mi, Sys=24.6Mi, NumGC=76","level":"stat"}
{"@timestamp":"2026-03-08T16:35:50.226+08:00","caller":"load/sheddingstat.go:61","content":"(api) shedding_stat [1m], cpu: 0, total: 0, pass: 0, drop: 0","level":"stat"}
{"@timestamp":"2026-03-08T16:36:06.306+08:00","caller":"stat/metrics.go:210","content":"(croupier-server) - qps: 0.0/s, drops: 0, avg time: 0.0ms, med: 0.0ms, 90th: 0.0ms, 99th: 0.0ms, 99.9th: 0.0ms","level":"stat"}
{"@timestamp":"2026-03-08T16:36:49.983+08:00","caller":"stat/usage.go:82","content":"CPU: 0m, MEMORY: Alloc=6.3Mi, TotalAlloc=35.0Mi, Sys=24.6Mi, NumGC=76","level":"stat"}
{"@timestamp":"2026-03-08T16:36:50.226+08:00","caller":"load/sheddingstat.go:61","content":"(api) shedding_stat [1m], cpu: 0, total: 0, pass: 0, drop: 0","level":"stat"}
{"@timestamp":"2026-03-08T16:37:06.306+08:00","caller":"stat/metrics.go:210","content":"(croupier-server) - qps: 0.0/s, drops: 0, avg time: 0.0ms, med: 0.0ms, 90th: 0.0ms, 99th: 0.0ms, 99.9th: 0.0ms","level":"stat"}
{"@timestamp":"2026-03-08T16:37:49.983+08:00","caller":"stat/usage.go:82","content":"CPU: 0m, MEMORY: Alloc=6.2Mi, TotalAlloc=35.2Mi, Sys=24.6Mi, NumGC=77","level":"stat"}
{"@timestamp":"2026-03-08T16:37:50.226+08:00","caller":"load/sheddingstat.go:61","content":"(api) shedding_stat [1m], cpu: 0, total: 0, pass: 0, drop: 0","level":"stat"}
{"@timestamp":"2026-03-08T16:38:06.306+08:00","caller":"stat/metrics.go:210","content":"(croupier-server) - qps: 0.0/s, drops: 0, avg time: 0.0ms, med: 0.0ms, 90th: 0.0ms, 99th: 0.0ms, 99.9th: 0.0ms","level":"stat"}
{"@timestamp":"2026-03-08T16:38:49.983+08:00","caller":"stat/usage.go:82","content":"CPU: 0m, MEMORY: Alloc=6.3Mi, TotalAlloc=35.2Mi, Sys=24.6Mi, NumGC=77","level":"stat"}
{"@timestamp":"2026-03-08T16:38:50.226+08:00","caller":"load/sheddingstat.go:61","content":"(api) shedding_stat [1m], cpu: 0, total: 0, pass: 0, drop: 0","level":"stat"}
{"@timestamp":"2026-03-08T16:39:06.306+08:00","caller":"stat/metrics.go:210","content":"(croupier-server) - qps: 0.0/s, drops: 0, avg time: 0.0ms, med: 0.0ms, 90th: 0.0ms, 99th: 0.0ms, 99.9th: 0.0ms","level":"stat"}
{"@timestamp":"2026-03-08T16:39:49.983+08:00","caller":"stat/usage.go:82","content":"CPU: 0m, MEMORY: Alloc=6.2Mi, TotalAlloc=35.3Mi, Sys=24.6Mi, NumGC=78","level":"stat"}
{"@timestamp":"2026-03-08T16:39:50.226+08:00","caller":"load/sheddingstat.go:61","content":"(api) shedding_stat [1m], cpu: 0, total: 0, pass: 0, drop: 0","level":"stat"}
{"@timestamp":"2026-03-08T16:40:06.306+08:00","caller":"stat/metrics.go:210","content":"(croupier-server) - qps: 0.0/s, drops: 0, avg time: 0.0ms, med: 0.0ms, 90th: 0.0ms, 99th: 0.0ms, 99.9th: 0.0ms","level":"stat"}
{"@timestamp":"2026-03-08T16:40:49.983+08:00","caller":"stat/usage.go:82","content":"CPU: 0m, MEMORY: Alloc=6.3Mi, TotalAlloc=35.4Mi, Sys=24.6Mi, NumGC=78","level":"stat"}
{"@timestamp":"2026-03-08T16:40:50.226+08:00","caller":"load/sheddingstat.go:61","content":"(api) shedding_stat [1m], cpu: 0, total: 0, pass: 0, drop: 0","level":"stat"}
{"@timestamp":"2026-03-08T16:41:06.306+08:00","caller":"stat/metrics.go:210","content":"(croupier-server) - qps: 0.0/s, drops: 0, avg time: 0.0ms, med: 0.0ms, 90th: 0.0ms, 99th: 0.0ms, 99.9th: 0.0ms","level":"stat"}
{"@timestamp":"2026-03-08T16:41:49.983+08:00","caller":"stat/usage.go:82","content":"CPU: 0m, MEMORY: Alloc=6.2Mi, TotalAlloc=35.5Mi, Sys=24.6Mi, NumGC=79","level":"stat"}
{"@timestamp":"2026-03-08T16:41:50.226+08:00","caller":"load/sheddingstat.go:61","content":"(api) shedding_stat [1m], cpu: 0, total: 0, pass: 0, drop: 0","level":"stat"}
{"@timestamp":"2026-03-08T16:42:06.306+08:00","caller":"stat/metrics.go:210","content":"(croupier-server) - qps: 0.0/s, drops: 0, avg time: 0.0ms, med: 0.0ms, 90th: 0.0ms, 99th: 0.0ms, 99.9th: 0.0ms","level":"stat"}
{"@timestamp":"2026-03-08T16:42:49.983+08:00","caller":"stat/usage.go:82","content":"CPU: 0m, MEMORY: Alloc=6.3Mi, TotalAlloc=35.6Mi, Sys=24.6Mi, NumGC=79","level":"stat"}
{"@timestamp":"2026-03-08T16:42:50.226+08:00","caller":"load/sheddingstat.go:61","content":"(api) shedding_stat [1m], cpu: 0, total: 0, pass: 0, drop: 0","level":"stat"}
{"@timestamp":"2026-03-08T16:43:06.306+08:00","caller":"stat/metrics.go:210","content":"(croupier-server) - qps: 0.0/s, drops: 0, avg time: 0.0ms, med: 0.0ms, 90th: 0.0ms, 99th: 0.0ms, 99.9th: 0.0ms","level":"stat"}
{"@timestamp":"2026-03-08T16:43:49.983+08:00","caller":"stat/usage.go:82","content":"CPU: 0m, MEMORY: Alloc=6.2Mi, TotalAlloc=35.7Mi, Sys=24.6Mi, NumGC=80","level":"stat"}
{"@timestamp":"2026-03-08T16:43:50.226+08:00","caller":"load/sheddingstat.go:61","content":"(api) shedding_stat [1m], cpu: 0, total: 0, pass: 0, drop: 0","level":"stat"}
{"@timestamp":"2026-03-08T16:44:06.306+08:00","caller":"stat/metrics.go:210","content":"(croupier-server) - qps: 0.0/s, drops: 0, avg time: 0.0ms, med: 0.0ms, 90th: 0.0ms, 99th: 0.0ms, 99.9th: 0.0ms","level":"stat"}
{"@timestamp":"2026-03-08T16:44:49.983+08:00","caller":"stat/usage.go:82","content":"CPU: 0m, MEMORY: Alloc=6.3Mi, TotalAlloc=35.7Mi, Sys=24.6Mi, NumGC=80","level":"stat"}
{"@timestamp":"2026-03-08T16:44:50.226+08:00","caller":"load/sheddingstat.go:61","content":"(api) shedding_stat [1m], cpu: 0, total: 0, pass: 0, drop: 0","level":"stat"}
{"@timestamp":"2026-03-08T16:45:06.306+08:00","caller":"stat/metrics.go:210","content":"(croupier-server) - qps: 0.0/s, drops: 0, avg time: 0.0ms, med: 0.0ms, 90th: 0.0ms, 99th: 0.0ms, 99.9th: 0.0ms","level":"stat"}
{"@timestamp":"2026-03-08T16:45:49.983+08:00","caller":"stat/usage.go:82","content":"CPU: 0m, MEMORY: Alloc=6.2Mi, TotalAlloc=35.9Mi, Sys=24.6Mi, NumGC=81","level":"stat"}
{"@timestamp":"2026-03-08T16:45:50.226+08:00","caller":"load/sheddingstat.go:61","content":"(api) shedding_stat [1m], cpu: 0, total: 0, pass: 0, drop: 0","level":"stat"}
{"@timestamp":"2026-03-08T16:46:06.306+08:00","caller":"stat/metrics.go:210","content":"(croupier-server) - qps: 0.0/s, drops: 0, avg time: 0.0ms, med: 0.0ms, 90th: 0.0ms, 99th: 0.0ms, 99.9th: 0.0ms","level":"stat"}
{"@timestamp":"2026-03-08T16:46:49.983+08:00","caller":"stat/usage.go:82","content":"CPU: 0m, MEMORY: Alloc=6.3Mi, TotalAlloc=35.9Mi, Sys=24.6Mi, NumGC=81","level":"stat"}
{"@timestamp":"2026-03-08T16:46:50.226+08:00","caller":"load/sheddingstat.go:61","content":"(api) shedding_stat [1m], cpu: 0, total: 0, pass: 0, drop: 0","level":"stat"}
{"@timestamp":"2026-03-08T16:47:06.306+08:00","caller":"stat/metrics.go:210","content":"(croupier-server) - qps: 0.0/s, drops: 0, avg time: 0.0ms, med: 0.0ms, 90th: 0.0ms, 99th: 0.0ms, 99.9th: 0.0ms","level":"stat"}
{"@timestamp":"2026-03-08T16:47:49.983+08:00","caller":"stat/usage.go:82","content":"CPU: 0m, MEMORY: Alloc=6.2Mi, TotalAlloc=36.1Mi, Sys=24.6Mi, NumGC=82","level":"stat"}
{"@timestamp":"2026-03-08T16:47:50.226+08:00","caller":"load/sheddingstat.go:61","content":"(api) shedding_stat [1m], cpu: 0, total: 0, pass: 0, drop: 0","level":"stat"}
{"@timestamp":"2026-03-08T16:48:06.306+08:00","caller":"stat/metrics.go:210","content":"(croupier-server) - qps: 0.0/s, drops: 0, avg time: 0.0ms, med: 0.0ms, 90th: 0.0ms, 99th: 0.0ms, 99.9th: 0.0ms","level":"stat"}
{"@timestamp":"2026-03-08T16:48:49.983+08:00","caller":"stat/usage.go:82","content":"CPU: 0m, MEMORY: Alloc=6.3Mi, TotalAlloc=36.1Mi, Sys=24.6Mi, NumGC=82","level":"stat"}
{"@timestamp":"2026-03-08T16:48:50.226+08:00","caller":"load/sheddingstat.go:61","content":"(api) shedding_stat [1m], cpu: 0, total: 0, pass: 0, drop: 0","level":"stat"}
{"@timestamp":"2026-03-08T16:49:06.306+08:00","caller":"stat/metrics.go:210","content":"(croupier-server) - qps: 0.0/s, drops: 0, avg time: 0.0ms, med: 0.0ms, 90th: 0.0ms, 99th: 0.0ms, 99.9th: 0.0ms","level":"stat"}
{"@timestamp":"2026-03-08T16:49:49.983+08:00","caller":"stat/usage.go:82","content":"CPU: 0m, MEMORY: Alloc=6.2Mi, TotalAlloc=36.3Mi, Sys=24.6Mi, NumGC=83","level":"stat"}
{"@timestamp":"2026-03-08T16:49:50.226+08:00","caller":"load/sheddingstat.go:61","content":"(api) shedding_stat [1m], cpu: 0, total: 0, pass: 0, drop: 0","level":"stat"}
{"@timestamp":"2026-03-08T16:50:06.306+08:00","caller":"stat/metrics.go:210","content":"(croupier-server) - qps: 0.0/s, drops: 0, avg time: 0.0ms, med: 0.0ms, 90th: 0.0ms, 99th: 0.0ms, 99.9th: 0.0ms","level":"stat"}
{"@timestamp":"2026-03-08T16:50:49.983+08:00","caller":"stat/usage.go:82","content":"CPU: 0m, MEMORY: Alloc=6.3Mi, TotalAlloc=36.3Mi, Sys=24.6Mi, NumGC=83","level":"stat"}
{"@timestamp":"2026-03-08T16:50:50.226+08:00","caller":"load/sheddingstat.go:61","content":"(api) shedding_stat [1m], cpu: 0, total: 0, pass: 0, drop: 0","level":"stat"}
{"@timestamp":"2026-03-08T16:51:06.306+08:00","caller":"stat/metrics.go:210","content":"(croupier-server) - qps: 0.0/s, drops: 0, avg time: 0.0ms, med: 0.0ms, 90th: 0.0ms, 99th: 0.0ms, 99.9th: 0.0ms","level":"stat"}
{"@timestamp":"2026-03-08T16:51:49.983+08:00","caller":"stat/usage.go:82","content":"CPU: 0m, MEMORY: Alloc=6.3Mi, TotalAlloc=36.4Mi, Sys=24.6Mi, NumGC=84","level":"stat"}
{"@timestamp":"2026-03-08T16:51:50.226+08:00","caller":"load/sheddingstat.go:61","content":"(api) shedding_stat [1m], cpu: 0, total: 0, pass: 0, drop: 0","level":"stat"}
{"@timestamp":"2026-03-08T16:52:06.306+08:00","caller":"stat/metrics.go:210","content":"(croupier-server) - qps: 0.0/s, drops: 0, avg time: 0.0ms, med: 0.0ms, 90th: 0.0ms, 99th: 0.0ms, 99.9th: 0.0ms","level":"stat"}
{"@timestamp":"2026-03-08T16:52:49.983+08:00","caller":"stat/usage.go:82","content":"CPU: 0m, MEMORY: Alloc=6.3Mi, TotalAlloc=36.5Mi, Sys=24.6Mi, NumGC=84","level":"stat"}
{"@timestamp":"2026-03-08T16:52:50.226+08:00","caller":"load/sheddingstat.go:61","content":"(api) shedding_stat [1m], cpu: 0, total: 0, pass: 0, drop: 0","level":"stat"}
{"@timestamp":"2026-03-08T16:53:06.306+08:00","caller":"stat/metrics.go:210","content":"(croupier-server) - qps: 0.0/s, drops: 0, avg time: 0.0ms, med: 0.0ms, 90th: 0.0ms, 99th: 0.0ms, 99.9th: 0.0ms","level":"stat"}
{"@timestamp":"2026-03-08T16:53:49.983+08:00","caller":"stat/usage.go:82","content":"CPU: 0m, MEMORY: Alloc=6.2Mi, TotalAlloc=36.6Mi, Sys=24.6Mi, NumGC=85","level":"stat"}
{"@timestamp":"2026-03-08T16:53:50.226+08:00","caller":"load/sheddingstat.go:61","content":"(api) shedding_stat [1m], cpu: 0, total: 0, pass: 0, drop: 0","level":"stat"}
{"@timestamp":"2026-03-08T16:54:06.306+08:00","caller":"stat/metrics.go:210","content":"(croupier-server) - qps: 0.0/s, drops: 0, avg time: 0.0ms, med: 0.0ms, 90th: 0.0ms, 99th: 0.0ms, 99.9th: 0.0ms","level":"stat"}
{"@timestamp":"2026-03-08T16:54:49.983+08:00","caller":"stat/usage.go:82","content":"CPU: 0m, MEMORY: Alloc=6.3Mi, TotalAlloc=36.7Mi, Sys=24.6Mi, NumGC=85","level":"stat"}
{"@timestamp":"2026-03-08T16:54:50.226+08:00","caller":"load/sheddingstat.go:61","content":"(api) shedding_stat [1m], cpu: 0, total: 0, pass: 0, drop: 0","level":"stat"}
{"@timestamp":"2026-03-08T16:55:06.306+08:00","caller":"stat/metrics.go:210","content":"(croupier-server) - qps: 0.0/s, drops: 0, avg time: 0.0ms, med: 0.0ms, 90th: 0.0ms, 99th: 0.0ms, 99.9th: 0.0ms","level":"stat"}
{"@timestamp":"2026-03-08T16:55:49.983+08:00","caller":"stat/usage.go:82","content":"CPU: 0m, MEMORY: Alloc=6.2Mi, TotalAlloc=36.8Mi, Sys=24.6Mi, NumGC=86","level":"stat"}
{"@timestamp":"2026-03-08T16:55:50.226+08:00","caller":"load/sheddingstat.go:61","content":"(api) shedding_stat [1m], cpu: 0, total: 0, pass: 0, drop: 0","level":"stat"}
{"@timestamp":"2026-03-08T16:56:06.306+08:00","caller":"stat/metrics.go:210","content":"(croupier-server) - qps: 0.0/s, drops: 0, avg time: 0.0ms, med: 0.0ms, 90th: 0.0ms, 99th: 0.0ms, 99.9th: 0.0ms","level":"stat"}
{"@timestamp":"2026-03-08T16:56:49.983+08:00","caller":"stat/usage.go:82","content":"CPU: 0m, MEMORY: Alloc=6.3Mi, TotalAlloc=36.8Mi, Sys=24.6Mi, NumGC=86","level":"stat"}
{"@timestamp":"2026-03-08T16:56:50.226+08:00","caller":"load/sheddingstat.go:61","content":"(api) shedding_stat [1m], cpu: 0, total: 0, pass: 0, drop: 0","level":"stat"}
{"@timestamp":"2026-03-08T16:57:06.306+08:00","caller":"stat/metrics.go:210","content":"(croupier-server) - qps: 0.0/s, drops: 0, avg time: 0.0ms, med: 0.0ms, 90th: 0.0ms, 99th: 0.0ms, 99.9th: 0.0ms","level":"stat"}
{"@timestamp":"2026-03-08T16:57:49.983+08:00","caller":"stat/usage.go:82","content":"CPU: 0m, MEMORY: Alloc=6.2Mi, TotalAlloc=37.0Mi, Sys=24.6Mi, NumGC=87","level":"stat"}
{"@timestamp":"2026-03-08T16:57:50.226+08:00","caller":"load/sheddingstat.go:61","content":"(api) shedding_stat [1m], cpu: 0, total: 0, pass: 0, drop: 0","level":"stat"}
{"@timestamp":"2026-03-08T16:58:06.306+08:00","caller":"stat/metrics.go:210","content":"(croupier-server) - qps: 0.0/s, drops: 0, avg time: 0.0ms, med: 0.0ms, 90th: 0.0ms, 99th: 0.0ms, 99.9th: 0.0ms","level":"stat"}
{"@timestamp":"2026-03-08T16:58:49.983+08:00","caller":"stat/usage.go:82","content":"CPU: 0m, MEMORY: Alloc=6.3Mi, TotalAlloc=37.0Mi, Sys=24.6Mi, NumGC=87","level":"stat"}
{"@timestamp":"2026-03-08T16:58:50.226+08:00","caller":"load/sheddingstat.go:61","content":"(api) shedding_stat [1m], cpu: 0, total: 0, pass: 0, drop: 0","level":"stat"}
{"@timestamp":"2026-03-08T16:59:06.306+08:00","caller":"stat/metrics.go:210","content":"(croupier-server) - qps: 0.0/s, drops: 0, avg time: 0.0ms, med: 0.0ms, 90th: 0.0ms, 99th: 0.0ms, 99.9th: 0.0ms","level":"stat"}
{"@timestamp":"2026-03-08T16:59:49.983+08:00","caller":"stat/usage.go:82","content":"CPU: 0m, MEMORY: Alloc=6.2Mi, TotalAlloc=37.2Mi, Sys=24.6Mi, NumGC=88","level":"stat"}
{"@timestamp":"2026-03-08T16:59:50.226+08:00","caller":"load/sheddingstat.go:61","content":"(api) shedding_stat [1m], cpu: 0, total: 0, pass: 0, drop: 0","level":"stat"}
{"@timestamp":"2026-03-08T17:00:06.306+08:00","caller":"stat/metrics.go:210","content":"(croupier-server) - qps: 0.0/s, drops: 0, avg time: 0.0ms, med: 0.0ms, 90th: 0.0ms, 99th: 0.0ms, 99.9th: 0.0ms","level":"stat"}
{"@timestamp":"2026-03-08T17:00:49.983+08:00","caller":"stat/usage.go:82","content":"CPU: 0m, MEMORY: Alloc=6.3Mi, TotalAlloc=37.2Mi, Sys=24.6Mi, NumGC=88","level":"stat"}
{"@timestamp":"2026-03-08T17:00:50.226+08:00","caller":"load/sheddingstat.go:61","content":"(api) shedding_stat [1m], cpu: 0, total: 0, pass: 0, drop: 0","level":"stat"}
{"@timestamp":"2026-03-08T17:01:06.306+08:00","caller":"stat/metrics.go:210","content":"(croupier-server) - qps: 0.0/s, drops: 0, avg time: 0.0ms, med: 0.0ms, 90th: 0.0ms, 99th: 0.0ms, 99.9th: 0.0ms","level":"stat"}
{"@timestamp":"2026-03-08T17:01:49.983+08:00","caller":"stat/usage.go:82","content":"CPU: 0m, MEMORY: Alloc=6.2Mi, TotalAlloc=37.4Mi, Sys=24.6Mi, NumGC=89","level":"stat"}
{"@timestamp":"2026-03-08T17:01:50.226+08:00","caller":"load/sheddingstat.go:61","content":"(api) shedding_stat [1m], cpu: 0, total: 0, pass: 0, drop: 0","level":"stat"}
{"@timestamp":"2026-03-08T17:02:06.306+08:00","caller":"stat/metrics.go:210","content":"(croupier-server) - qps: 0.0/s, drops: 0, avg time: 0.0ms, med: 0.0ms, 90th: 0.0ms, 99th: 0.0ms, 99.9th: 0.0ms","level":"stat"}
{"@timestamp":"2026-03-08T17:02:49.983+08:00","caller":"stat/usage.go:82","content":"CPU: 0m, MEMORY: Alloc=6.3Mi, TotalAlloc=37.4Mi, Sys=24.6Mi, NumGC=89","level":"stat"}
{"@timestamp":"2026-03-08T17:02:50.226+08:00","caller":"load/sheddingstat.go:61","content":"(api) shedding_stat [1m], cpu: 0, total: 0, pass: 0, drop: 0","level":"stat"}
{"@timestamp":"2026-03-08T17:03:06.306+08:00","caller":"stat/metrics.go:210","content":"(croupier-server) - qps: 0.0/s, drops: 0, avg time: 0.0ms, med: 0.0ms, 90th: 0.0ms, 99th: 0.0ms, 99.9th: 0.0ms","level":"stat"}
{"@timestamp":"2026-03-08T17:03:49.983+08:00","caller":"stat/usage.go:82","content":"CPU: 0m, MEMORY: Alloc=6.2Mi, TotalAlloc=37.6Mi, Sys=24.6Mi, NumGC=90","level":"stat"}
{"@timestamp":"2026-03-08T17:03:50.226+08:00","caller":"load/sheddingstat.go:61","content":"(api) shedding_stat [1m], cpu: 0, total: 0, pass: 0, drop: 0","level":"stat"}
{"@timestamp":"2026-03-08T17:04:06.306+08:00","caller":"stat/metrics.go:210","content":"(croupier-server) - qps: 0.0/s, drops: 0, avg time: 0.0ms, med: 0.0ms, 90th: 0.0ms, 99th: 0.0ms, 99.9th: 0.0ms","level":"stat"}
{"@timestamp":"2026-03-08T17:04:49.983+08:00","caller":"stat/usage.go:82","content":"CPU: 0m, MEMORY: Alloc=6.3Mi, TotalAlloc=37.6Mi, Sys=24.6Mi, NumGC=90","level":"stat"}
{"@timestamp":"2026-03-08T17:04:50.226+08:00","caller":"load/sheddingstat.go:61","content":"(api) shedding_stat [1m], cpu: 0, total: 0, pass: 0, drop: 0","level":"stat"}
{"@timestamp":"2026-03-08T17:05:06.306+08:00","caller":"stat/metrics.go:210","content":"(croupier-server) - qps: 0.0/s, drops: 0, avg time: 0.0ms, med: 0.0ms, 90th: 0.0ms, 99th: 0.0ms, 99.9th: 0.0ms","level":"stat"}
{"@timestamp":"2026-03-08T17:05:49.983+08:00","caller":"stat/usage.go:82","content":"CPU: 0m, MEMORY: Alloc=6.2Mi, TotalAlloc=37.7Mi, Sys=24.6Mi, NumGC=91","level":"stat"}
{"@timestamp":"2026-03-08T17:05:50.226+08:00","caller":"load/sheddingstat.go:61","content":"(api) shedding_stat [1m], cpu: 0, total: 0, pass: 0, drop: 0","level":"stat"}
{"@timestamp":"2026-03-08T17:06:06.306+08:00","caller":"stat/metrics.go:210","content":"(croupier-server) - qps: 0.0/s, drops: 0, avg time: 0.0ms, med: 0.0ms, 90th: 0.0ms, 99th: 0.0ms, 99.9th: 0.0ms","level":"stat"}
{"@timestamp":"2026-03-08T17:06:49.983+08:00","caller":"stat/usage.go:82","content":"CPU: 0m, MEMORY: Alloc=6.3Mi, TotalAlloc=37.8Mi, Sys=24.6Mi, NumGC=91","level":"stat"}
{"@timestamp":"2026-03-08T17:06:50.226+08:00","caller":"load/sheddingstat.go:61","content":"(api) shedding_stat [1m], cpu: 0, total: 0, pass: 0, drop: 0","level":"stat"}
{"@timestamp":"2026-03-08T17:07:06.306+08:00","caller":"stat/metrics.go:210","content":"(croupier-server) - qps: 0.0/s, drops: 0, avg time: 0.0ms, med: 0.0ms, 90th: 0.0ms, 99th: 0.0ms, 99.9th: 0.0ms","level":"stat"}
{"@timestamp":"2026-03-08T17:07:49.983+08:00","caller":"stat/usage.go:82","content":"CPU: 0m, MEMORY: Alloc=6.2Mi, TotalAlloc=37.9Mi, Sys=24.6Mi, NumGC=92","level":"stat"}
{"@timestamp":"2026-03-08T17:07:50.226+08:00","caller":"load/sheddingstat.go:61","content":"(api) shedding_stat [1m], cpu: 0, total: 0, pass: 0, drop: 0","level":"stat"}
{"@timestamp":"2026-03-08T17:08:06.306+08:00","caller":"stat/metrics.go:210","content":"(croupier-server) - qps: 0.0/s, drops: 0, avg time: 0.0ms, med: 0.0ms, 90th: 0.0ms, 99th: 0.0ms, 99.9th: 0.0ms","level":"stat"}
{"@timestamp":"2026-03-08T17:08:49.983+08:00","caller":"stat/usage.go:82","content":"CPU: 0m, MEMORY: Alloc=6.3Mi, TotalAlloc=38.0Mi, Sys=24.6Mi, NumGC=92","level":"stat"}
{"@timestamp":"2026-03-08T17:08:50.226+08:00","caller":"load/sheddingstat.go:61","content":"(api) shedding_stat [1m], cpu: 0, total: 0, pass: 0, drop: 0","level":"stat"}
{"@timestamp":"2026-03-08T17:09:06.306+08:00","caller":"stat/metrics.go:210","content":"(croupier-server) - qps: 0.0/s, drops: 0, avg time: 0.0ms, med: 0.0ms, 90th: 0.0ms, 99th: 0.0ms, 99.9th: 0.0ms","level":"stat"}
{"@timestamp":"2026-03-08T17:09:49.983+08:00","caller":"stat/usage.go:82","content":"CPU: 0m, MEMORY: Alloc=6.2Mi, TotalAlloc=38.1Mi, Sys=24.6Mi, NumGC=93","level":"stat"}
{"@timestamp":"2026-03-08T17:09:50.226+08:00","caller":"load/sheddingstat.go:61","content":"(api) shedding_stat [1m], cpu: 0, total: 0, pass: 0, drop: 0","level":"stat"}
{"@timestamp":"2026-03-08T17:10:06.306+08:00","caller":"stat/metrics.go:210","content":"(croupier-server) - qps: 0.0/s, drops: 0, avg time: 0.0ms, med: 0.0ms, 90th: 0.0ms, 99th: 0.0ms, 99.9th: 0.0ms","level":"stat"}
{"@timestamp":"2026-03-08T17:10:49.983+08:00","caller":"stat/usage.go:82","content":"CPU: 0m, MEMORY: Alloc=6.3Mi, TotalAlloc=38.1Mi, Sys=24.6Mi, NumGC=93","level":"stat"}
{"@timestamp":"2026-03-08T17:10:50.226+08:00","caller":"load/sheddingstat.go:61","content":"(api) shedding_stat [1m], cpu: 0, total: 0, pass: 0, drop: 0","level":"stat"}
{"@timestamp":"2026-03-08T17:11:06.306+08:00","caller":"stat/metrics.go:210","content":"(croupier-server) - qps: 0.0/s, drops: 0, avg time: 0.0ms, med: 0.0ms, 90th: 0.0ms, 99th: 0.0ms, 99.9th: 0.0ms","level":"stat"}
{"@timestamp":"2026-03-08T17:11:49.983+08:00","caller":"stat/usage.go:82","content":"CPU: 0m, MEMORY: Alloc=6.3Mi, TotalAlloc=38.3Mi, Sys=24.6Mi, NumGC=94","level":"stat"}
{"@timestamp":"2026-03-08T17:11:50.226+08:00","caller":"load/sheddingstat.go:61","content":"(api) shedding_stat [1m], cpu: 0, total: 0, pass: 0, drop: 0","level":"stat"}
{"@timestamp":"2026-03-08T17:12:06.306+08:00","caller":"stat/metrics.go:210","content":"(croupier-server) - qps: 0.0/s, drops: 0, avg time: 0.0ms, med: 0.0ms, 90th: 0.0ms, 99th: 0.0ms, 99.9th: 0.0ms","level":"stat"}
{"@timestamp":"2026-03-08T17:12:49.983+08:00","caller":"stat/usage.go:82","content":"CPU: 0m, MEMORY: Alloc=6.3Mi, TotalAlloc=38.3Mi, Sys=24.6Mi, NumGC=94","level":"stat"}
{"@timestamp":"2026-03-08T17:12:50.226+08:00","caller":"load/sheddingstat.go:61","content":"(api) shedding_stat [1m], cpu: 0, total: 0, pass: 0, drop: 0","level":"stat"}
{"@timestamp":"2026-03-08T17:13:06.306+08:00","caller":"stat/metrics.go:210","content":"(croupier-server) - qps: 0.0/s, drops: 0, avg time: 0.0ms, med: 0.0ms, 90th: 0.0ms, 99th: 0.0ms, 99.9th: 0.0ms","level":"stat"}
{"@timestamp":"2026-03-08T17:13:49.983+08:00","caller":"stat/usage.go:82","content":"CPU: 0m, MEMORY: Alloc=6.2Mi, TotalAlloc=38.5Mi, Sys=24.6Mi, NumGC=95","level":"stat"}
{"@timestamp":"2026-03-08T17:13:50.226+08:00","caller":"load/sheddingstat.go:61","content":"(api) shedding_stat [1m], cpu: 0, total: 0, pass: 0, drop: 0","level":"stat"}
{"@timestamp":"2026-03-08T17:14:06.306+08:00","caller":"stat/metrics.go:210","content":"(croupier-server) - qps: 0.0/s, drops: 0, avg time: 0.0ms, med: 0.0ms, 90th: 0.0ms, 99th: 0.0ms, 99.9th: 0.0ms","level":"stat"}
{"@timestamp":"2026-03-08T17:14:49.983+08:00","caller":"stat/usage.go:82","content":"CPU: 0m, MEMORY: Alloc=6.3Mi, TotalAlloc=38.5Mi, Sys=24.6Mi, NumGC=95","level":"stat"}
{"@timestamp":"2026-03-08T17:14:50.226+08:00","caller":"load/sheddingstat.go:61","content":"(api) shedding_stat [1m], cpu: 0, total: 0, pass: 0, drop: 0","level":"stat"}
{"@timestamp":"2026-03-08T17:15:06.306+08:00","caller":"stat/metrics.go:210","content":"(croupier-server) - qps: 0.0/s, drops: 0, avg time: 0.0ms, med: 0.0ms, 90th: 0.0ms, 99th: 0.0ms, 99.9th: 0.0ms","level":"stat"}
{"@timestamp":"2026-03-08T17:15:49.983+08:00","caller":"stat/usage.go:82","content":"CPU: 0m, MEMORY: Alloc=6.2Mi, TotalAlloc=38.7Mi, Sys=24.6Mi, NumGC=96","level":"stat"}
{"@timestamp":"2026-03-08T17:15:50.226+08:00","caller":"load/sheddingstat.go:61","content":"(api) shedding_stat [1m], cpu: 0, total: 0, pass: 0, drop: 0","level":"stat"}
{"@timestamp":"2026-03-08T17:16:06.306+08:00","caller":"stat/metrics.go:210","content":"(croupier-server) - qps: 0.0/s, drops: 0, avg time: 0.0ms, med: 0.0ms, 90th: 0.0ms, 99th: 0.0ms, 99.9th: 0.0ms","level":"stat"}
{"@timestamp":"2026-03-08T17:16:49.983+08:00","caller":"stat/usage.go:82","content":"CPU: 0m, MEMORY: Alloc=6.3Mi, TotalAlloc=38.7Mi, Sys=24.6Mi, NumGC=96","level":"stat"}
{"@timestamp":"2026-03-08T17:16:50.226+08:00","caller":"load/sheddingstat.go:61","content":"(api) shedding_stat [1m], cpu: 0, total: 0, pass: 0, drop: 0","level":"stat"}
{"@timestamp":"2026-03-08T17:17:06.306+08:00","caller":"stat/metrics.go:210","content":"(croupier-server) - qps: 0.0/s, drops: 0, avg time: 0.0ms, med: 0.0ms, 90th: 0.0ms, 99th: 0.0ms, 99.9th: 0.0ms","level":"stat"}
{"@timestamp":"2026-03-08T17:17:49.983+08:00","caller":"stat/usage.go:82","content":"CPU: 0m, MEMORY: Alloc=6.2Mi, TotalAlloc=38.8Mi, Sys=24.6Mi, NumGC=97","level":"stat"}
{"@timestamp":"2026-03-08T17:17:50.226+08:00","caller":"load/sheddingstat.go:61","content":"(api) shedding_stat [1m], cpu: 0, total: 0, pass: 0, drop: 0","level":"stat"}
{"@timestamp":"2026-03-08T17:18:06.306+08:00","caller":"stat/metrics.go:210","content":"(croupier-server) - qps: 0.0/s, drops: 0, avg time: 0.0ms, med: 0.0ms, 90th: 0.0ms, 99th: 0.0ms, 99.9th: 0.0ms","level":"stat"}
{"@timestamp":"2026-03-08T17:18:49.983+08:00","caller":"stat/usage.go:82","content":"CPU: 0m, MEMORY: Alloc=6.3Mi, TotalAlloc=38.9Mi, Sys=24.6Mi, NumGC=97","level":"stat"}
{"@timestamp":"2026-03-08T17:18:50.225+08:00","caller":"load/sheddingstat.go:61","content":"(api) shedding_stat [1m], cpu: 0, total: 0, pass: 0, drop: 0","level":"stat"}
{"@timestamp":"2026-03-08T17:19:06.306+08:00","caller":"stat/metrics.go:210","content":"(croupier-server) - qps: 0.0/s, drops: 0, avg time: 0.0ms, med: 0.0ms, 90th: 0.0ms, 99th: 0.0ms, 99.9th: 0.0ms","level":"stat"}
{"@timestamp":"2026-03-08T17:19:49.983+08:00","caller":"stat/usage.go:82","content":"CPU: 0m, MEMORY: Alloc=6.2Mi, TotalAlloc=39.0Mi, Sys=24.6Mi, NumGC=98","level":"stat"}
{"@timestamp":"2026-03-08T17:19:50.226+08:00","caller":"load/sheddingstat.go:61","content":"(api) shedding_stat [1m], cpu: 0, total: 0, pass: 0, drop: 0","level":"stat"}
{"@timestamp":"2026-03-08T17:20:06.306+08:00","caller":"stat/metrics.go:210","content":"(croupier-server) - qps: 0.0/s, drops: 0, avg time: 0.0ms, med: 0.0ms, 90th: 0.0ms, 99th: 0.0ms, 99.9th: 0.0ms","level":"stat"}
{"@timestamp":"2026-03-08T17:20:49.983+08:00","caller":"stat/usage.go:82","content":"CPU: 0m, MEMORY: Alloc=6.3Mi, TotalAlloc=39.1Mi, Sys=24.6Mi, NumGC=98","level":"stat"}
{"@timestamp":"2026-03-08T17:20:50.226+08:00","caller":"load/sheddingstat.go:61","content":"(api) shedding_stat [1m], cpu: 0, total: 0, pass: 0, drop: 0","level":"stat"}
{"@timestamp":"2026-03-08T17:21:06.306+08:00","caller":"stat/metrics.go:210","content":"(croupier-server) - qps: 0.0/s, drops: 0, avg time: 0.0ms, med: 0.0ms, 90th: 0.0ms, 99th: 0.0ms, 99.9th: 0.0ms","level":"stat"}
{"@timestamp":"2026-03-08T17:21:49.983+08:00","caller":"stat/usage.go:82","content":"CPU: 0m, MEMORY: Alloc=6.2Mi, TotalAlloc=39.2Mi, Sys=24.6Mi, NumGC=99","level":"stat"}
{"@timestamp":"2026-03-08T17:21:50.226+08:00","caller":"load/sheddingstat.go:61","content":"(api) shedding_stat [1m], cpu: 0, total: 0, pass: 0, drop: 0","level":"stat"}
{"@timestamp":"2026-03-08T17:22:06.306+08:00","caller":"stat/metrics.go:210","content":"(croupier-server) - qps: 0.0/s, drops: 0, avg time: 0.0ms, med: 0.0ms, 90th: 0.0ms, 99th: 0.0ms, 99.9th: 0.0ms","level":"stat"}
{"@timestamp":"2026-03-08T17:22:49.983+08:00","caller":"stat/usage.go:82","content":"CPU: 0m, MEMORY: Alloc=6.3Mi, TotalAlloc=39.3Mi, Sys=24.6Mi, NumGC=99","level":"stat"}
{"@timestamp":"2026-03-08T17:22:50.226+08:00","caller":"load/sheddingstat.go:61","content":"(api) shedding_stat [1m], cpu: 0, total: 0, pass: 0, drop: 0","level":"stat"}
{"@timestamp":"2026-03-08T17:23:06.306+08:00","caller":"stat/metrics.go:210","content":"(croupier-server) - qps: 0.0/s, drops: 0, avg time: 0.0ms, med: 0.0ms, 90th: 0.0ms, 99th: 0.0ms, 99.9th: 0.0ms","level":"stat"}
{"@timestamp":"2026-03-08T17:23:49.983+08:00","caller":"stat/usage.go:82","content":"CPU: 0m, MEMORY: Alloc=6.3Mi, TotalAlloc=39.4Mi, Sys=24.6Mi, NumGC=100","level":"stat"}
{"@timestamp":"2026-03-08T17:23:50.226+08:00","caller":"load/sheddingstat.go:61","content":"(api) shedding_stat [1m], cpu: 0, total: 0, pass: 0, drop: 0","level":"stat"}
{"@timestamp":"2026-03-08T17:24:06.306+08:00","caller":"stat/metrics.go:210","content":"(croupier-server) - qps: 0.0/s, drops: 0, avg time: 0.0ms, med: 0.0ms, 90th: 0.0ms, 99th: 0.0ms, 99.9th: 0.0ms","level":"stat"}
{"@timestamp":"2026-03-08T17:24:49.983+08:00","caller":"stat/usage.go:82","content":"CPU: 0m, MEMORY: Alloc=6.3Mi, TotalAlloc=39.4Mi, Sys=24.6Mi, NumGC=100","level":"stat"}
{"@timestamp":"2026-03-08T17:24:50.226+08:00","caller":"load/sheddingstat.go:61","content":"(api) shedding_stat [1m], cpu: 0, total: 0, pass: 0, drop: 0","level":"stat"}
{"@timestamp":"2026-03-08T17:25:06.306+08:00","caller":"stat/metrics.go:210","content":"(croupier-server) - qps: 0.0/s, drops: 0, avg time: 0.0ms, med: 0.0ms, 90th: 0.0ms, 99th: 0.0ms, 99.9th: 0.0ms","level":"stat"}
{"@timestamp":"2026-03-08T17:25:49.983+08:00","caller":"stat/usage.go:82","content":"CPU: 0m, MEMORY: Alloc=6.3Mi, TotalAlloc=39.6Mi, Sys=24.6Mi, NumGC=101","level":"stat"}
{"@timestamp":"2026-03-08T17:25:50.226+08:00","caller":"load/sheddingstat.go:61","content":"(api) shedding_stat [1m], cpu: 0, total: 0, pass: 0, drop: 0","level":"stat"}
{"@timestamp":"2026-03-08T17:26:06.306+08:00","caller":"stat/metrics.go:210","content":"(croupier-server) - qps: 0.0/s, drops: 0, avg time: 0.0ms, med: 0.0ms, 90th: 0.0ms, 99th: 0.0ms, 99.9th: 0.0ms","level":"stat"}
{"@timestamp":"2026-03-08T17:26:49.983+08:00","caller":"stat/usage.go:82","content":"CPU: 0m, MEMORY: Alloc=6.3Mi, TotalAlloc=39.6Mi, Sys=24.6Mi, NumGC=101","level":"stat"}
{"@timestamp":"2026-03-08T17:26:50.226+08:00","caller":"load/sheddingstat.go:61","content":"(api) shedding_stat [1m], cpu: 0, total: 0, pass: 0, drop: 0","level":"stat"}
{"@timestamp":"2026-03-08T17:27:06.306+08:00","caller":"stat/metrics.go:210","content":"(croupier-server) - qps: 0.0/s, drops: 0, avg time: 0.0ms, med: 0.0ms, 90th: 0.0ms, 99th: 0.0ms, 99.9th: 0.0ms","level":"stat"}
{"@timestamp":"2026-03-08T17:27:49.983+08:00","caller":"stat/usage.go:82","content":"CPU: 0m, MEMORY: Alloc=6.3Mi, TotalAlloc=39.8Mi, Sys=24.6Mi, NumGC=102","level":"stat"}
{"@timestamp":"2026-03-08T17:27:50.226+08:00","caller":"load/sheddingstat.go:61","content":"(api) shedding_stat [1m], cpu: 0, total: 0, pass: 0, drop: 0","level":"stat"}
{"@timestamp":"2026-03-08T17:28:06.306+08:00","caller":"stat/metrics.go:210","content":"(croupier-server) - qps: 0.0/s, drops: 0, avg time: 0.0ms, med: 0.0ms, 90th: 0.0ms, 99th: 0.0ms, 99.9th: 0.0ms","level":"stat"}
{"@timestamp":"2026-03-08T17:28:49.983+08:00","caller":"stat/usage.go:82","content":"CPU: 0m, MEMORY: Alloc=6.3Mi, TotalAlloc=39.8Mi, Sys=24.6Mi, NumGC=102","level":"stat"}
{"@timestamp":"2026-03-08T17:28:50.226+08:00","caller":"load/sheddingstat.go:61","content":"(api) shedding_stat [1m], cpu: 0, total: 0, pass: 0, drop: 0","level":"stat"}
{"@timestamp":"2026-03-08T17:29:06.306+08:00","caller":"stat/metrics.go:210","content":"(croupier-server) - qps: 0.0/s, drops: 0, avg time: 0.0ms, med: 0.0ms, 90th: 0.0ms, 99th: 0.0ms, 99.9th: 0.0ms","level":"stat"}
{"@timestamp":"2026-03-08T17:29:49.983+08:00","caller":"stat/usage.go:82","content":"CPU: 0m, MEMORY: Alloc=6.3Mi, TotalAlloc=40.0Mi, Sys=24.6Mi, NumGC=103","level":"stat"}
{"@timestamp":"2026-03-08T17:29:50.226+08:00","caller":"load/sheddingstat.go:61","content":"(api) shedding_stat [1m], cpu: 0, total: 0, pass: 0, drop: 0","level":"stat"}
{"@timestamp":"2026-03-08T17:30:06.306+08:00","caller":"stat/metrics.go:210","content":"(croupier-server) - qps: 0.0/s, drops: 0, avg time: 0.0ms, med: 0.0ms, 90th: 0.0ms, 99th: 0.0ms, 99.9th: 0.0ms","level":"stat"}
{"@timestamp":"2026-03-08T17:30:49.983+08:00","caller":"stat/usage.go:82","content":"CPU: 0m, MEMORY: Alloc=6.3Mi, TotalAlloc=40.0Mi, Sys=24.6Mi, NumGC=103","level":"stat"}
{"@timestamp":"2026-03-08T17:30:50.226+08:00","caller":"load/sheddingstat.go:61","content":"(api) shedding_stat [1m], cpu: 0, total: 0, pass: 0, drop: 0","level":"stat"}
{"@timestamp":"2026-03-08T17:31:06.306+08:00","caller":"stat/metrics.go:210","content":"(croupier-server) - qps: 0.0/s, drops: 0, avg time: 0.0ms, med: 0.0ms, 90th: 0.0ms, 99th: 0.0ms, 99.9th: 0.0ms","level":"stat"}
{"@timestamp":"2026-03-08T17:31:49.983+08:00","caller":"stat/usage.go:82","content":"CPU: 0m, MEMORY: Alloc=6.3Mi, TotalAlloc=40.1Mi, Sys=24.6Mi, NumGC=104","level":"stat"}
{"@timestamp":"2026-03-08T17:31:50.226+08:00","caller":"load/sheddingstat.go:61","content":"(api) shedding_stat [1m], cpu: 0, total: 0, pass: 0, drop: 0","level":"stat"}
{"@timestamp":"2026-03-08T17:32:06.306+08:00","caller":"stat/metrics.go:210","content":"(croupier-server) - qps: 0.0/s, drops: 0, avg time: 0.0ms, med: 0.0ms, 90th: 0.0ms, 99th: 0.0ms, 99.9th: 0.0ms","level":"stat"}
{"@timestamp":"2026-03-08T17:32:49.983+08:00","caller":"stat/usage.go:82","content":"CPU: 0m, MEMORY: Alloc=6.3Mi, TotalAlloc=40.2Mi, Sys=24.6Mi, NumGC=104","level":"stat"}
{"@timestamp":"2026-03-08T17:32:50.226+08:00","caller":"load/sheddingstat.go:61","content":"(api) shedding_stat [1m], cpu: 0, total: 0, pass: 0, drop: 0","level":"stat"}
{"@timestamp":"2026-03-08T17:33:06.306+08:00","caller":"stat/metrics.go:210","content":"(croupier-server) - qps: 0.0/s, drops: 0, avg time: 0.0ms, med: 0.0ms, 90th: 0.0ms, 99th: 0.0ms, 99.9th: 0.0ms","level":"stat"}
{"@timestamp":"2026-03-08T17:33:49.983+08:00","caller":"stat/usage.go:82","content":"CPU: 0m, MEMORY: Alloc=6.3Mi, TotalAlloc=40.3Mi, Sys=24.6Mi, NumGC=105","level":"stat"}
{"@timestamp":"2026-03-08T17:33:50.226+08:00","caller":"load/sheddingstat.go:61","content":"(api) shedding_stat [1m], cpu: 0, total: 0, pass: 0, drop: 0","level":"stat"}
{"@timestamp":"2026-03-08T17:34:06.306+08:00","caller":"stat/metrics.go:210","content":"(croupier-server) - qps: 0.0/s, drops: 0, avg time: 0.0ms, med: 0.0ms, 90th: 0.0ms, 99th: 0.0ms, 99.9th: 0.0ms","level":"stat"}
{"@timestamp":"2026-03-08T17:34:49.983+08:00","caller":"stat/usage.go:82","content":"CPU: 0m, MEMORY: Alloc=6.3Mi, TotalAlloc=40.4Mi, Sys=24.6Mi, NumGC=105","level":"stat"}
{"@timestamp":"2026-03-08T17:34:50.226+08:00","caller":"load/sheddingstat.go:61","content":"(api) shedding_stat [1m], cpu: 0, total: 0, pass: 0, drop: 0","level":"stat"}
{"@timestamp":"2026-03-08T17:35:06.306+08:00","caller":"stat/metrics.go:210","content":"(croupier-server) - qps: 0.0/s, drops: 0, avg time: 0.0ms, med: 0.0ms, 90th: 0.0ms, 99th: 0.0ms, 99.9th: 0.0ms","level":"stat"}
{"@timestamp":"2026-03-08T17:35:49.983+08:00","caller":"stat/usage.go:82","content":"CPU: 0m, MEMORY: Alloc=6.3Mi, TotalAlloc=40.5Mi, Sys=24.6Mi, NumGC=106","level":"stat"}
{"@timestamp":"2026-03-08T17:35:50.226+08:00","caller":"load/sheddingstat.go:61","content":"(api) shedding_stat [1m], cpu: 0, total: 0, pass: 0, drop: 0","level":"stat"}
{"@timestamp":"2026-03-08T17:36:06.306+08:00","caller":"stat/metrics.go:210","content":"(croupier-server) - qps: 0.0/s, drops: 0, avg time: 0.0ms, med: 0.0ms, 90th: 0.0ms, 99th: 0.0ms, 99.9th: 0.0ms","level":"stat"}
{"@timestamp":"2026-03-08T17:36:49.983+08:00","caller":"stat/usage.go:82","content":"CPU: 0m, MEMORY: Alloc=6.3Mi, TotalAlloc=40.5Mi, Sys=24.6Mi, NumGC=106","level":"stat"}
{"@timestamp":"2026-03-08T17:36:50.226+08:00","caller":"load/sheddingstat.go:61","content":"(api) shedding_stat [1m], cpu: 0, total: 0, pass: 0, drop: 0","level":"stat"}
{"@timestamp":"2026-03-08T17:37:06.306+08:00","caller":"stat/metrics.go:210","content":"(croupier-server) - qps: 0.0/s, drops: 0, avg time: 0.0ms, med: 0.0ms, 90th: 0.0ms, 99th: 0.0ms, 99.9th: 0.0ms","level":"stat"}
{"@timestamp":"2026-03-08T17:37:49.983+08:00","caller":"stat/usage.go:82","content":"CPU: 0m, MEMORY: Alloc=6.3Mi, TotalAlloc=40.7Mi, Sys=24.6Mi, NumGC=107","level":"stat"}
{"@timestamp":"2026-03-08T17:37:50.226+08:00","caller":"load/sheddingstat.go:61","content":"(api) shedding_stat [1m], cpu: 0, total: 0, pass: 0, drop: 0","level":"stat"}
{"@timestamp":"2026-03-08T17:38:06.306+08:00","caller":"stat/metrics.go:210","content":"(croupier-server) - qps: 0.0/s, drops: 0, avg time: 0.0ms, med: 0.0ms, 90th: 0.0ms, 99th: 0.0ms, 99.9th: 0.0ms","level":"stat"}
{"@timestamp":"2026-03-08T17:38:49.983+08:00","caller":"stat/usage.go:82","content":"CPU: 0m, MEMORY: Alloc=6.3Mi, TotalAlloc=40.8Mi, Sys=24.6Mi, NumGC=107","level":"stat"}
{"@timestamp":"2026-03-08T17:38:50.226+08:00","caller":"load/sheddingstat.go:61","content":"(api) shedding_stat [1m], cpu: 0, total: 0, pass: 0, drop: 0","level":"stat"}
{"@timestamp":"2026-03-08T17:39:06.306+08:00","caller":"stat/metrics.go:210","content":"(croupier-server) - qps: 0.0/s, drops: 0, avg time: 0.0ms, med: 0.0ms, 90th: 0.0ms, 99th: 0.0ms, 99.9th: 0.0ms","level":"stat"}
{"@timestamp":"2026-03-08T17:39:49.983+08:00","caller":"stat/usage.go:82","content":"CPU: 0m, MEMORY: Alloc=6.3Mi, TotalAlloc=40.9Mi, Sys=24.6Mi, NumGC=108","level":"stat"}
{"@timestamp":"2026-03-08T17:39:50.226+08:00","caller":"load/sheddingstat.go:61","content":"(api) shedding_stat [1m], cpu: 0, total: 0, pass: 0, drop: 0","level":"stat"}
{"@timestamp":"2026-03-08T17:40:06.306+08:00","caller":"stat/metrics.go:210","content":"(croupier-server) - qps: 0.0/s, drops: 0, avg time: 0.0ms, med: 0.0ms, 90th: 0.0ms, 99th: 0.0ms, 99.9th: 0.0ms","level":"stat"}
{"@timestamp":"2026-03-08T17:40:49.983+08:00","caller":"stat/usage.go:82","content":"CPU: 0m, MEMORY: Alloc=6.3Mi, TotalAlloc=40.9Mi, Sys=24.6Mi, NumGC=108","level":"stat"}
{"@timestamp":"2026-03-08T17:40:50.226+08:00","caller":"load/sheddingstat.go:61","content":"(api) shedding_stat [1m], cpu: 0, total: 0, pass: 0, drop: 0","level":"stat"}
{"@timestamp":"2026-03-08T17:41:06.306+08:00","caller":"stat/metrics.go:210","content":"(croupier-server) - qps: 0.0/s, drops: 0, avg time: 0.0ms, med: 0.0ms, 90th: 0.0ms, 99th: 0.0ms, 99.9th: 0.0ms","level":"stat"}
{"@timestamp":"2026-03-08T17:41:49.983+08:00","caller":"stat/usage.go:82","content":"CPU: 0m, MEMORY: Alloc=6.3Mi, TotalAlloc=41.1Mi, Sys=24.6Mi, NumGC=109","level":"stat"}
{"@timestamp":"2026-03-08T17:41:50.226+08:00","caller":"load/sheddingstat.go:61","content":"(api) shedding_stat [1m], cpu: 0, total: 0, pass: 0, drop: 0","level":"stat"}
{"@timestamp":"2026-03-08T17:42:06.306+08:00","caller":"stat/metrics.go:210","content":"(croupier-server) - qps: 0.0/s, drops: 0, avg time: 0.0ms, med: 0.0ms, 90th: 0.0ms, 99th: 0.0ms, 99.9th: 0.0ms","level":"stat"}
{"@timestamp":"2026-03-08T17:42:49.983+08:00","caller":"stat/usage.go:82","content":"CPU: 0m, MEMORY: Alloc=6.3Mi, TotalAlloc=41.1Mi, Sys=24.6Mi, NumGC=109","level":"stat"}
{"@timestamp":"2026-03-08T17:42:50.226+08:00","caller":"load/sheddingstat.go:61","content":"(api) shedding_stat [1m], cpu: 0, total: 0, pass: 0, drop: 0","level":"stat"}
{"@timestamp":"2026-03-08T17:43:06.306+08:00","caller":"stat/metrics.go:210","content":"(croupier-server) - qps: 0.0/s, drops: 0, avg time: 0.0ms, med: 0.0ms, 90th: 0.0ms, 99th: 0.0ms, 99.9th: 0.0ms","level":"stat"}
{"@timestamp":"2026-03-08T17:43:49.983+08:00","caller":"stat/usage.go:82","content":"CPU: 0m, MEMORY: Alloc=6.3Mi, TotalAlloc=41.3Mi, Sys=24.6Mi, NumGC=110","level":"stat"}
{"@timestamp":"2026-03-08T17:43:50.226+08:00","caller":"load/sheddingstat.go:61","content":"(api) shedding_stat [1m], cpu: 0, total: 0, pass: 0, drop: 0","level":"stat"}
{"@timestamp":"2026-03-08T17:44:06.306+08:00","caller":"stat/metrics.go:210","content":"(croupier-server) - qps: 0.0/s, drops: 0, avg time: 0.0ms, med: 0.0ms, 90th: 0.0ms, 99th: 0.0ms, 99.9th: 0.0ms","level":"stat"}
{"@timestamp":"2026-03-08T17:44:49.983+08:00","caller":"stat/usage.go:82","content":"CPU: 0m, MEMORY: Alloc=6.3Mi, TotalAlloc=41.3Mi, Sys=24.6Mi, NumGC=110","level":"stat"}
{"@timestamp":"2026-03-08T17:44:50.226+08:00","caller":"load/sheddingstat.go:61","content":"(api) shedding_stat [1m], cpu: 0, total: 0, pass: 0, drop: 0","level":"stat"}
{"@timestamp":"2026-03-08T17:45:06.306+08:00","caller":"stat/metrics.go:210","content":"(croupier-server) - qps: 0.0/s, drops: 0, avg time: 0.0ms, med: 0.0ms, 90th: 0.0ms, 99th: 0.0ms, 99.9th: 0.0ms","level":"stat"}
{"@timestamp":"2026-03-08T17:45:49.983+08:00","caller":"stat/usage.go:82","content":"CPU: 0m, MEMORY: Alloc=6.3Mi, TotalAlloc=41.4Mi, Sys=24.6Mi, NumGC=111","level":"stat"}
{"@timestamp":"2026-03-08T17:45:50.226+08:00","caller":"load/sheddingstat.go:61","content":"(api) shedding_stat [1m], cpu: 0, total: 0, pass: 0, drop: 0","level":"stat"}
{"@timestamp":"2026-03-08T17:46:06.306+08:00","caller":"stat/metrics.go:210","content":"(croupier-server) - qps: 0.0/s, drops: 0, avg time: 0.0ms, med: 0.0ms, 90th: 0.0ms, 99th: 0.0ms, 99.9th: 0.0ms","level":"stat"}
{"@timestamp":"2026-03-08T17:46:49.983+08:00","caller":"stat/usage.go:82","content":"CPU: 0m, MEMORY: Alloc=6.3Mi, TotalAlloc=41.5Mi, Sys=24.6Mi, NumGC=111","level":"stat"}
{"@timestamp":"2026-03-08T17:46:50.226+08:00","caller":"load/sheddingstat.go:61","content":"(api) shedding_stat [1m], cpu: 0, total: 0, pass: 0, drop: 0","level":"stat"}
{"@timestamp":"2026-03-08T17:47:06.306+08:00","caller":"stat/metrics.go:210","content":"(croupier-server) - qps: 0.0/s, drops: 0, avg time: 0.0ms, med: 0.0ms, 90th: 0.0ms, 99th: 0.0ms, 99.9th: 0.0ms","level":"stat"}
{"@timestamp":"2026-03-08T17:47:49.983+08:00","caller":"stat/usage.go:82","content":"CPU: 0m, MEMORY: Alloc=6.3Mi, TotalAlloc=41.6Mi, Sys=24.6Mi, NumGC=112","level":"stat"}
{"@timestamp":"2026-03-08T17:47:50.226+08:00","caller":"load/sheddingstat.go:61","content":"(api) shedding_stat [1m], cpu: 0, total: 0, pass: 0, drop: 0","level":"stat"}
{"@timestamp":"2026-03-08T17:48:06.306+08:00","caller":"stat/metrics.go:210","content":"(croupier-server) - qps: 0.0/s, drops: 0, avg time: 0.0ms, med: 0.0ms, 90th: 0.0ms, 99th: 0.0ms, 99.9th: 0.0ms","level":"stat"}
{"@timestamp":"2026-03-08T17:48:49.983+08:00","caller":"stat/usage.go:82","content":"CPU: 0m, MEMORY: Alloc=6.3Mi, TotalAlloc=41.7Mi, Sys=24.6Mi, NumGC=112","level":"stat"}
{"@timestamp":"2026-03-08T17:48:50.226+08:00","caller":"load/sheddingstat.go:61","content":"(api) shedding_stat [1m], cpu: 0, total: 0, pass: 0, drop: 0","level":"stat"}
{"@timestamp":"2026-03-08T17:49:06.306+08:00","caller":"stat/metrics.go:210","content":"(croupier-server) - qps: 0.0/s, drops: 0, avg time: 0.0ms, med: 0.0ms, 90th: 0.0ms, 99th: 0.0ms, 99.9th: 0.0ms","level":"stat"}
{"@timestamp":"2026-03-08T17:49:49.983+08:00","caller":"stat/usage.go:82","content":"CPU: 0m, MEMORY: Alloc=6.3Mi, TotalAlloc=41.8Mi, Sys=24.6Mi, NumGC=113","level":"stat"}
{"@timestamp":"2026-03-08T17:49:50.226+08:00","caller":"load/sheddingstat.go:61","content":"(api) shedding_stat [1m], cpu: 0, total: 0, pass: 0, drop: 0","level":"stat"}
{"@timestamp":"2026-03-08T17:50:06.306+08:00","caller":"stat/metrics.go:210","content":"(croupier-server) - qps: 0.0/s, drops: 0, avg time: 0.0ms, med: 0.0ms, 90th: 0.0ms, 99th: 0.0ms, 99.9th: 0.0ms","level":"stat"}
{"@timestamp":"2026-03-08T17:50:49.983+08:00","caller":"stat/usage.go:82","content":"CPU: 0m, MEMORY: Alloc=6.3Mi, TotalAlloc=41.9Mi, Sys=24.6Mi, NumGC=113","level":"stat"}
{"@timestamp":"2026-03-08T17:50:50.226+08:00","caller":"load/sheddingstat.go:61","content":"(api) shedding_stat [1m], cpu: 0, total: 0, pass: 0, drop: 0","level":"stat"}
{"@timestamp":"2026-03-08T17:51:06.306+08:00","caller":"stat/metrics.go:210","content":"(croupier-server) - qps: 0.0/s, drops: 0, avg time: 0.0ms, med: 0.0ms, 90th: 0.0ms, 99th: 0.0ms, 99.9th: 0.0ms","level":"stat"}
{"@timestamp":"2026-03-08T17:51:49.983+08:00","caller":"stat/usage.go:82","content":"CPU: 0m, MEMORY: Alloc=6.3Mi, TotalAlloc=42.0Mi, Sys=24.6Mi, NumGC=114","level":"stat"}
{"@timestamp":"2026-03-08T17:51:50.226+08:00","caller":"load/sheddingstat.go:61","content":"(api) shedding_stat [1m], cpu: 0, total: 0, pass: 0, drop: 0","level":"stat"}
{"@timestamp":"2026-03-08T17:52:06.306+08:00","caller":"stat/metrics.go:210","content":"(croupier-server) - qps: 0.0/s, drops: 0, avg time: 0.0ms, med: 0.0ms, 90th: 0.0ms, 99th: 0.0ms, 99.9th: 0.0ms","level":"stat"}
{"@timestamp":"2026-03-08T17:52:49.983+08:00","caller":"stat/usage.go:82","content":"CPU: 0m, MEMORY: Alloc=6.3Mi, TotalAlloc=42.0Mi, Sys=24.6Mi, NumGC=114","level":"stat"}
{"@timestamp":"2026-03-08T17:52:50.226+08:00","caller":"load/sheddingstat.go:61","content":"(api) shedding_stat [1m], cpu: 0, total: 0, pass: 0, drop: 0","level":"stat"}
{"@timestamp":"2026-03-08T17:53:06.306+08:00","caller":"stat/metrics.go:210","content":"(croupier-server) - qps: 0.0/s, drops: 0, avg time: 0.0ms, med: 0.0ms, 90th: 0.0ms, 99th: 0.0ms, 99.9th: 0.0ms","level":"stat"}
{"@timestamp":"2026-03-08T17:53:49.983+08:00","caller":"stat/usage.go:82","content":"CPU: 0m, MEMORY: Alloc=6.3Mi, TotalAlloc=42.2Mi, Sys=24.6Mi, NumGC=115","level":"stat"}
{"@timestamp":"2026-03-08T17:53:50.226+08:00","caller":"load/sheddingstat.go:61","content":"(api) shedding_stat [1m], cpu: 0, total: 0, pass: 0, drop: 0","level":"stat"}
{"@timestamp":"2026-03-08T17:54:06.306+08:00","caller":"stat/metrics.go:210","content":"(croupier-server) - qps: 0.0/s, drops: 0, avg time: 0.0ms, med: 0.0ms, 90th: 0.0ms, 99th: 0.0ms, 99.9th: 0.0ms","level":"stat"}
{"@timestamp":"2026-03-08T17:54:49.983+08:00","caller":"stat/usage.go:82","content":"CPU: 0m, MEMORY: Alloc=6.3Mi, TotalAlloc=42.2Mi, Sys=24.6Mi, NumGC=115","level":"stat"}
{"@timestamp":"2026-03-08T17:54:50.226+08:00","caller":"load/sheddingstat.go:61","content":"(api) shedding_stat [1m], cpu: 0, total: 0, pass: 0, drop: 0","level":"stat"}
{"@timestamp":"2026-03-08T17:55:06.306+08:00","caller":"stat/metrics.go:210","content":"(croupier-server) - qps: 0.0/s, drops: 0, avg time: 0.0ms, med: 0.0ms, 90th: 0.0ms, 99th: 0.0ms, 99.9th: 0.0ms","level":"stat"}
{"@timestamp":"2026-03-08T17:55:49.983+08:00","caller":"stat/usage.go:82","content":"CPU: 0m, MEMORY: Alloc=6.3Mi, TotalAlloc=42.4Mi, Sys=24.6Mi, NumGC=116","level":"stat"}
{"@timestamp":"2026-03-08T17:55:50.226+08:00","caller":"load/sheddingstat.go:61","content":"(api) shedding_stat [1m], cpu: 0, total: 0, pass: 0, drop: 0","level":"stat"}
{"@timestamp":"2026-03-08T17:56:06.306+08:00","caller":"stat/metrics.go:210","content":"(croupier-server) - qps: 0.0/s, drops: 0, avg time: 0.0ms, med: 0.0ms, 90th: 0.0ms, 99th: 0.0ms, 99.9th: 0.0ms","level":"stat"}
{"@timestamp":"2026-03-08T17:56:49.983+08:00","caller":"stat/usage.go:82","content":"CPU: 0m, MEMORY: Alloc=6.3Mi, TotalAlloc=42.4Mi, Sys=24.6Mi, NumGC=116","level":"stat"}
{"@timestamp":"2026-03-08T17:56:50.226+08:00","caller":"load/sheddingstat.go:61","content":"(api) shedding_stat [1m], cpu: 0, total: 0, pass: 0, drop: 0","level":"stat"}
{"@timestamp":"2026-03-08T17:57:06.306+08:00","caller":"stat/metrics.go:210","content":"(croupier-server) - qps: 0.0/s, drops: 0, avg time: 0.0ms, med: 0.0ms, 90th: 0.0ms, 99th: 0.0ms, 99.9th: 0.0ms","level":"stat"}
{"@timestamp":"2026-03-08T17:57:49.983+08:00","caller":"stat/usage.go:82","content":"CPU: 0m, MEMORY: Alloc=6.3Mi, TotalAlloc=42.6Mi, Sys=24.6Mi, NumGC=117","level":"stat"}
{"@timestamp":"2026-03-08T17:57:50.226+08:00","caller":"load/sheddingstat.go:61","content":"(api) shedding_stat [1m], cpu: 0, total: 0, pass: 0, drop: 0","level":"stat"}
{"@timestamp":"2026-03-08T17:58:06.306+08:00","caller":"stat/metrics.go:210","content":"(croupier-server) - qps: 0.0/s, drops: 0, avg time: 0.0ms, med: 0.0ms, 90th: 0.0ms, 99th: 0.0ms, 99.9th: 0.0ms","level":"stat"}
{"@timestamp":"2026-03-08T17:58:49.983+08:00","caller":"stat/usage.go:82","content":"CPU: 0m, MEMORY: Alloc=6.3Mi, TotalAlloc=42.6Mi, Sys=24.6Mi, NumGC=117","level":"stat"}
{"@timestamp":"2026-03-08T17:58:50.226+08:00","caller":"load/sheddingstat.go:61","content":"(api) shedding_stat [1m], cpu: 0, total: 0, pass: 0, drop: 0","level":"stat"}
{"@timestamp":"2026-03-08T17:59:06.306+08:00","caller":"stat/metrics.go:210","content":"(croupier-server) - qps: 0.0/s, drops: 0, avg time: 0.0ms, med: 0.0ms, 90th: 0.0ms, 99th: 0.0ms, 99.9th: 0.0ms","level":"stat"}
{"@timestamp":"2026-03-08T17:59:49.983+08:00","caller":"stat/usage.go:82","content":"CPU: 0m, MEMORY: Alloc=6.3Mi, TotalAlloc=42.8Mi, Sys=24.6Mi, NumGC=118","level":"stat"}
{"@timestamp":"2026-03-08T17:59:50.226+08:00","caller":"load/sheddingstat.go:61","content":"(api) shedding_stat [1m], cpu: 0, total: 0, pass: 0, drop: 0","level":"stat"}
{"@timestamp":"2026-03-08T18:00:06.306+08:00","caller":"stat/metrics.go:210","content":"(croupier-server) - qps: 0.0/s, drops: 0, avg time: 0.0ms, med: 0.0ms, 90th: 0.0ms, 99th: 0.0ms, 99.9th: 0.0ms","level":"stat"}
{"@timestamp":"2026-03-08T18:00:49.983+08:00","caller":"stat/usage.go:82","content":"CPU: 0m, MEMORY: Alloc=6.3Mi, TotalAlloc=42.8Mi, Sys=24.6Mi, NumGC=118","level":"stat"}
{"@timestamp":"2026-03-08T18:00:50.226+08:00","caller":"load/sheddingstat.go:61","content":"(api) shedding_stat [1m], cpu: 0, total: 0, pass: 0, drop: 0","level":"stat"}
{"@timestamp":"2026-03-08T18:01:06.306+08:00","caller":"stat/metrics.go:210","content":"(croupier-server) - qps: 0.0/s, drops: 0, avg time: 0.0ms, med: 0.0ms, 90th: 0.0ms, 99th: 0.0ms, 99.9th: 0.0ms","level":"stat"}
{"@timestamp":"2026-03-08T18:01:49.983+08:00","caller":"stat/usage.go:82","content":"CPU: 0m, MEMORY: Alloc=6.3Mi, TotalAlloc=42.9Mi, Sys=24.6Mi, NumGC=119","level":"stat"}
{"@timestamp":"2026-03-08T18:01:50.226+08:00","caller":"load/sheddingstat.go:61","content":"(api) shedding_stat [1m], cpu: 0, total: 0, pass: 0, drop: 0","level":"stat"}
{"@timestamp":"2026-03-08T18:02:06.306+08:00","caller":"stat/metrics.go:210","content":"(croupier-server) - qps: 0.0/s, drops: 0, avg time: 0.0ms, med: 0.0ms, 90th: 0.0ms, 99th: 0.0ms, 99.9th: 0.0ms","level":"stat"}
{"@timestamp":"2026-03-08T18:02:49.983+08:00","caller":"stat/usage.go:82","content":"CPU: 0m, MEMORY: Alloc=6.3Mi, TotalAlloc=43.0Mi, Sys=24.6Mi, NumGC=119","level":"stat"}
{"@timestamp":"2026-03-08T18:02:50.226+08:00","caller":"load/sheddingstat.go:61","content":"(api) shedding_stat [1m], cpu: 0, total: 0, pass: 0, drop: 0","level":"stat"}
{"@timestamp":"2026-03-08T18:03:06.306+08:00","caller":"stat/metrics.go:210","content":"(croupier-server) - qps: 0.0/s, drops: 0, avg time: 0.0ms, med: 0.0ms, 90th: 0.0ms, 99th: 0.0ms, 99.9th: 0.0ms","level":"stat"}
{"@timestamp":"2026-03-08T18:03:49.983+08:00","caller":"stat/usage.go:82","content":"CPU: 0m, MEMORY: Alloc=6.3Mi, TotalAlloc=43.1Mi, Sys=24.6Mi, NumGC=120","level":"stat"}
{"@timestamp":"2026-03-08T18:03:50.226+08:00","caller":"load/sheddingstat.go:61","content":"(api) shedding_stat [1m], cpu: 0, total: 0, pass: 0, drop: 0","level":"stat"}
{"@timestamp":"2026-03-08T18:04:06.306+08:00","caller":"stat/metrics.go:210","content":"(croupier-server) - qps: 0.0/s, drops: 0, avg time: 0.0ms, med: 0.0ms, 90th: 0.0ms, 99th: 0.0ms, 99.9th: 0.0ms","level":"stat"}
{"@timestamp":"2026-03-08T18:04:49.983+08:00","caller":"stat/usage.go:82","content":"CPU: 0m, MEMORY: Alloc=6.3Mi, TotalAlloc=43.2Mi, Sys=24.6Mi, NumGC=120","level":"stat"}
{"@timestamp":"2026-03-08T18:04:50.226+08:00","caller":"load/sheddingstat.go:61","content":"(api) shedding_stat [1m], cpu: 0, total: 0, pass: 0, drop: 0","level":"stat"}
{"@timestamp":"2026-03-08T18:05:06.306+08:00","caller":"stat/metrics.go:210","content":"(croupier-server) - qps: 0.0/s, drops: 0, avg time: 0.0ms, med: 0.0ms, 90th: 0.0ms, 99th: 0.0ms, 99.9th: 0.0ms","level":"stat"}
{"@timestamp":"2026-03-08T18:05:49.983+08:00","caller":"stat/usage.go:82","content":"CPU: 0m, MEMORY: Alloc=6.3Mi, TotalAlloc=43.3Mi, Sys=24.6Mi, NumGC=121","level":"stat"}
{"@timestamp":"2026-03-08T18:05:50.226+08:00","caller":"load/sheddingstat.go:61","content":"(api) shedding_stat [1m], cpu: 0, total: 0, pass: 0, drop: 0","level":"stat"}
{"@timestamp":"2026-03-08T18:06:06.306+08:00","caller":"stat/metrics.go:210","content":"(croupier-server) - qps: 0.0/s, drops: 0, avg time: 0.0ms, med: 0.0ms, 90th: 0.0ms, 99th: 0.0ms, 99.9th: 0.0ms","level":"stat"}
{"@timestamp":"2026-03-08T18:06:49.983+08:00","caller":"stat/usage.go:82","content":"CPU: 0m, MEMORY: Alloc=6.3Mi, TotalAlloc=43.3Mi, Sys=24.6Mi, NumGC=121","level":"stat"}
{"@timestamp":"2026-03-08T18:06:50.226+08:00","caller":"load/sheddingstat.go:61","content":"(api) shedding_stat [1m], cpu: 0, total: 0, pass: 0, drop: 0","level":"stat"}
{"@timestamp":"2026-03-08T18:07:06.306+08:00","caller":"stat/metrics.go:210","content":"(croupier-server) - qps: 0.0/s, drops: 0, avg time: 0.0ms, med: 0.0ms, 90th: 0.0ms, 99th: 0.0ms, 99.9th: 0.0ms","level":"stat"}
{"@timestamp":"2026-03-08T18:07:49.983+08:00","caller":"stat/usage.go:82","content":"CPU: 0m, MEMORY: Alloc=6.3Mi, TotalAlloc=43.5Mi, Sys=24.6Mi, NumGC=122","level":"stat"}
{"@timestamp":"2026-03-08T18:07:50.226+08:00","caller":"load/sheddingstat.go:61","content":"(api) shedding_stat [1m], cpu: 0, total: 0, pass: 0, drop: 0","level":"stat"}
{"@timestamp":"2026-03-08T18:08:06.306+08:00","caller":"stat/metrics.go:210","content":"(croupier-server) - qps: 0.0/s, drops: 0, avg time: 0.0ms, med: 0.0ms, 90th: 0.0ms, 99th: 0.0ms, 99.9th: 0.0ms","level":"stat"}
{"@timestamp":"2026-03-08T18:08:49.983+08:00","caller":"stat/usage.go:82","content":"CPU: 0m, MEMORY: Alloc=6.3Mi, TotalAlloc=43.5Mi, Sys=24.6Mi, NumGC=122","level":"stat"}
{"@timestamp":"2026-03-08T18:08:50.226+08:00","caller":"load/sheddingstat.go:61","content":"(api) shedding_stat [1m], cpu: 0, total: 0, pass: 0, drop: 0","level":"stat"}
{"@timestamp":"2026-03-08T18:09:06.306+08:00","caller":"stat/metrics.go:210","content":"(croupier-server) - qps: 0.0/s, drops: 0, avg time: 0.0ms, med: 0.0ms, 90th: 0.0ms, 99th: 0.0ms, 99.9th: 0.0ms","level":"stat"}
{"@timestamp":"2026-03-08T18:09:49.983+08:00","caller":"stat/usage.go:82","content":"CPU: 0m, MEMORY: Alloc=6.3Mi, TotalAlloc=43.7Mi, Sys=24.6Mi, NumGC=123","level":"stat"}
{"@timestamp":"2026-03-08T18:09:50.226+08:00","caller":"load/sheddingstat.go:61","content":"(api) shedding_stat [1m], cpu: 0, total: 0, pass: 0, drop: 0","level":"stat"}
{"@timestamp":"2026-03-08T18:10:06.306+08:00","caller":"stat/metrics.go:210","content":"(croupier-server) - qps: 0.0/s, drops: 0, avg time: 0.0ms, med: 0.0ms, 90th: 0.0ms, 99th: 0.0ms, 99.9th: 0.0ms","level":"stat"}
{"@timestamp":"2026-03-08T18:10:49.983+08:00","caller":"stat/usage.go:82","content":"CPU: 0m, MEMORY: Alloc=6.3Mi, TotalAlloc=43.7Mi, Sys=24.6Mi, NumGC=123","level":"stat"}
{"@timestamp":"2026-03-08T18:10:50.226+08:00","caller":"load/sheddingstat.go:61","content":"(api) shedding_stat [1m], cpu: 0, total: 0, pass: 0, drop: 0","level":"stat"}
{"@timestamp":"2026-03-08T18:11:06.306+08:00","caller":"stat/metrics.go:210","content":"(croupier-server) - qps: 0.0/s, drops: 0, avg time: 0.0ms, med: 0.0ms, 90th: 0.0ms, 99th: 0.0ms, 99.9th: 0.0ms","level":"stat"}
{"@timestamp":"2026-03-08T18:11:49.983+08:00","caller":"stat/usage.go:82","content":"CPU: 0m, MEMORY: Alloc=6.3Mi, TotalAlloc=43.9Mi, Sys=24.6Mi, NumGC=124","level":"stat"}
{"@timestamp":"2026-03-08T18:11:50.226+08:00","caller":"load/sheddingstat.go:61","content":"(api) shedding_stat [1m], cpu: 0, total: 0, pass: 0, drop: 0","level":"stat"}
{"@timestamp":"2026-03-08T18:12:06.306+08:00","caller":"stat/metrics.go:210","content":"(croupier-server) - qps: 0.0/s, drops: 0, avg time: 0.0ms, med: 0.0ms, 90th: 0.0ms, 99th: 0.0ms, 99.9th: 0.0ms","level":"stat"}
{"@timestamp":"2026-03-08T18:12:49.983+08:00","caller":"stat/usage.go:82","content":"CPU: 0m, MEMORY: Alloc=6.3Mi, TotalAlloc=43.9Mi, Sys=24.6Mi, NumGC=124","level":"stat"}
{"@timestamp":"2026-03-08T18:12:50.226+08:00","caller":"load/sheddingstat.go:61","content":"(api) shedding_stat [1m], cpu: 0, total: 0, pass: 0, drop: 0","level":"stat"}
{"@timestamp":"2026-03-08T18:13:06.306+08:00","caller":"stat/metrics.go:210","content":"(croupier-server) - qps: 0.0/s, drops: 0, avg time: 0.0ms, med: 0.0ms, 90th: 0.0ms, 99th: 0.0ms, 99.9th: 0.0ms","level":"stat"}
{"@timestamp":"2026-03-08T18:13:49.983+08:00","caller":"stat/usage.go:82","content":"CPU: 0m, MEMORY: Alloc=6.3Mi, TotalAlloc=44.1Mi, Sys=24.6Mi, NumGC=125","level":"stat"}
{"@timestamp":"2026-03-08T18:13:50.226+08:00","caller":"load/sheddingstat.go:61","content":"(api) shedding_stat [1m], cpu: 0, total: 0, pass: 0, drop: 0","level":"stat"}
{"@timestamp":"2026-03-08T18:14:06.306+08:00","caller":"stat/metrics.go:210","content":"(croupier-server) - qps: 0.0/s, drops: 0, avg time: 0.0ms, med: 0.0ms, 90th: 0.0ms, 99th: 0.0ms, 99.9th: 0.0ms","level":"stat"}
{"@timestamp":"2026-03-08T18:14:49.983+08:00","caller":"stat/usage.go:82","content":"CPU: 0m, MEMORY: Alloc=6.3Mi, TotalAlloc=44.1Mi, Sys=24.6Mi, NumGC=125","level":"stat"}
{"@timestamp":"2026-03-08T18:14:50.226+08:00","caller":"load/sheddingstat.go:61","content":"(api) shedding_stat [1m], cpu: 0, total: 0, pass: 0, drop: 0","level":"stat"}
{"@timestamp":"2026-03-08T18:15:06.306+08:00","caller":"stat/metrics.go:210","content":"(croupier-server) - qps: 0.0/s, drops: 0, avg time: 0.0ms, med: 0.0ms, 90th: 0.0ms, 99th: 0.0ms, 99.9th: 0.0ms","level":"stat"}
{"@timestamp":"2026-03-08T18:15:49.983+08:00","caller":"stat/usage.go:82","content":"CPU: 0m, MEMORY: Alloc=6.3Mi, TotalAlloc=44.3Mi, Sys=24.6Mi, NumGC=126","level":"stat"}
{"@timestamp":"2026-03-08T18:15:50.226+08:00","caller":"load/sheddingstat.go:61","content":"(api) shedding_stat [1m], cpu: 0, total: 0, pass: 0, drop: 0","level":"stat"}
{"@timestamp":"2026-03-08T18:16:06.306+08:00","caller":"stat/metrics.go:210","content":"(croupier-server) - qps: 0.0/s, drops: 0, avg time: 0.0ms, med: 0.0ms, 90th: 0.0ms, 99th: 0.0ms, 99.9th: 0.0ms","level":"stat"}
{"@timestamp":"2026-03-08T18:16:49.983+08:00","caller":"stat/usage.go:82","content":"CPU: 0m, MEMORY: Alloc=6.3Mi, TotalAlloc=44.3Mi, Sys=24.6Mi, NumGC=126","level":"stat"}
{"@timestamp":"2026-03-08T18:16:50.226+08:00","caller":"load/sheddingstat.go:61","content":"(api) shedding_stat [1m], cpu: 0, total: 0, pass: 0, drop: 0","level":"stat"}
{"@timestamp":"2026-03-08T18:17:06.306+08:00","caller":"stat/metrics.go:210","content":"(croupier-server) - qps: 0.0/s, drops: 0, avg time: 0.0ms, med: 0.0ms, 90th: 0.0ms, 99th: 0.0ms, 99.9th: 0.0ms","level":"stat"}
{"@timestamp":"2026-03-08T18:17:49.983+08:00","caller":"stat/usage.go:82","content":"CPU: 0m, MEMORY: Alloc=6.3Mi, TotalAlloc=44.4Mi, Sys=24.6Mi, NumGC=127","level":"stat"}
{"@timestamp":"2026-03-08T18:17:50.226+08:00","caller":"load/sheddingstat.go:61","content":"(api) shedding_stat [1m], cpu: 0, total: 0, pass: 0, drop: 0","level":"stat"}
{"@timestamp":"2026-03-08T18:18:06.306+08:00","caller":"stat/metrics.go:210","content":"(croupier-server) - qps: 0.0/s, drops: 0, avg time: 0.0ms, med: 0.0ms, 90th: 0.0ms, 99th: 0.0ms, 99.9th: 0.0ms","level":"stat"}
{"@timestamp":"2026-03-08T18:18:49.983+08:00","caller":"stat/usage.go:82","content":"CPU: 0m, MEMORY: Alloc=6.3Mi, TotalAlloc=44.5Mi, Sys=24.6Mi, NumGC=127","level":"stat"}
{"@timestamp":"2026-03-08T18:18:50.226+08:00","caller":"load/sheddingstat.go:61","content":"(api) shedding_stat [1m], cpu: 0, total: 0, pass: 0, drop: 0","level":"stat"}
{"@timestamp":"2026-03-08T18:19:06.306+08:00","caller":"stat/metrics.go:210","content":"(croupier-server) - qps: 0.0/s, drops: 0, avg time: 0.0ms, med: 0.0ms, 90th: 0.0ms, 99th: 0.0ms, 99.9th: 0.0ms","level":"stat"}
{"@timestamp":"2026-03-08T18:19:49.983+08:00","caller":"stat/usage.go:82","content":"CPU: 0m, MEMORY: Alloc=6.3Mi, TotalAlloc=44.6Mi, Sys=24.6Mi, NumGC=128","level":"stat"}
{"@timestamp":"2026-03-08T18:19:50.226+08:00","caller":"load/sheddingstat.go:61","content":"(api) shedding_stat [1m], cpu: 0, total: 0, pass: 0, drop: 0","level":"stat"}
{"@timestamp":"2026-03-08T18:20:06.306+08:00","caller":"stat/metrics.go:210","content":"(croupier-server) - qps: 0.0/s, drops: 0, avg time: 0.0ms, med: 0.0ms, 90th: 0.0ms, 99th: 0.0ms, 99.9th: 0.0ms","level":"stat"}
{"@timestamp":"2026-03-08T18:20:49.983+08:00","caller":"stat/usage.go:82","content":"CPU: 0m, MEMORY: Alloc=6.3Mi, TotalAlloc=44.7Mi, Sys=24.6Mi, NumGC=128","level":"stat"}
{"@timestamp":"2026-03-08T18:20:50.226+08:00","caller":"load/sheddingstat.go:61","content":"(api) shedding_stat [1m], cpu: 0, total: 0, pass: 0, drop: 0","level":"stat"}
{"@timestamp":"2026-03-08T18:21:06.306+08:00","caller":"stat/metrics.go:210","content":"(croupier-server) - qps: 0.0/s, drops: 0, avg time: 0.0ms, med: 0.0ms, 90th: 0.0ms, 99th: 0.0ms, 99.9th: 0.0ms","level":"stat"}
{"@timestamp":"2026-03-08T18:21:49.983+08:00","caller":"stat/usage.go:82","content":"CPU: 0m, MEMORY: Alloc=6.3Mi, TotalAlloc=44.8Mi, Sys=24.6Mi, NumGC=129","level":"stat"}
{"@timestamp":"2026-03-08T18:21:50.226+08:00","caller":"load/sheddingstat.go:61","content":"(api) shedding_stat [1m], cpu: 0, total: 0, pass: 0, drop: 0","level":"stat"}
{"@timestamp":"2026-03-08T18:22:06.306+08:00","caller":"stat/metrics.go:210","content":"(croupier-server) - qps: 0.0/s, drops: 0, avg time: 0.0ms, med: 0.0ms, 90th: 0.0ms, 99th: 0.0ms, 99.9th: 0.0ms","level":"stat"}
{"@timestamp":"2026-03-08T18:22:49.983+08:00","caller":"stat/usage.go:82","content":"CPU: 0m, MEMORY: Alloc=6.3Mi, TotalAlloc=44.8Mi, Sys=24.6Mi, NumGC=129","level":"stat"}
{"@timestamp":"2026-03-08T18:22:50.226+08:00","caller":"load/sheddingstat.go:61","content":"(api) shedding_stat [1m], cpu: 0, total: 0, pass: 0, drop: 0","level":"stat"}
{"@timestamp":"2026-03-08T18:23:06.306+08:00","caller":"stat/metrics.go:210","content":"(croupier-server) - qps: 0.0/s, drops: 0, avg time: 0.0ms, med: 0.0ms, 90th: 0.0ms, 99th: 0.0ms, 99.9th: 0.0ms","level":"stat"}
{"@timestamp":"2026-03-08T18:23:49.983+08:00","caller":"stat/usage.go:82","content":"CPU: 0m, MEMORY: Alloc=6.3Mi, TotalAlloc=45.0Mi, Sys=24.6Mi, NumGC=130","level":"stat"}
{"@timestamp":"2026-03-08T18:23:50.226+08:00","caller":"load/sheddingstat.go:61","content":"(api) shedding_stat [1m], cpu: 0, total: 0, pass: 0, drop: 0","level":"stat"}
{"@timestamp":"2026-03-08T18:24:06.306+08:00","caller":"stat/metrics.go:210","content":"(croupier-server) - qps: 0.0/s, drops: 0, avg time: 0.0ms, med: 0.0ms, 90th: 0.0ms, 99th: 0.0ms, 99.9th: 0.0ms","level":"stat"}
{"@timestamp":"2026-03-08T18:24:49.983+08:00","caller":"stat/usage.go:82","content":"CPU: 0m, MEMORY: Alloc=6.3Mi, TotalAlloc=45.0Mi, Sys=24.6Mi, NumGC=130","level":"stat"}
{"@timestamp":"2026-03-08T18:24:50.226+08:00","caller":"load/sheddingstat.go:61","content":"(api) shedding_stat [1m], cpu: 0, total: 0, pass: 0, drop: 0","level":"stat"}
{"@timestamp":"2026-03-08T18:25:06.306+08:00","caller":"stat/metrics.go:210","content":"(croupier-server) - qps: 0.0/s, drops: 0, avg time: 0.0ms, med: 0.0ms, 90th: 0.0ms, 99th: 0.0ms, 99.9th: 0.0ms","level":"stat"}
{"@timestamp":"2026-03-08T18:25:49.983+08:00","caller":"stat/usage.go:82","content":"CPU: 0m, MEMORY: Alloc=6.3Mi, TotalAlloc=45.2Mi, Sys=24.6Mi, NumGC=131","level":"stat"}
{"@timestamp":"2026-03-08T18:25:50.226+08:00","caller":"load/sheddingstat.go:61","content":"(api) shedding_stat [1m], cpu: 0, total: 0, pass: 0, drop: 0","level":"stat"}
{"@timestamp":"2026-03-08T18:26:06.306+08:00","caller":"stat/metrics.go:210","content":"(croupier-server) - qps: 0.0/s, drops: 0, avg time: 0.0ms, med: 0.0ms, 90th: 0.0ms, 99th: 0.0ms, 99.9th: 0.0ms","level":"stat"}
{"@timestamp":"2026-03-08T18:26:49.983+08:00","caller":"stat/usage.go:82","content":"CPU: 0m, MEMORY: Alloc=6.3Mi, TotalAlloc=45.2Mi, Sys=24.6Mi, NumGC=131","level":"stat"}
{"@timestamp":"2026-03-08T18:26:50.226+08:00","caller":"load/sheddingstat.go:61","content":"(api) shedding_stat [1m], cpu: 0, total: 0, pass: 0, drop: 0","level":"stat"}
{"@timestamp":"2026-03-08T18:27:06.306+08:00","caller":"stat/metrics.go:210","content":"(croupier-server) - qps: 0.0/s, drops: 0, avg time: 0.0ms, med: 0.0ms, 90th: 0.0ms, 99th: 0.0ms, 99.9th: 0.0ms","level":"stat"}
{"@timestamp":"2026-03-08T18:27:49.983+08:00","caller":"stat/usage.go:82","content":"CPU: 0m, MEMORY: Alloc=6.3Mi, TotalAlloc=45.4Mi, Sys=24.6Mi, NumGC=132","level":"stat"}
{"@timestamp":"2026-03-08T18:27:50.226+08:00","caller":"load/sheddingstat.go:61","content":"(api) shedding_stat [1m], cpu: 0, total: 0, pass: 0, drop: 0","level":"stat"}
{"@timestamp":"2026-03-08T18:28:06.306+08:00","caller":"stat/metrics.go:210","content":"(croupier-server) - qps: 0.0/s, drops: 0, avg time: 0.0ms, med: 0.0ms, 90th: 0.0ms, 99th: 0.0ms, 99.9th: 0.0ms","level":"stat"}
{"@timestamp":"2026-03-08T18:28:49.983+08:00","caller":"stat/usage.go:82","content":"CPU: 0m, MEMORY: Alloc=6.3Mi, TotalAlloc=45.4Mi, Sys=24.6Mi, NumGC=132","level":"stat"}
{"@timestamp":"2026-03-08T18:28:50.226+08:00","caller":"load/sheddingstat.go:61","content":"(api) shedding_stat [1m], cpu: 0, total: 0, pass: 0, drop: 0","level":"stat"}
{"@timestamp":"2026-03-08T18:29:06.306+08:00","caller":"stat/metrics.go:210","content":"(croupier-server) - qps: 0.0/s, drops: 0, avg time: 0.0ms, med: 0.0ms, 90th: 0.0ms, 99th: 0.0ms, 99.9th: 0.0ms","level":"stat"}
{"@timestamp":"2026-03-08T18:29:49.983+08:00","caller":"stat/usage.go:82","content":"CPU: 0m, MEMORY: Alloc=6.3Mi, TotalAlloc=45.6Mi, Sys=24.6Mi, NumGC=133","level":"stat"}
{"@timestamp":"2026-03-08T18:29:50.226+08:00","caller":"load/sheddingstat.go:61","content":"(api) shedding_stat [1m], cpu: 0, total: 0, pass: 0, drop: 0","level":"stat"}
{"@timestamp":"2026-03-08T18:30:06.306+08:00","caller":"stat/metrics.go:210","content":"(croupier-server) - qps: 0.0/s, drops: 0, avg time: 0.0ms, med: 0.0ms, 90th: 0.0ms, 99th: 0.0ms, 99.9th: 0.0ms","level":"stat"}
{"@timestamp":"2026-03-08T18:30:49.983+08:00","caller":"stat/usage.go:82","content":"CPU: 0m, MEMORY: Alloc=6.3Mi, TotalAlloc=45.6Mi, Sys=24.6Mi, NumGC=133","level":"stat"}
{"@timestamp":"2026-03-08T18:30:50.226+08:00","caller":"load/sheddingstat.go:61","content":"(api) shedding_stat [1m], cpu: 0, total: 0, pass: 0, drop: 0","level":"stat"}
{"@timestamp":"2026-03-08T18:31:06.306+08:00","caller":"stat/metrics.go:210","content":"(croupier-server) - qps: 0.0/s, drops: 0, avg time: 0.0ms, med: 0.0ms, 90th: 0.0ms, 99th: 0.0ms, 99.9th: 0.0ms","level":"stat"}
{"@timestamp":"2026-03-08T18:31:49.983+08:00","caller":"stat/usage.go:82","content":"CPU: 0m, MEMORY: Alloc=6.3Mi, TotalAlloc=45.7Mi, Sys=24.6Mi, NumGC=134","level":"stat"}
{"@timestamp":"2026-03-08T18:31:50.226+08:00","caller":"load/sheddingstat.go:61","content":"(api) shedding_stat [1m], cpu: 0, total: 0, pass: 0, drop: 0","level":"stat"}
{"@timestamp":"2026-03-08T18:32:06.306+08:00","caller":"stat/metrics.go:210","content":"(croupier-server) - qps: 0.0/s, drops: 0, avg time: 0.0ms, med: 0.0ms, 90th: 0.0ms, 99th: 0.0ms, 99.9th: 0.0ms","level":"stat"}
{"@timestamp":"2026-03-08T18:32:49.983+08:00","caller":"stat/usage.go:82","content":"CPU: 0m, MEMORY: Alloc=6.3Mi, TotalAlloc=45.8Mi, Sys=24.6Mi, NumGC=134","level":"stat"}
{"@timestamp":"2026-03-08T18:32:50.226+08:00","caller":"load/sheddingstat.go:61","content":"(api) shedding_stat [1m], cpu: 0, total: 0, pass: 0, drop: 0","level":"stat"}
{"@timestamp":"2026-03-08T18:33:06.306+08:00","caller":"stat/metrics.go:210","content":"(croupier-server) - qps: 0.0/s, drops: 0, avg time: 0.0ms, med: 0.0ms, 90th: 0.0ms, 99th: 0.0ms, 99.9th: 0.0ms","level":"stat"}
{"@timestamp":"2026-03-08T18:33:49.983+08:00","caller":"stat/usage.go:82","content":"CPU: 0m, MEMORY: Alloc=6.3Mi, TotalAlloc=45.9Mi, Sys=24.6Mi, NumGC=135","level":"stat"}
{"@timestamp":"2026-03-08T18:33:50.226+08:00","caller":"load/sheddingstat.go:61","content":"(api) shedding_stat [1m], cpu: 0, total: 0, pass: 0, drop: 0","level":"stat"}
{"@timestamp":"2026-03-08T18:34:06.306+08:00","caller":"stat/metrics.go:210","content":"(croupier-server) - qps: 0.0/s, drops: 0, avg time: 0.0ms, med: 0.0ms, 90th: 0.0ms, 99th: 0.0ms, 99.9th: 0.0ms","level":"stat"}
{"@timestamp":"2026-03-08T18:34:49.983+08:00","caller":"stat/usage.go:82","content":"CPU: 0m, MEMORY: Alloc=6.3Mi, TotalAlloc=46.0Mi, Sys=24.6Mi, NumGC=135","level":"stat"}
{"@timestamp":"2026-03-08T18:34:50.226+08:00","caller":"load/sheddingstat.go:61","content":"(api) shedding_stat [1m], cpu: 0, total: 0, pass: 0, drop: 0","level":"stat"}
{"@timestamp":"2026-03-08T18:35:06.306+08:00","caller":"stat/metrics.go:210","content":"(croupier-server) - qps: 0.0/s, drops: 0, avg time: 0.0ms, med: 0.0ms, 90th: 0.0ms, 99th: 0.0ms, 99.9th: 0.0ms","level":"stat"}
{"@timestamp":"2026-03-08T18:35:49.983+08:00","caller":"stat/usage.go:82","content":"CPU: 0m, MEMORY: Alloc=6.3Mi, TotalAlloc=46.1Mi, Sys=24.6Mi, NumGC=136","level":"stat"}
{"@timestamp":"2026-03-08T18:35:50.226+08:00","caller":"load/sheddingstat.go:61","content":"(api) shedding_stat [1m], cpu: 0, total: 0, pass: 0, drop: 0","level":"stat"}
{"@timestamp":"2026-03-08T18:36:06.306+08:00","caller":"stat/metrics.go:210","content":"(croupier-server) - qps: 0.0/s, drops: 0, avg time: 0.0ms, med: 0.0ms, 90th: 0.0ms, 99th: 0.0ms, 99.9th: 0.0ms","level":"stat"}
{"@timestamp":"2026-03-08T18:36:49.983+08:00","caller":"stat/usage.go:82","content":"CPU: 0m, MEMORY: Alloc=6.3Mi, TotalAlloc=46.2Mi, Sys=24.6Mi, NumGC=136","level":"stat"}
{"@timestamp":"2026-03-08T18:36:50.226+08:00","caller":"load/sheddingstat.go:61","content":"(api) shedding_stat [1m], cpu: 0, total: 0, pass: 0, drop: 0","level":"stat"}
{"@timestamp":"2026-03-08T18:37:06.306+08:00","caller":"stat/metrics.go:210","content":"(croupier-server) - qps: 0.0/s, drops: 0, avg time: 0.0ms, med: 0.0ms, 90th: 0.0ms, 99th: 0.0ms, 99.9th: 0.0ms","level":"stat"}
{"@timestamp":"2026-03-08T18:37:49.983+08:00","caller":"stat/usage.go:82","content":"CPU: 0m, MEMORY: Alloc=6.3Mi, TotalAlloc=46.3Mi, Sys=24.6Mi, NumGC=137","level":"stat"}
{"@timestamp":"2026-03-08T18:37:50.226+08:00","caller":"load/sheddingstat.go:61","content":"(api) shedding_stat [1m], cpu: 0, total: 0, pass: 0, drop: 0","level":"stat"}
{"@timestamp":"2026-03-08T18:38:06.306+08:00","caller":"stat/metrics.go:210","content":"(croupier-server) - qps: 0.0/s, drops: 0, avg time: 0.0ms, med: 0.0ms, 90th: 0.0ms, 99th: 0.0ms, 99.9th: 0.0ms","level":"stat"}
{"@timestamp":"2026-03-08T18:38:49.983+08:00","caller":"stat/usage.go:82","content":"CPU: 0m, MEMORY: Alloc=6.3Mi, TotalAlloc=46.4Mi, Sys=24.6Mi, NumGC=137","level":"stat"}
{"@timestamp":"2026-03-08T18:38:50.226+08:00","caller":"load/sheddingstat.go:61","content":"(api) shedding_stat [1m], cpu: 0, total: 0, pass: 0, drop: 0","level":"stat"}
{"@timestamp":"2026-03-08T18:39:06.306+08:00","caller":"stat/metrics.go:210","content":"(croupier-server) - qps: 0.0/s, drops: 0, avg time: 0.0ms, med: 0.0ms, 90th: 0.0ms, 99th: 0.0ms, 99.9th: 0.0ms","level":"stat"}
{"@timestamp":"2026-03-08T18:39:49.983+08:00","caller":"stat/usage.go:82","content":"CPU: 0m, MEMORY: Alloc=6.3Mi, TotalAlloc=46.5Mi, Sys=24.6Mi, NumGC=138","level":"stat"}
{"@timestamp":"2026-03-08T18:39:50.226+08:00","caller":"load/sheddingstat.go:61","content":"(api) shedding_stat [1m], cpu: 0, total: 0, pass: 0, drop: 0","level":"stat"}
{"@timestamp":"2026-03-08T18:40:06.306+08:00","caller":"stat/metrics.go:210","content":"(croupier-server) - qps: 0.0/s, drops: 0, avg time: 0.0ms, med: 0.0ms, 90th: 0.0ms, 99th: 0.0ms, 99.9th: 0.0ms","level":"stat"}
{"@timestamp":"2026-03-08T18:40:49.983+08:00","caller":"stat/usage.go:82","content":"CPU: 0m, MEMORY: Alloc=6.3Mi, TotalAlloc=46.5Mi, Sys=24.6Mi, NumGC=138","level":"stat"}
{"@timestamp":"2026-03-08T18:40:50.226+08:00","caller":"load/sheddingstat.go:61","content":"(api) shedding_stat [1m], cpu: 0, total: 0, pass: 0, drop: 0","level":"stat"}
{"@timestamp":"2026-03-08T18:41:06.306+08:00","caller":"stat/metrics.go:210","content":"(croupier-server) - qps: 0.0/s, drops: 0, avg time: 0.0ms, med: 0.0ms, 90th: 0.0ms, 99th: 0.0ms, 99.9th: 0.0ms","level":"stat"}
{"@timestamp":"2026-03-08T18:41:49.983+08:00","caller":"stat/usage.go:82","content":"CPU: 0m, MEMORY: Alloc=6.3Mi, TotalAlloc=46.7Mi, Sys=24.6Mi, NumGC=139","level":"stat"}
{"@timestamp":"2026-03-08T18:41:50.226+08:00","caller":"load/sheddingstat.go:61","content":"(api) shedding_stat [1m], cpu: 0, total: 0, pass: 0, drop: 0","level":"stat"}
{"@timestamp":"2026-03-08T18:42:06.306+08:00","caller":"stat/metrics.go:210","content":"(croupier-server) - qps: 0.0/s, drops: 0, avg time: 0.0ms, med: 0.0ms, 90th: 0.0ms, 99th: 0.0ms, 99.9th: 0.0ms","level":"stat"}
{"@timestamp":"2026-03-08T18:42:49.983+08:00","caller":"stat/usage.go:82","content":"CPU: 0m, MEMORY: Alloc=6.3Mi, TotalAlloc=46.7Mi, Sys=24.6Mi, NumGC=139","level":"stat"}
{"@timestamp":"2026-03-08T18:42:50.226+08:00","caller":"load/sheddingstat.go:61","content":"(api) shedding_stat [1m], cpu: 0, total: 0, pass: 0, drop: 0","level":"stat"}
{"@timestamp":"2026-03-08T18:43:06.306+08:00","caller":"stat/metrics.go:210","content":"(croupier-server) - qps: 0.0/s, drops: 0, avg time: 0.0ms, med: 0.0ms, 90th: 0.0ms, 99th: 0.0ms, 99.9th: 0.0ms","level":"stat"}
{"@timestamp":"2026-03-08T18:43:49.983+08:00","caller":"stat/usage.go:82","content":"CPU: 0m, MEMORY: Alloc=6.3Mi, TotalAlloc=46.9Mi, Sys=24.6Mi, NumGC=140","level":"stat"}
{"@timestamp":"2026-03-08T18:43:50.226+08:00","caller":"load/sheddingstat.go:61","content":"(api) shedding_stat [1m], cpu: 0, total: 0, pass: 0, drop: 0","level":"stat"}
{"@timestamp":"2026-03-08T18:44:06.306+08:00","caller":"stat/metrics.go:210","content":"(croupier-server) - qps: 0.0/s, drops: 0, avg time: 0.0ms, med: 0.0ms, 90th: 0.0ms, 99th: 0.0ms, 99.9th: 0.0ms","level":"stat"}
{"@timestamp":"2026-03-08T18:44:49.983+08:00","caller":"stat/usage.go:82","content":"CPU: 0m, MEMORY: Alloc=6.3Mi, TotalAlloc=46.9Mi, Sys=24.6Mi, NumGC=140","level":"stat"}
{"@timestamp":"2026-03-08T18:44:50.226+08:00","caller":"load/sheddingstat.go:61","content":"(api) shedding_stat [1m], cpu: 0, total: 0, pass: 0, drop: 0","level":"stat"}
{"@timestamp":"2026-03-08T18:45:06.306+08:00","caller":"stat/metrics.go:210","content":"(croupier-server) - qps: 0.0/s, drops: 0, avg time: 0.0ms, med: 0.0ms, 90th: 0.0ms, 99th: 0.0ms, 99.9th: 0.0ms","level":"stat"}
{"@timestamp":"2026-03-08T18:45:49.983+08:00","caller":"stat/usage.go:82","content":"CPU: 0m, MEMORY: Alloc=6.3Mi, TotalAlloc=47.0Mi, Sys=24.6Mi, NumGC=141","level":"stat"}
{"@timestamp":"2026-03-08T18:45:50.226+08:00","caller":"load/sheddingstat.go:61","content":"(api) shedding_stat [1m], cpu: 0, total: 0, pass: 0, drop: 0","level":"stat"}
{"@timestamp":"2026-03-08T18:46:06.306+08:00","caller":"stat/metrics.go:210","content":"(croupier-server) - qps: 0.0/s, drops: 0, avg time: 0.0ms, med: 0.0ms, 90th: 0.0ms, 99th: 0.0ms, 99.9th: 0.0ms","level":"stat"}
{"@timestamp":"2026-03-08T18:46:49.983+08:00","caller":"stat/usage.go:82","content":"CPU: 0m, MEMORY: Alloc=6.3Mi, TotalAlloc=47.1Mi, Sys=24.6Mi, NumGC=141","level":"stat"}
{"@timestamp":"2026-03-08T18:46:50.226+08:00","caller":"load/sheddingstat.go:61","content":"(api) shedding_stat [1m], cpu: 0, total: 0, pass: 0, drop: 0","level":"stat"}
{"@timestamp":"2026-03-08T18:47:06.306+08:00","caller":"stat/metrics.go:210","content":"(croupier-server) - qps: 0.0/s, drops: 0, avg time: 0.0ms, med: 0.0ms, 90th: 0.0ms, 99th: 0.0ms, 99.9th: 0.0ms","level":"stat"}
{"@timestamp":"2026-03-08T18:47:49.983+08:00","caller":"stat/usage.go:82","content":"CPU: 0m, MEMORY: Alloc=6.3Mi, TotalAlloc=47.2Mi, Sys=24.6Mi, NumGC=142","level":"stat"}
{"@timestamp":"2026-03-08T18:47:50.226+08:00","caller":"load/sheddingstat.go:61","content":"(api) shedding_stat [1m], cpu: 0, total: 0, pass: 0, drop: 0","level":"stat"}
{"@timestamp":"2026-03-08T18:48:06.306+08:00","caller":"stat/metrics.go:210","content":"(croupier-server) - qps: 0.0/s, drops: 0, avg time: 0.0ms, med: 0.0ms, 90th: 0.0ms, 99th: 0.0ms, 99.9th: 0.0ms","level":"stat"}
{"@timestamp":"2026-03-08T18:48:49.983+08:00","caller":"stat/usage.go:82","content":"CPU: 0m, MEMORY: Alloc=6.3Mi, TotalAlloc=47.2Mi, Sys=24.6Mi, NumGC=142","level":"stat"}
{"@timestamp":"2026-03-08T18:48:50.226+08:00","caller":"load/sheddingstat.go:61","content":"(api) shedding_stat [1m], cpu: 0, total: 0, pass: 0, drop: 0","level":"stat"}
{"@timestamp":"2026-03-08T18:49:06.306+08:00","caller":"stat/metrics.go:210","content":"(croupier-server) - qps: 0.0/s, drops: 0, avg time: 0.0ms, med: 0.0ms, 90th: 0.0ms, 99th: 0.0ms, 99.9th: 0.0ms","level":"stat"}
{"@timestamp":"2026-03-08T18:49:49.983+08:00","caller":"stat/usage.go:82","content":"CPU: 0m, MEMORY: Alloc=6.3Mi, TotalAlloc=47.4Mi, Sys=24.6Mi, NumGC=143","level":"stat"}
{"@timestamp":"2026-03-08T18:49:50.226+08:00","caller":"load/sheddingstat.go:61","content":"(api) shedding_stat [1m], cpu: 0, total: 0, pass: 0, drop: 0","level":"stat"}
{"@timestamp":"2026-03-08T18:50:06.306+08:00","caller":"stat/metrics.go:210","content":"(croupier-server) - qps: 0.0/s, drops: 0, avg time: 0.0ms, med: 0.0ms, 90th: 0.0ms, 99th: 0.0ms, 99.9th: 0.0ms","level":"stat"}
{"@timestamp":"2026-03-08T18:50:49.983+08:00","caller":"stat/usage.go:82","content":"CPU: 0m, MEMORY: Alloc=6.3Mi, TotalAlloc=47.4Mi, Sys=24.6Mi, NumGC=143","level":"stat"}
{"@timestamp":"2026-03-08T18:50:50.226+08:00","caller":"load/sheddingstat.go:61","content":"(api) shedding_stat [1m], cpu: 0, total: 0, pass: 0, drop: 0","level":"stat"}
{"@timestamp":"2026-03-08T18:51:06.306+08:00","caller":"stat/metrics.go:210","content":"(croupier-server) - qps: 0.0/s, drops: 0, avg time: 0.0ms, med: 0.0ms, 90th: 0.0ms, 99th: 0.0ms, 99.9th: 0.0ms","level":"stat"}
{"@timestamp":"2026-03-08T18:51:49.983+08:00","caller":"stat/usage.go:82","content":"CPU: 0m, MEMORY: Alloc=6.3Mi, TotalAlloc=47.6Mi, Sys=24.6Mi, NumGC=144","level":"stat"}
{"@timestamp":"2026-03-08T18:51:50.226+08:00","caller":"load/sheddingstat.go:61","content":"(api) shedding_stat [1m], cpu: 0, total: 0, pass: 0, drop: 0","level":"stat"}
{"@timestamp":"2026-03-08T18:52:06.306+08:00","caller":"stat/metrics.go:210","content":"(croupier-server) - qps: 0.0/s, drops: 0, avg time: 0.0ms, med: 0.0ms, 90th: 0.0ms, 99th: 0.0ms, 99.9th: 0.0ms","level":"stat"}
{"@timestamp":"2026-03-08T18:52:49.983+08:00","caller":"stat/usage.go:82","content":"CPU: 0m, MEMORY: Alloc=6.3Mi, TotalAlloc=47.6Mi, Sys=24.6Mi, NumGC=144","level":"stat"}
{"@timestamp":"2026-03-08T18:52:50.226+08:00","caller":"load/sheddingstat.go:61","content":"(api) shedding_stat [1m], cpu: 0, total: 0, pass: 0, drop: 0","level":"stat"}
{"@timestamp":"2026-03-08T18:53:06.306+08:00","caller":"stat/metrics.go:210","content":"(croupier-server) - qps: 0.0/s, drops: 0, avg time: 0.0ms, med: 0.0ms, 90th: 0.0ms, 99th: 0.0ms, 99.9th: 0.0ms","level":"stat"}
{"@timestamp":"2026-03-08T18:53:49.983+08:00","caller":"stat/usage.go:82","content":"CPU: 0m, MEMORY: Alloc=6.3Mi, TotalAlloc=47.8Mi, Sys=24.6Mi, NumGC=145","level":"stat"}
{"@timestamp":"2026-03-08T18:53:50.226+08:00","caller":"load/sheddingstat.go:61","content":"(api) shedding_stat [1m], cpu: 0, total: 0, pass: 0, drop: 0","level":"stat"}
{"@timestamp":"2026-03-08T18:54:06.306+08:00","caller":"stat/metrics.go:210","content":"(croupier-server) - qps: 0.0/s, drops: 0, avg time: 0.0ms, med: 0.0ms, 90th: 0.0ms, 99th: 0.0ms, 99.9th: 0.0ms","level":"stat"}
{"@timestamp":"2026-03-08T18:54:49.983+08:00","caller":"stat/usage.go:82","content":"CPU: 0m, MEMORY: Alloc=6.3Mi, TotalAlloc=47.8Mi, Sys=24.6Mi, NumGC=145","level":"stat"}
{"@timestamp":"2026-03-08T18:54:50.226+08:00","caller":"load/sheddingstat.go:61","content":"(api) shedding_stat [1m], cpu: 0, total: 0, pass: 0, drop: 0","level":"stat"}
{"@timestamp":"2026-03-08T18:55:06.306+08:00","caller":"stat/metrics.go:210","content":"(croupier-server) - qps: 0.0/s, drops: 0, avg time: 0.0ms, med: 0.0ms, 90th: 0.0ms, 99th: 0.0ms, 99.9th: 0.0ms","level":"stat"}
{"@timestamp":"2026-03-08T18:55:49.983+08:00","caller":"stat/usage.go:82","content":"CPU: 0m, MEMORY: Alloc=6.3Mi, TotalAlloc=48.0Mi, Sys=24.6Mi, NumGC=146","level":"stat"}
{"@timestamp":"2026-03-08T18:55:50.226+08:00","caller":"load/sheddingstat.go:61","content":"(api) shedding_stat [1m], cpu: 0, total: 0, pass: 0, drop: 0","level":"stat"}
{"@timestamp":"2026-03-08T18:56:06.306+08:00","caller":"stat/metrics.go:210","content":"(croupier-server) - qps: 0.0/s, drops: 0, avg time: 0.0ms, med: 0.0ms, 90th: 0.0ms, 99th: 0.0ms, 99.9th: 0.0ms","level":"stat"}
{"@timestamp":"2026-03-08T18:56:49.983+08:00","caller":"stat/usage.go:82","content":"CPU: 0m, MEMORY: Alloc=6.3Mi, TotalAlloc=48.0Mi, Sys=24.6Mi, NumGC=146","level":"stat"}
{"@timestamp":"2026-03-08T18:56:50.226+08:00","caller":"load/sheddingstat.go:61","content":"(api) shedding_stat [1m], cpu: 0, total: 0, pass: 0, drop: 0","level":"stat"}
{"@timestamp":"2026-03-08T18:57:06.306+08:00","caller":"stat/metrics.go:210","content":"(croupier-server) - qps: 0.0/s, drops: 0, avg time: 0.0ms, med: 0.0ms, 90th: 0.0ms, 99th: 0.0ms, 99.9th: 0.0ms","level":"stat"}
{"@timestamp":"2026-03-08T18:57:49.983+08:00","caller":"stat/usage.go:82","content":"CPU: 0m, MEMORY: Alloc=6.3Mi, TotalAlloc=48.2Mi, Sys=24.6Mi, NumGC=147","level":"stat"}
{"@timestamp":"2026-03-08T18:57:50.226+08:00","caller":"load/sheddingstat.go:61","content":"(api) shedding_stat [1m], cpu: 0, total: 0, pass: 0, drop: 0","level":"stat"}
{"@timestamp":"2026-03-08T18:58:06.306+08:00","caller":"stat/metrics.go:210","content":"(croupier-server) - qps: 0.0/s, drops: 0, avg time: 0.0ms, med: 0.0ms, 90th: 0.0ms, 99th: 0.0ms, 99.9th: 0.0ms","level":"stat"}
{"@timestamp":"2026-03-08T18:58:49.983+08:00","caller":"stat/usage.go:82","content":"CPU: 0m, MEMORY: Alloc=6.3Mi, TotalAlloc=48.2Mi, Sys=24.6Mi, NumGC=147","level":"stat"}
{"@timestamp":"2026-03-08T18:58:50.226+08:00","caller":"load/sheddingstat.go:61","content":"(api) shedding_stat [1m], cpu: 0, total: 0, pass: 0, drop: 0","level":"stat"}
{"@timestamp":"2026-03-08T18:59:06.306+08:00","caller":"stat/metrics.go:210","content":"(croupier-server) - qps: 0.0/s, drops: 0, avg time: 0.0ms, med: 0.0ms, 90th: 0.0ms, 99th: 0.0ms, 99.9th: 0.0ms","level":"stat"}
{"@timestamp":"2026-03-08T18:59:49.983+08:00","caller":"stat/usage.go:82","content":"CPU: 0m, MEMORY: Alloc=6.3Mi, TotalAlloc=48.3Mi, Sys=24.6Mi, NumGC=148","level":"stat"}
{"@timestamp":"2026-03-08T18:59:50.226+08:00","caller":"load/sheddingstat.go:61","content":"(api) shedding_stat [1m], cpu: 0, total: 0, pass: 0, drop: 0","level":"stat"}
{"@timestamp":"2026-03-08T19:00:06.306+08:00","caller":"stat/metrics.go:210","content":"(croupier-server) - qps: 0.0/s, drops: 0, avg time: 0.0ms, med: 0.0ms, 90th: 0.0ms, 99th: 0.0ms, 99.9th: 0.0ms","level":"stat"}
{"@timestamp":"2026-03-08T19:00:49.983+08:00","caller":"stat/usage.go:82","content":"CPU: 0m, MEMORY: Alloc=6.3Mi, TotalAlloc=48.4Mi, Sys=24.6Mi, NumGC=148","level":"stat"}
{"@timestamp":"2026-03-08T19:00:50.226+08:00","caller":"load/sheddingstat.go:61","content":"(api) shedding_stat [1m], cpu: 0, total: 0, pass: 0, drop: 0","level":"stat"}
{"@timestamp":"2026-03-08T19:01:06.306+08:00","caller":"stat/metrics.go:210","content":"(croupier-server) - qps: 0.0/s, drops: 0, avg time: 0.0ms, med: 0.0ms, 90th: 0.0ms, 99th: 0.0ms, 99.9th: 0.0ms","level":"stat"}
{"@timestamp":"2026-03-08T19:01:49.983+08:00","caller":"stat/usage.go:82","content":"CPU: 0m, MEMORY: Alloc=6.3Mi, TotalAlloc=48.5Mi, Sys=24.6Mi, NumGC=149","level":"stat"}
{"@timestamp":"2026-03-08T19:01:50.226+08:00","caller":"load/sheddingstat.go:61","content":"(api) shedding_stat [1m], cpu: 0, total: 0, pass: 0, drop: 0","level":"stat"}
{"@timestamp":"2026-03-08T19:02:06.306+08:00","caller":"stat/metrics.go:210","content":"(croupier-server) - qps: 0.0/s, drops: 0, avg time: 0.0ms, med: 0.0ms, 90th: 0.0ms, 99th: 0.0ms, 99.9th: 0.0ms","level":"stat"}
{"@timestamp":"2026-03-08T19:02:49.983+08:00","caller":"stat/usage.go:82","content":"CPU: 0m, MEMORY: Alloc=6.3Mi, TotalAlloc=48.6Mi, Sys=24.6Mi, NumGC=149","level":"stat"}
{"@timestamp":"2026-03-08T19:02:50.226+08:00","caller":"load/sheddingstat.go:61","content":"(api) shedding_stat [1m], cpu: 0, total: 0, pass: 0, drop: 0","level":"stat"}
{"@timestamp":"2026-03-08T19:03:06.306+08:00","caller":"stat/metrics.go:210","content":"(croupier-server) - qps: 0.0/s, drops: 0, avg time: 0.0ms, med: 0.0ms, 90th: 0.0ms, 99th: 0.0ms, 99.9th: 0.0ms","level":"stat"}
{"@timestamp":"2026-03-08T19:03:49.983+08:00","caller":"stat/usage.go:82","content":"CPU: 0m, MEMORY: Alloc=6.3Mi, TotalAlloc=48.7Mi, Sys=24.6Mi, NumGC=150","level":"stat"}
{"@timestamp":"2026-03-08T19:03:50.226+08:00","caller":"load/sheddingstat.go:61","content":"(api) shedding_stat [1m], cpu: 0, total: 0, pass: 0, drop: 0","level":"stat"}
{"@timestamp":"2026-03-08T19:04:06.306+08:00","caller":"stat/metrics.go:210","content":"(croupier-server) - qps: 0.0/s, drops: 0, avg time: 0.0ms, med: 0.0ms, 90th: 0.0ms, 99th: 0.0ms, 99.9th: 0.0ms","level":"stat"}
{"@timestamp":"2026-03-08T19:04:49.983+08:00","caller":"stat/usage.go:82","content":"CPU: 0m, MEMORY: Alloc=6.3Mi, TotalAlloc=48.8Mi, Sys=24.6Mi, NumGC=150","level":"stat"}
{"@timestamp":"2026-03-08T19:04:50.226+08:00","caller":"load/sheddingstat.go:61","content":"(api) shedding_stat [1m], cpu: 0, total: 0, pass: 0, drop: 0","level":"stat"}
{"@timestamp":"2026-03-08T19:05:06.306+08:00","caller":"stat/metrics.go:210","content":"(croupier-server) - qps: 0.0/s, drops: 0, avg time: 0.0ms, med: 0.0ms, 90th: 0.0ms, 99th: 0.0ms, 99.9th: 0.0ms","level":"stat"}
{"@timestamp":"2026-03-08T19:05:49.983+08:00","caller":"stat/usage.go:82","content":"CPU: 0m, MEMORY: Alloc=6.3Mi, TotalAlloc=48.9Mi, Sys=24.6Mi, NumGC=151","level":"stat"}
{"@timestamp":"2026-03-08T19:05:50.226+08:00","caller":"load/sheddingstat.go:61","content":"(api) shedding_stat [1m], cpu: 0, total: 0, pass: 0, drop: 0","level":"stat"}
{"@timestamp":"2026-03-08T19:06:06.306+08:00","caller":"stat/metrics.go:210","content":"(croupier-server) - qps: 0.0/s, drops: 0, avg time: 0.0ms, med: 0.0ms, 90th: 0.0ms, 99th: 0.0ms, 99.9th: 0.0ms","level":"stat"}
{"@timestamp":"2026-03-08T19:06:49.983+08:00","caller":"stat/usage.go:82","content":"CPU: 0m, MEMORY: Alloc=6.3Mi, TotalAlloc=48.9Mi, Sys=24.6Mi, NumGC=151","level":"stat"}
{"@timestamp":"2026-03-08T19:06:50.226+08:00","caller":"load/sheddingstat.go:61","content":"(api) shedding_stat [1m], cpu: 0, total: 0, pass: 0, drop: 0","level":"stat"}
{"@timestamp":"2026-03-08T19:07:06.306+08:00","caller":"stat/metrics.go:210","content":"(croupier-server) - qps: 0.0/s, drops: 0, avg time: 0.0ms, med: 0.0ms, 90th: 0.0ms, 99th: 0.0ms, 99.9th: 0.0ms","level":"stat"}
{"@timestamp":"2026-03-08T19:07:49.983+08:00","caller":"stat/usage.go:82","content":"CPU: 0m, MEMORY: Alloc=6.3Mi, TotalAlloc=49.1Mi, Sys=24.6Mi, NumGC=152","level":"stat"}
{"@timestamp":"2026-03-08T19:07:50.226+08:00","caller":"load/sheddingstat.go:61","content":"(api) shedding_stat [1m], cpu: 0, total: 0, pass: 0, drop: 0","level":"stat"}
{"@timestamp":"2026-03-08T19:08:06.306+08:00","caller":"stat/metrics.go:210","content":"(croupier-server) - qps: 0.0/s, drops: 0, avg time: 0.0ms, med: 0.0ms, 90th: 0.0ms, 99th: 0.0ms, 99.9th: 0.0ms","level":"stat"}
{"@timestamp":"2026-03-08T19:08:49.983+08:00","caller":"stat/usage.go:82","content":"CPU: 0m, MEMORY: Alloc=6.3Mi, TotalAlloc=49.1Mi, Sys=24.6Mi, NumGC=152","level":"stat"}
{"@timestamp":"2026-03-08T19:08:50.226+08:00","caller":"load/sheddingstat.go:61","content":"(api) shedding_stat [1m], cpu: 0, total: 0, pass: 0, drop: 0","level":"stat"}
{"@timestamp":"2026-03-08T19:09:06.306+08:00","caller":"stat/metrics.go:210","content":"(croupier-server) - qps: 0.0/s, drops: 0, avg time: 0.0ms, med: 0.0ms, 90th: 0.0ms, 99th: 0.0ms, 99.9th: 0.0ms","level":"stat"}
{"@timestamp":"2026-03-08T19:09:49.983+08:00","caller":"stat/usage.go:82","content":"CPU: 0m, MEMORY: Alloc=6.3Mi, TotalAlloc=49.3Mi, Sys=24.6Mi, NumGC=153","level":"stat"}
{"@timestamp":"2026-03-08T19:09:50.226+08:00","caller":"load/sheddingstat.go:61","content":"(api) shedding_stat [1m], cpu: 0, total: 0, pass: 0, drop: 0","level":"stat"}
{"@timestamp":"2026-03-08T19:10:06.306+08:00","caller":"stat/metrics.go:210","content":"(croupier-server) - qps: 0.0/s, drops: 0, avg time: 0.0ms, med: 0.0ms, 90th: 0.0ms, 99th: 0.0ms, 99.9th: 0.0ms","level":"stat"}
{"@timestamp":"2026-03-08T19:10:49.983+08:00","caller":"stat/usage.go:82","content":"CPU: 0m, MEMORY: Alloc=6.3Mi, TotalAlloc=49.3Mi, Sys=24.6Mi, NumGC=153","level":"stat"}
{"@timestamp":"2026-03-08T19:10:50.226+08:00","caller":"load/sheddingstat.go:61","content":"(api) shedding_stat [1m], cpu: 0, total: 0, pass: 0, drop: 0","level":"stat"}
{"@timestamp":"2026-03-08T19:11:06.306+08:00","caller":"stat/metrics.go:210","content":"(croupier-server) - qps: 0.0/s, drops: 0, avg time: 0.0ms, med: 0.0ms, 90th: 0.0ms, 99th: 0.0ms, 99.9th: 0.0ms","level":"stat"}
{"@timestamp":"2026-03-08T19:11:49.983+08:00","caller":"stat/usage.go:82","content":"CPU: 0m, MEMORY: Alloc=6.3Mi, TotalAlloc=49.4Mi, Sys=24.6Mi, NumGC=154","level":"stat"}
{"@timestamp":"2026-03-08T19:11:50.226+08:00","caller":"load/sheddingstat.go:61","content":"(api) shedding_stat [1m], cpu: 0, total: 0, pass: 0, drop: 0","level":"stat"}
{"@timestamp":"2026-03-08T19:12:06.306+08:00","caller":"stat/metrics.go:210","content":"(croupier-server) - qps: 0.0/s, drops: 0, avg time: 0.0ms, med: 0.0ms, 90th: 0.0ms, 99th: 0.0ms, 99.9th: 0.0ms","level":"stat"}
{"@timestamp":"2026-03-08T19:12:49.983+08:00","caller":"stat/usage.go:82","content":"CPU: 0m, MEMORY: Alloc=6.3Mi, TotalAlloc=49.5Mi, Sys=24.6Mi, NumGC=154","level":"stat"}
{"@timestamp":"2026-03-08T19:12:50.226+08:00","caller":"load/sheddingstat.go:61","content":"(api) shedding_stat [1m], cpu: 0, total: 0, pass: 0, drop: 0","level":"stat"}
{"@timestamp":"2026-03-08T19:13:06.306+08:00","caller":"stat/metrics.go:210","content":"(croupier-server) - qps: 0.0/s, drops: 0, avg time: 0.0ms, med: 0.0ms, 90th: 0.0ms, 99th: 0.0ms, 99.9th: 0.0ms","level":"stat"}
{"@timestamp":"2026-03-08T19:13:49.983+08:00","caller":"stat/usage.go:82","content":"CPU: 0m, MEMORY: Alloc=6.3Mi, TotalAlloc=49.6Mi, Sys=24.6Mi, NumGC=155","level":"stat"}
{"@timestamp":"2026-03-08T19:13:50.226+08:00","caller":"load/sheddingstat.go:61","content":"(api) shedding_stat [1m], cpu: 0, total: 0, pass: 0, drop: 0","level":"stat"}
{"@timestamp":"2026-03-08T19:14:06.306+08:00","caller":"stat/metrics.go:210","content":"(croupier-server) - qps: 0.0/s, drops: 0, avg time: 0.0ms, med: 0.0ms, 90th: 0.0ms, 99th: 0.0ms, 99.9th: 0.0ms","level":"stat"}
{"@timestamp":"2026-03-08T19:14:49.983+08:00","caller":"stat/usage.go:82","content":"CPU: 0m, MEMORY: Alloc=6.3Mi, TotalAlloc=49.7Mi, Sys=24.6Mi, NumGC=155","level":"stat"}
{"@timestamp":"2026-03-08T19:14:50.226+08:00","caller":"load/sheddingstat.go:61","content":"(api) shedding_stat [1m], cpu: 0, total: 0, pass: 0, drop: 0","level":"stat"}
{"@timestamp":"2026-03-08T19:15:06.306+08:00","caller":"stat/metrics.go:210","content":"(croupier-server) - qps: 0.0/s, drops: 0, avg time: 0.0ms, med: 0.0ms, 90th: 0.0ms, 99th: 0.0ms, 99.9th: 0.0ms","level":"stat"}
{"@timestamp":"2026-03-08T19:15:49.983+08:00","caller":"stat/usage.go:82","content":"CPU: 0m, MEMORY: Alloc=6.3Mi, TotalAlloc=49.8Mi, Sys=24.6Mi, NumGC=156","level":"stat"}
{"@timestamp":"2026-03-08T19:15:50.226+08:00","caller":"load/sheddingstat.go:61","content":"(api) shedding_stat [1m], cpu: 0, total: 0, pass: 0, drop: 0","level":"stat"}
{"@timestamp":"2026-03-08T19:16:06.306+08:00","caller":"stat/metrics.go:210","content":"(croupier-server) - qps: 0.0/s, drops: 0, avg time: 0.0ms, med: 0.0ms, 90th: 0.0ms, 99th: 0.0ms, 99.9th: 0.0ms","level":"stat"}
{"@timestamp":"2026-03-08T19:16:49.983+08:00","caller":"stat/usage.go:82","content":"CPU: 0m, MEMORY: Alloc=6.3Mi, TotalAlloc=49.9Mi, Sys=24.6Mi, NumGC=156","level":"stat"}
{"@timestamp":"2026-03-08T19:16:50.226+08:00","caller":"load/sheddingstat.go:61","content":"(api) shedding_stat [1m], cpu: 0, total: 0, pass: 0, drop: 0","level":"stat"}
{"@timestamp":"2026-03-08T19:17:06.306+08:00","caller":"stat/metrics.go:210","content":"(croupier-server) - qps: 0.0/s, drops: 0, avg time: 0.0ms, med: 0.0ms, 90th: 0.0ms, 99th: 0.0ms, 99.9th: 0.0ms","level":"stat"}
{"@timestamp":"2026-03-08T19:17:49.983+08:00","caller":"stat/usage.go:82","content":"CPU: 0m, MEMORY: Alloc=6.3Mi, TotalAlloc=50.0Mi, Sys=24.6Mi, NumGC=157","level":"stat"}
{"@timestamp":"2026-03-08T19:17:50.226+08:00","caller":"load/sheddingstat.go:61","content":"(api) shedding_stat [1m], cpu: 0, total: 0, pass: 0, drop: 0","level":"stat"}
{"@timestamp":"2026-03-08T19:18:06.306+08:00","caller":"stat/metrics.go:210","content":"(croupier-server) - qps: 0.0/s, drops: 0, avg time: 0.0ms, med: 0.0ms, 90th: 0.0ms, 99th: 0.0ms, 99.9th: 0.0ms","level":"stat"}
{"@timestamp":"2026-03-08T19:18:49.983+08:00","caller":"stat/usage.go:82","content":"CPU: 0m, MEMORY: Alloc=6.3Mi, TotalAlloc=50.0Mi, Sys=24.6Mi, NumGC=157","level":"stat"}
{"@timestamp":"2026-03-08T19:18:50.226+08:00","caller":"load/sheddingstat.go:61","content":"(api) shedding_stat [1m], cpu: 0, total: 0, pass: 0, drop: 0","level":"stat"}
{"@timestamp":"2026-03-08T19:19:06.306+08:00","caller":"stat/metrics.go:210","content":"(croupier-server) - qps: 0.0/s, drops: 0, avg time: 0.0ms, med: 0.0ms, 90th: 0.0ms, 99th: 0.0ms, 99.9th: 0.0ms","level":"stat"}
{"@timestamp":"2026-03-08T19:19:49.983+08:00","caller":"stat/usage.go:82","content":"CPU: 0m, MEMORY: Alloc=6.3Mi, TotalAlloc=50.2Mi, Sys=24.6Mi, NumGC=158","level":"stat"}
{"@timestamp":"2026-03-08T19:19:50.226+08:00","caller":"load/sheddingstat.go:61","content":"(api) shedding_stat [1m], cpu: 0, total: 0, pass: 0, drop: 0","level":"stat"}
{"@timestamp":"2026-03-08T19:20:06.306+08:00","caller":"stat/metrics.go:210","content":"(croupier-server) - qps: 0.0/s, drops: 0, avg time: 0.0ms, med: 0.0ms, 90th: 0.0ms, 99th: 0.0ms, 99.9th: 0.0ms","level":"stat"}
{"@timestamp":"2026-03-08T19:20:49.983+08:00","caller":"stat/usage.go:82","content":"CPU: 0m, MEMORY: Alloc=6.3Mi, TotalAlloc=50.2Mi, Sys=24.6Mi, NumGC=158","level":"stat"}
{"@timestamp":"2026-03-08T19:20:50.226+08:00","caller":"load/sheddingstat.go:61","content":"(api) shedding_stat [1m], cpu: 0, total: 0, pass: 0, drop: 0","level":"stat"}
{"@timestamp":"2026-03-08T19:21:06.306+08:00","caller":"stat/metrics.go:210","content":"(croupier-server) - qps: 0.0/s, drops: 0, avg time: 0.0ms, med: 0.0ms, 90th: 0.0ms, 99th: 0.0ms, 99.9th: 0.0ms","level":"stat"}
{"@timestamp":"2026-03-08T19:21:49.983+08:00","caller":"stat/usage.go:82","content":"CPU: 0m, MEMORY: Alloc=6.3Mi, TotalAlloc=50.4Mi, Sys=24.6Mi, NumGC=159","level":"stat"}
{"@timestamp":"2026-03-08T19:21:50.226+08:00","caller":"load/sheddingstat.go:61","content":"(api) shedding_stat [1m], cpu: 0, total: 0, pass: 0, drop: 0","level":"stat"}
{"@timestamp":"2026-03-08T19:22:06.306+08:00","caller":"stat/metrics.go:210","content":"(croupier-server) - qps: 0.0/s, drops: 0, avg time: 0.0ms, med: 0.0ms, 90th: 0.0ms, 99th: 0.0ms, 99.9th: 0.0ms","level":"stat"}
{"@timestamp":"2026-03-08T19:22:49.983+08:00","caller":"stat/usage.go:82","content":"CPU: 0m, MEMORY: Alloc=6.3Mi, TotalAlloc=50.4Mi, Sys=24.6Mi, NumGC=159","level":"stat"}
{"@timestamp":"2026-03-08T19:22:50.226+08:00","caller":"load/sheddingstat.go:61","content":"(api) shedding_stat [1m], cpu: 0, total: 0, pass: 0, drop: 0","level":"stat"}
{"@timestamp":"2026-03-08T19:23:06.306+08:00","caller":"stat/metrics.go:210","content":"(croupier-server) - qps: 0.0/s, drops: 0, avg time: 0.0ms, med: 0.0ms, 90th: 0.0ms, 99th: 0.0ms, 99.9th: 0.0ms","level":"stat"}
{"@timestamp":"2026-03-08T19:23:49.983+08:00","caller":"stat/usage.go:82","content":"CPU: 0m, MEMORY: Alloc=6.3Mi, TotalAlloc=50.6Mi, Sys=24.6Mi, NumGC=160","level":"stat"}
{"@timestamp":"2026-03-08T19:23:50.226+08:00","caller":"load/sheddingstat.go:61","content":"(api) shedding_stat [1m], cpu: 0, total: 0, pass: 0, drop: 0","level":"stat"}
{"@timestamp":"2026-03-08T19:24:06.306+08:00","caller":"stat/metrics.go:210","content":"(croupier-server) - qps: 0.0/s, drops: 0, avg time: 0.0ms, med: 0.0ms, 90th: 0.0ms, 99th: 0.0ms, 99.9th: 0.0ms","level":"stat"}
{"@timestamp":"2026-03-08T19:24:49.983+08:00","caller":"stat/usage.go:82","content":"CPU: 0m, MEMORY: Alloc=6.3Mi, TotalAlloc=50.6Mi, Sys=24.6Mi, NumGC=160","level":"stat"}
{"@timestamp":"2026-03-08T19:24:50.226+08:00","caller":"load/sheddingstat.go:61","content":"(api) shedding_stat [1m], cpu: 0, total: 0, pass: 0, drop: 0","level":"stat"}
{"@timestamp":"2026-03-08T19:25:06.306+08:00","caller":"stat/metrics.go:210","content":"(croupier-server) - qps: 0.0/s, drops: 0, avg time: 0.0ms, med: 0.0ms, 90th: 0.0ms, 99th: 0.0ms, 99.9th: 0.0ms","level":"stat"}
{"@timestamp":"2026-03-08T19:25:49.983+08:00","caller":"stat/usage.go:82","content":"CPU: 0m, MEMORY: Alloc=6.3Mi, TotalAlloc=50.7Mi, Sys=24.6Mi, NumGC=161","level":"stat"}
{"@timestamp":"2026-03-08T19:25:50.226+08:00","caller":"load/sheddingstat.go:61","content":"(api) shedding_stat [1m], cpu: 0, total: 0, pass: 0, drop: 0","level":"stat"}
{"@timestamp":"2026-03-08T19:26:06.306+08:00","caller":"stat/metrics.go:210","content":"(croupier-server) - qps: 0.0/s, drops: 0, avg time: 0.0ms, med: 0.0ms, 90th: 0.0ms, 99th: 0.0ms, 99.9th: 0.0ms","level":"stat"}
{"@timestamp":"2026-03-08T19:26:49.983+08:00","caller":"stat/usage.go:82","content":"CPU: 0m, MEMORY: Alloc=6.3Mi, TotalAlloc=50.8Mi, Sys=24.6Mi, NumGC=161","level":"stat"}
{"@timestamp":"2026-03-08T19:26:50.226+08:00","caller":"load/sheddingstat.go:61","content":"(api) shedding_stat [1m], cpu: 0, total: 0, pass: 0, drop: 0","level":"stat"}
{"@timestamp":"2026-03-08T19:27:06.306+08:00","caller":"stat/metrics.go:210","content":"(croupier-server) - qps: 0.0/s, drops: 0, avg time: 0.0ms, med: 0.0ms, 90th: 0.0ms, 99th: 0.0ms, 99.9th: 0.0ms","level":"stat"}
{"@timestamp":"2026-03-08T19:27:49.983+08:00","caller":"stat/usage.go:82","content":"CPU: 0m, MEMORY: Alloc=6.3Mi, TotalAlloc=50.9Mi, Sys=24.6Mi, NumGC=162","level":"stat"}
{"@timestamp":"2026-03-08T19:27:50.226+08:00","caller":"load/sheddingstat.go:61","content":"(api) shedding_stat [1m], cpu: 0, total: 0, pass: 0, drop: 0","level":"stat"}
{"@timestamp":"2026-03-08T19:28:06.306+08:00","caller":"stat/metrics.go:210","content":"(croupier-server) - qps: 0.0/s, drops: 0, avg time: 0.0ms, med: 0.0ms, 90th: 0.0ms, 99th: 0.0ms, 99.9th: 0.0ms","level":"stat"}
{"@timestamp":"2026-03-08T19:28:49.983+08:00","caller":"stat/usage.go:82","content":"CPU: 0m, MEMORY: Alloc=6.3Mi, TotalAlloc=51.0Mi, Sys=24.6Mi, NumGC=162","level":"stat"}
{"@timestamp":"2026-03-08T19:28:50.226+08:00","caller":"load/sheddingstat.go:61","content":"(api) shedding_stat [1m], cpu: 0, total: 0, pass: 0, drop: 0","level":"stat"}
{"@timestamp":"2026-03-08T19:29:06.306+08:00","caller":"stat/metrics.go:210","content":"(croupier-server) - qps: 0.0/s, drops: 0, avg time: 0.0ms, med: 0.0ms, 90th: 0.0ms, 99th: 0.0ms, 99.9th: 0.0ms","level":"stat"}
{"@timestamp":"2026-03-08T19:29:49.983+08:00","caller":"stat/usage.go:82","content":"CPU: 0m, MEMORY: Alloc=6.3Mi, TotalAlloc=51.1Mi, Sys=24.6Mi, NumGC=163","level":"stat"}
{"@timestamp":"2026-03-08T19:29:50.226+08:00","caller":"load/sheddingstat.go:61","content":"(api) shedding_stat [1m], cpu: 0, total: 0, pass: 0, drop: 0","level":"stat"}
{"@timestamp":"2026-03-08T19:30:06.306+08:00","caller":"stat/metrics.go:210","content":"(croupier-server) - qps: 0.0/s, drops: 0, avg time: 0.0ms, med: 0.0ms, 90th: 0.0ms, 99th: 0.0ms, 99.9th: 0.0ms","level":"stat"}
{"@timestamp":"2026-03-08T19:30:49.983+08:00","caller":"stat/usage.go:82","content":"CPU: 0m, MEMORY: Alloc=6.3Mi, TotalAlloc=51.2Mi, Sys=24.6Mi, NumGC=163","level":"stat"}
{"@timestamp":"2026-03-08T19:30:50.226+08:00","caller":"load/sheddingstat.go:61","content":"(api) shedding_stat [1m], cpu: 0, total: 0, pass: 0, drop: 0","level":"stat"}
{"@timestamp":"2026-03-08T19:31:06.306+08:00","caller":"stat/metrics.go:210","content":"(croupier-server) - qps: 0.0/s, drops: 0, avg time: 0.0ms, med: 0.0ms, 90th: 0.0ms, 99th: 0.0ms, 99.9th: 0.0ms","level":"stat"}
{"@timestamp":"2026-03-08T19:31:49.983+08:00","caller":"stat/usage.go:82","content":"CPU: 0m, MEMORY: Alloc=6.3Mi, TotalAlloc=51.3Mi, Sys=24.6Mi, NumGC=164","level":"stat"}
{"@timestamp":"2026-03-08T19:31:50.226+08:00","caller":"load/sheddingstat.go:61","content":"(api) shedding_stat [1m], cpu: 0, total: 0, pass: 0, drop: 0","level":"stat"}
{"@timestamp":"2026-03-08T19:32:06.306+08:00","caller":"stat/metrics.go:210","content":"(croupier-server) - qps: 0.0/s, drops: 0, avg time: 0.0ms, med: 0.0ms, 90th: 0.0ms, 99th: 0.0ms, 99.9th: 0.0ms","level":"stat"}
{"@timestamp":"2026-03-08T19:32:49.983+08:00","caller":"stat/usage.go:82","content":"CPU: 0m, MEMORY: Alloc=6.3Mi, TotalAlloc=51.3Mi, Sys=24.6Mi, NumGC=164","level":"stat"}
{"@timestamp":"2026-03-08T19:32:50.226+08:00","caller":"load/sheddingstat.go:61","content":"(api) shedding_stat [1m], cpu: 0, total: 0, pass: 0, drop: 0","level":"stat"}
{"@timestamp":"2026-03-08T19:33:06.306+08:00","caller":"stat/metrics.go:210","content":"(croupier-server) - qps: 0.0/s, drops: 0, avg time: 0.0ms, med: 0.0ms, 90th: 0.0ms, 99th: 0.0ms, 99.9th: 0.0ms","level":"stat"}
{"@timestamp":"2026-03-08T19:33:49.983+08:00","caller":"stat/usage.go:82","content":"CPU: 0m, MEMORY: Alloc=6.3Mi, TotalAlloc=51.5Mi, Sys=24.6Mi, NumGC=165","level":"stat"}
{"@timestamp":"2026-03-08T19:33:50.226+08:00","caller":"load/sheddingstat.go:61","content":"(api) shedding_stat [1m], cpu: 0, total: 0, pass: 0, drop: 0","level":"stat"}
{"@timestamp":"2026-03-08T19:34:06.306+08:00","caller":"stat/metrics.go:210","content":"(croupier-server) - qps: 0.0/s, drops: 0, avg time: 0.0ms, med: 0.0ms, 90th: 0.0ms, 99th: 0.0ms, 99.9th: 0.0ms","level":"stat"}
{"@timestamp":"2026-03-08T19:34:49.983+08:00","caller":"stat/usage.go:82","content":"CPU: 0m, MEMORY: Alloc=6.4Mi, TotalAlloc=51.5Mi, Sys=24.6Mi, NumGC=165","level":"stat"}
{"@timestamp":"2026-03-08T19:34:50.226+08:00","caller":"load/sheddingstat.go:61","content":"(api) shedding_stat [1m], cpu: 0, total: 0, pass: 0, drop: 0","level":"stat"}
{"@timestamp":"2026-03-08T19:35:06.306+08:00","caller":"stat/metrics.go:210","content":"(croupier-server) - qps: 0.0/s, drops: 0, avg time: 0.0ms, med: 0.0ms, 90th: 0.0ms, 99th: 0.0ms, 99.9th: 0.0ms","level":"stat"}
{"@timestamp":"2026-03-08T19:35:49.983+08:00","caller":"stat/usage.go:82","content":"CPU: 0m, MEMORY: Alloc=6.3Mi, TotalAlloc=51.7Mi, Sys=24.6Mi, NumGC=166","level":"stat"}
{"@timestamp":"2026-03-08T19:35:50.226+08:00","caller":"load/sheddingstat.go:61","content":"(api) shedding_stat [1m], cpu: 0, total: 0, pass: 0, drop: 0","level":"stat"}
{"@timestamp":"2026-03-08T19:36:06.306+08:00","caller":"stat/metrics.go:210","content":"(croupier-server) - qps: 0.0/s, drops: 0, avg time: 0.0ms, med: 0.0ms, 90th: 0.0ms, 99th: 0.0ms, 99.9th: 0.0ms","level":"stat"}
{"@timestamp":"2026-03-08T19:36:49.983+08:00","caller":"stat/usage.go:82","content":"CPU: 0m, MEMORY: Alloc=6.4Mi, TotalAlloc=51.7Mi, Sys=24.6Mi, NumGC=166","level":"stat"}
{"@timestamp":"2026-03-08T19:36:50.226+08:00","caller":"load/sheddingstat.go:61","content":"(api) shedding_stat [1m], cpu: 0, total: 0, pass: 0, drop: 0","level":"stat"}
{"@timestamp":"2026-03-08T19:37:06.306+08:00","caller":"stat/metrics.go:210","content":"(croupier-server) - qps: 0.0/s, drops: 0, avg time: 0.0ms, med: 0.0ms, 90th: 0.0ms, 99th: 0.0ms, 99.9th: 0.0ms","level":"stat"}
{"@timestamp":"2026-03-08T19:37:49.983+08:00","caller":"stat/usage.go:82","content":"CPU: 0m, MEMORY: Alloc=6.3Mi, TotalAlloc=51.9Mi, Sys=24.6Mi, NumGC=167","level":"stat"}
{"@timestamp":"2026-03-08T19:37:50.226+08:00","caller":"load/sheddingstat.go:61","content":"(api) shedding_stat [1m], cpu: 0, total: 0, pass: 0, drop: 0","level":"stat"}
{"@timestamp":"2026-03-08T19:38:06.306+08:00","caller":"stat/metrics.go:210","content":"(croupier-server) - qps: 0.0/s, drops: 0, avg time: 0.0ms, med: 0.0ms, 90th: 0.0ms, 99th: 0.0ms, 99.9th: 0.0ms","level":"stat"}
{"@timestamp":"2026-03-08T19:38:49.983+08:00","caller":"stat/usage.go:82","content":"CPU: 0m, MEMORY: Alloc=6.3Mi, TotalAlloc=51.9Mi, Sys=24.6Mi, NumGC=167","level":"stat"}
{"@timestamp":"2026-03-08T19:38:50.226+08:00","caller":"load/sheddingstat.go:61","content":"(api) shedding_stat [1m], cpu: 0, total: 0, pass: 0, drop: 0","level":"stat"}
{"@timestamp":"2026-03-08T19:39:06.306+08:00","caller":"stat/metrics.go:210","content":"(croupier-server) - qps: 0.0/s, drops: 0, avg time: 0.0ms, med: 0.0ms, 90th: 0.0ms, 99th: 0.0ms, 99.9th: 0.0ms","level":"stat"}
{"@timestamp":"2026-03-08T19:39:49.983+08:00","caller":"stat/usage.go:82","content":"CPU: 0m, MEMORY: Alloc=6.3Mi, TotalAlloc=52.0Mi, Sys=24.6Mi, NumGC=168","level":"stat"}
{"@timestamp":"2026-03-08T19:39:50.226+08:00","caller":"load/sheddingstat.go:61","content":"(api) shedding_stat [1m], cpu: 0, total: 0, pass: 0, drop: 0","level":"stat"}
{"@timestamp":"2026-03-08T19:40:06.306+08:00","caller":"stat/metrics.go:210","content":"(croupier-server) - qps: 0.0/s, drops: 0, avg time: 0.0ms, med: 0.0ms, 90th: 0.0ms, 99th: 0.0ms, 99.9th: 0.0ms","level":"stat"}
{"@timestamp":"2026-03-08T19:40:49.983+08:00","caller":"stat/usage.go:82","content":"CPU: 0m, MEMORY: Alloc=6.3Mi, TotalAlloc=52.1Mi, Sys=24.6Mi, NumGC=168","level":"stat"}
{"@timestamp":"2026-03-08T19:40:50.226+08:00","caller":"load/sheddingstat.go:61","content":"(api) shedding_stat [1m], cpu: 0, total: 0, pass: 0, drop: 0","level":"stat"}
{"@timestamp":"2026-03-08T19:41:06.306+08:00","caller":"stat/metrics.go:210","content":"(croupier-server) - qps: 0.0/s, drops: 0, avg time: 0.0ms, med: 0.0ms, 90th: 0.0ms, 99th: 0.0ms, 99.9th: 0.0ms","level":"stat"}
{"@timestamp":"2026-03-08T19:41:49.983+08:00","caller":"stat/usage.go:82","content":"CPU: 0m, MEMORY: Alloc=6.3Mi, TotalAlloc=52.2Mi, Sys=24.6Mi, NumGC=169","level":"stat"}
{"@timestamp":"2026-03-08T19:41:50.226+08:00","caller":"load/sheddingstat.go:61","content":"(api) shedding_stat [1m], cpu: 0, total: 0, pass: 0, drop: 0","level":"stat"}
{"@timestamp":"2026-03-08T19:42:06.306+08:00","caller":"stat/metrics.go:210","content":"(croupier-server) - qps: 0.0/s, drops: 0, avg time: 0.0ms, med: 0.0ms, 90th: 0.0ms, 99th: 0.0ms, 99.9th: 0.0ms","level":"stat"}
{"@timestamp":"2026-03-08T19:42:49.983+08:00","caller":"stat/usage.go:82","content":"CPU: 0m, MEMORY: Alloc=6.3Mi, TotalAlloc=52.3Mi, Sys=24.6Mi, NumGC=169","level":"stat"}
{"@timestamp":"2026-03-08T19:42:50.226+08:00","caller":"load/sheddingstat.go:61","content":"(api) shedding_stat [1m], cpu: 0, total: 0, pass: 0, drop: 0","level":"stat"}
{"@timestamp":"2026-03-08T19:43:06.306+08:00","caller":"stat/metrics.go:210","content":"(croupier-server) - qps: 0.0/s, drops: 0, avg time: 0.0ms, med: 0.0ms, 90th: 0.0ms, 99th: 0.0ms, 99.9th: 0.0ms","level":"stat"}
{"@timestamp":"2026-03-08T19:43:49.983+08:00","caller":"stat/usage.go:82","content":"CPU: 0m, MEMORY: Alloc=6.3Mi, TotalAlloc=52.4Mi, Sys=24.6Mi, NumGC=170","level":"stat"}
{"@timestamp":"2026-03-08T19:43:50.226+08:00","caller":"load/sheddingstat.go:61","content":"(api) shedding_stat [1m], cpu: 0, total: 0, pass: 0, drop: 0","level":"stat"}
{"@timestamp":"2026-03-08T19:44:06.306+08:00","caller":"stat/metrics.go:210","content":"(croupier-server) - qps: 0.0/s, drops: 0, avg time: 0.0ms, med: 0.0ms, 90th: 0.0ms, 99th: 0.0ms, 99.9th: 0.0ms","level":"stat"}
{"@timestamp":"2026-03-08T19:44:49.983+08:00","caller":"stat/usage.go:82","content":"CPU: 0m, MEMORY: Alloc=6.3Mi, TotalAlloc=52.4Mi, Sys=24.6Mi, NumGC=170","level":"stat"}
{"@timestamp":"2026-03-08T19:44:50.226+08:00","caller":"load/sheddingstat.go:61","content":"(api) shedding_stat [1m], cpu: 0, total: 0, pass: 0, drop: 0","level":"stat"}
{"@timestamp":"2026-03-08T19:45:06.306+08:00","caller":"stat/metrics.go:210","content":"(croupier-server) - qps: 0.0/s, drops: 0, avg time: 0.0ms, med: 0.0ms, 90th: 0.0ms, 99th: 0.0ms, 99.9th: 0.0ms","level":"stat"}
{"@timestamp":"2026-03-08T19:45:49.983+08:00","caller":"stat/usage.go:82","content":"CPU: 0m, MEMORY: Alloc=6.3Mi, TotalAlloc=52.6Mi, Sys=24.6Mi, NumGC=171","level":"stat"}
{"@timestamp":"2026-03-08T19:45:50.226+08:00","caller":"load/sheddingstat.go:61","content":"(api) shedding_stat [1m], cpu: 0, total: 0, pass: 0, drop: 0","level":"stat"}
{"@timestamp":"2026-03-08T19:46:06.306+08:00","caller":"stat/metrics.go:210","content":"(croupier-server) - qps: 0.0/s, drops: 0, avg time: 0.0ms, med: 0.0ms, 90th: 0.0ms, 99th: 0.0ms, 99.9th: 0.0ms","level":"stat"}
{"@timestamp":"2026-03-08T19:46:49.983+08:00","caller":"stat/usage.go:82","content":"CPU: 0m, MEMORY: Alloc=6.4Mi, TotalAlloc=52.6Mi, Sys=24.6Mi, NumGC=171","level":"stat"}
{"@timestamp":"2026-03-08T19:46:50.226+08:00","caller":"load/sheddingstat.go:61","content":"(api) shedding_stat [1m], cpu: 0, total: 0, pass: 0, drop: 0","level":"stat"}
{"@timestamp":"2026-03-08T19:47:06.306+08:00","caller":"stat/metrics.go:210","content":"(croupier-server) - qps: 0.0/s, drops: 0, avg time: 0.0ms, med: 0.0ms, 90th: 0.0ms, 99th: 0.0ms, 99.9th: 0.0ms","level":"stat"}
{"@timestamp":"2026-03-08T19:47:49.983+08:00","caller":"stat/usage.go:82","content":"CPU: 0m, MEMORY: Alloc=6.3Mi, TotalAlloc=52.8Mi, Sys=24.6Mi, NumGC=172","level":"stat"}
{"@timestamp":"2026-03-08T19:47:50.226+08:00","caller":"load/sheddingstat.go:61","content":"(api) shedding_stat [1m], cpu: 0, total: 0, pass: 0, drop: 0","level":"stat"}
{"@timestamp":"2026-03-08T19:48:06.306+08:00","caller":"stat/metrics.go:210","content":"(croupier-server) - qps: 0.0/s, drops: 0, avg time: 0.0ms, med: 0.0ms, 90th: 0.0ms, 99th: 0.0ms, 99.9th: 0.0ms","level":"stat"}
{"@timestamp":"2026-03-08T19:48:49.983+08:00","caller":"stat/usage.go:82","content":"CPU: 0m, MEMORY: Alloc=6.4Mi, TotalAlloc=52.8Mi, Sys=24.6Mi, NumGC=172","level":"stat"}
{"@timestamp":"2026-03-08T19:48:50.226+08:00","caller":"load/sheddingstat.go:61","content":"(api) shedding_stat [1m], cpu: 0, total: 0, pass: 0, drop: 0","level":"stat"}
{"@timestamp":"2026-03-08T19:49:06.306+08:00","caller":"stat/metrics.go:210","content":"(croupier-server) - qps: 0.0/s, drops: 0, avg time: 0.0ms, med: 0.0ms, 90th: 0.0ms, 99th: 0.0ms, 99.9th: 0.0ms","level":"stat"}
{"@timestamp":"2026-03-08T19:49:49.983+08:00","caller":"stat/usage.go:82","content":"CPU: 0m, MEMORY: Alloc=6.3Mi, TotalAlloc=53.0Mi, Sys=24.6Mi, NumGC=173","level":"stat"}
{"@timestamp":"2026-03-08T19:49:50.226+08:00","caller":"load/sheddingstat.go:61","content":"(api) shedding_stat [1m], cpu: 0, total: 0, pass: 0, drop: 0","level":"stat"}
{"@timestamp":"2026-03-08T19:50:06.306+08:00","caller":"stat/metrics.go:210","content":"(croupier-server) - qps: 0.0/s, drops: 0, avg time: 0.0ms, med: 0.0ms, 90th: 0.0ms, 99th: 0.0ms, 99.9th: 0.0ms","level":"stat"}
{"@timestamp":"2026-03-08T19:50:49.983+08:00","caller":"stat/usage.go:82","content":"CPU: 0m, MEMORY: Alloc=6.3Mi, TotalAlloc=53.0Mi, Sys=24.6Mi, NumGC=173","level":"stat"}
{"@timestamp":"2026-03-08T19:50:50.226+08:00","caller":"load/sheddingstat.go:61","content":"(api) shedding_stat [1m], cpu: 0, total: 0, pass: 0, drop: 0","level":"stat"}
{"@timestamp":"2026-03-08T19:51:06.306+08:00","caller":"stat/metrics.go:210","content":"(croupier-server) - qps: 0.0/s, drops: 0, avg time: 0.0ms, med: 0.0ms, 90th: 0.0ms, 99th: 0.0ms, 99.9th: 0.0ms","level":"stat"}
{"@timestamp":"2026-03-08T19:51:49.983+08:00","caller":"stat/usage.go:82","content":"CPU: 0m, MEMORY: Alloc=6.3Mi, TotalAlloc=53.1Mi, Sys=24.6Mi, NumGC=174","level":"stat"}
{"@timestamp":"2026-03-08T19:51:50.226+08:00","caller":"load/sheddingstat.go:61","content":"(api) shedding_stat [1m], cpu: 0, total: 0, pass: 0, drop: 0","level":"stat"}
{"@timestamp":"2026-03-08T19:52:06.306+08:00","caller":"stat/metrics.go:210","content":"(croupier-server) - qps: 0.0/s, drops: 0, avg time: 0.0ms, med: 0.0ms, 90th: 0.0ms, 99th: 0.0ms, 99.9th: 0.0ms","level":"stat"}
{"@timestamp":"2026-03-08T19:52:49.983+08:00","caller":"stat/usage.go:82","content":"CPU: 0m, MEMORY: Alloc=6.3Mi, TotalAlloc=53.2Mi, Sys=24.6Mi, NumGC=174","level":"stat"}
{"@timestamp":"2026-03-08T19:52:50.226+08:00","caller":"load/sheddingstat.go:61","content":"(api) shedding_stat [1m], cpu: 0, total: 0, pass: 0, drop: 0","level":"stat"}
{"@timestamp":"2026-03-08T19:53:06.306+08:00","caller":"stat/metrics.go:210","content":"(croupier-server) - qps: 0.0/s, drops: 0, avg time: 0.0ms, med: 0.0ms, 90th: 0.0ms, 99th: 0.0ms, 99.9th: 0.0ms","level":"stat"}
{"@timestamp":"2026-03-08T19:53:49.983+08:00","caller":"stat/usage.go:82","content":"CPU: 0m, MEMORY: Alloc=6.3Mi, TotalAlloc=53.3Mi, Sys=24.6Mi, NumGC=175","level":"stat"}
{"@timestamp":"2026-03-08T19:53:50.226+08:00","caller":"load/sheddingstat.go:61","content":"(api) shedding_stat [1m], cpu: 0, total: 0, pass: 0, drop: 0","level":"stat"}
{"@timestamp":"2026-03-08T19:54:06.306+08:00","caller":"stat/metrics.go:210","content":"(croupier-server) - qps: 0.0/s, drops: 0, avg time: 0.0ms, med: 0.0ms, 90th: 0.0ms, 99th: 0.0ms, 99.9th: 0.0ms","level":"stat"}
{"@timestamp":"2026-03-08T19:54:49.983+08:00","caller":"stat/usage.go:82","content":"CPU: 0m, MEMORY: Alloc=6.3Mi, TotalAlloc=53.4Mi, Sys=24.6Mi, NumGC=175","level":"stat"}
{"@timestamp":"2026-03-08T19:54:50.226+08:00","caller":"load/sheddingstat.go:61","content":"(api) shedding_stat [1m], cpu: 0, total: 0, pass: 0, drop: 0","level":"stat"}
{"@timestamp":"2026-03-08T19:55:06.306+08:00","caller":"stat/metrics.go:210","content":"(croupier-server) - qps: 0.0/s, drops: 0, avg time: 0.0ms, med: 0.0ms, 90th: 0.0ms, 99th: 0.0ms, 99.9th: 0.0ms","level":"stat"}
{"@timestamp":"2026-03-08T19:55:49.983+08:00","caller":"stat/usage.go:82","content":"CPU: 0m, MEMORY: Alloc=6.3Mi, TotalAlloc=53.5Mi, Sys=24.6Mi, NumGC=176","level":"stat"}
{"@timestamp":"2026-03-08T19:55:50.226+08:00","caller":"load/sheddingstat.go:61","content":"(api) shedding_stat [1m], cpu: 0, total: 0, pass: 0, drop: 0","level":"stat"}
{"@timestamp":"2026-03-08T19:56:06.306+08:00","caller":"stat/metrics.go:210","content":"(croupier-server) - qps: 0.0/s, drops: 0, avg time: 0.0ms, med: 0.0ms, 90th: 0.0ms, 99th: 0.0ms, 99.9th: 0.0ms","level":"stat"}
{"@timestamp":"2026-03-08T19:56:49.983+08:00","caller":"stat/usage.go:82","content":"CPU: 0m, MEMORY: Alloc=6.3Mi, TotalAlloc=53.6Mi, Sys=24.6Mi, NumGC=176","level":"stat"}
{"@timestamp":"2026-03-08T19:56:50.226+08:00","caller":"load/sheddingstat.go:61","content":"(api) shedding_stat [1m], cpu: 0, total: 0, pass: 0, drop: 0","level":"stat"}
{"@timestamp":"2026-03-08T19:57:06.306+08:00","caller":"stat/metrics.go:210","content":"(croupier-server) - qps: 0.0/s, drops: 0, avg time: 0.0ms, med: 0.0ms, 90th: 0.0ms, 99th: 0.0ms, 99.9th: 0.0ms","level":"stat"}
{"@timestamp":"2026-03-08T19:57:49.983+08:00","caller":"stat/usage.go:82","content":"CPU: 0m, MEMORY: Alloc=6.3Mi, TotalAlloc=53.7Mi, Sys=24.6Mi, NumGC=177","level":"stat"}
{"@timestamp":"2026-03-08T19:57:50.226+08:00","caller":"load/sheddingstat.go:61","content":"(api) shedding_stat [1m], cpu: 0, total: 0, pass: 0, drop: 0","level":"stat"}
{"@timestamp":"2026-03-08T19:58:06.306+08:00","caller":"stat/metrics.go:210","content":"(croupier-server) - qps: 0.0/s, drops: 0, avg time: 0.0ms, med: 0.0ms, 90th: 0.0ms, 99th: 0.0ms, 99.9th: 0.0ms","level":"stat"}
{"@timestamp":"2026-03-08T19:58:49.983+08:00","caller":"stat/usage.go:82","content":"CPU: 0m, MEMORY: Alloc=6.4Mi, TotalAlloc=53.8Mi, Sys=24.6Mi, NumGC=177","level":"stat"}
{"@timestamp":"2026-03-08T19:58:50.226+08:00","caller":"load/sheddingstat.go:61","content":"(api) shedding_stat [1m], cpu: 0, total: 0, pass: 0, drop: 0","level":"stat"}
{"@timestamp":"2026-03-08T19:59:06.306+08:00","caller":"stat/metrics.go:210","content":"(croupier-server) - qps: 0.0/s, drops: 0, avg time: 0.0ms, med: 0.0ms, 90th: 0.0ms, 99th: 0.0ms, 99.9th: 0.0ms","level":"stat"}
{"@timestamp":"2026-03-08T19:59:49.983+08:00","caller":"stat/usage.go:82","content":"CPU: 0m, MEMORY: Alloc=6.3Mi, TotalAlloc=53.9Mi, Sys=24.6Mi, NumGC=178","level":"stat"}
{"@timestamp":"2026-03-08T19:59:50.226+08:00","caller":"load/sheddingstat.go:61","content":"(api) shedding_stat [1m], cpu: 0, total: 0, pass: 0, drop: 0","level":"stat"}
{"@timestamp":"2026-03-08T20:00:06.306+08:00","caller":"stat/metrics.go:210","content":"(croupier-server) - qps: 0.0/s, drops: 0, avg time: 0.0ms, med: 0.0ms, 90th: 0.0ms, 99th: 0.0ms, 99.9th: 0.0ms","level":"stat"}
{"@timestamp":"2026-03-08T20:00:49.983+08:00","caller":"stat/usage.go:82","content":"CPU: 0m, MEMORY: Alloc=6.4Mi, TotalAlloc=53.9Mi, Sys=24.6Mi, NumGC=178","level":"stat"}
{"@timestamp":"2026-03-08T20:00:50.226+08:00","caller":"load/sheddingstat.go:61","content":"(api) shedding_stat [1m], cpu: 0, total: 0, pass: 0, drop: 0","level":"stat"}
{"@timestamp":"2026-03-08T20:01:06.306+08:00","caller":"stat/metrics.go:210","content":"(croupier-server) - qps: 0.0/s, drops: 0, avg time: 0.0ms, med: 0.0ms, 90th: 0.0ms, 99th: 0.0ms, 99.9th: 0.0ms","level":"stat"}
{"@timestamp":"2026-03-08T20:01:49.983+08:00","caller":"stat/usage.go:82","content":"CPU: 0m, MEMORY: Alloc=6.3Mi, TotalAlloc=54.1Mi, Sys=24.6Mi, NumGC=179","level":"stat"}
{"@timestamp":"2026-03-08T20:01:50.226+08:00","caller":"load/sheddingstat.go:61","content":"(api) shedding_stat [1m], cpu: 0, total: 0, pass: 0, drop: 0","level":"stat"}
{"@timestamp":"2026-03-08T20:02:06.306+08:00","caller":"stat/metrics.go:210","content":"(croupier-server) - qps: 0.0/s, drops: 0, avg time: 0.0ms, med: 0.0ms, 90th: 0.0ms, 99th: 0.0ms, 99.9th: 0.0ms","level":"stat"}
{"@timestamp":"2026-03-08T20:02:49.983+08:00","caller":"stat/usage.go:82","content":"CPU: 0m, MEMORY: Alloc=6.4Mi, TotalAlloc=54.1Mi, Sys=24.6Mi, NumGC=179","level":"stat"}
{"@timestamp":"2026-03-08T20:02:50.226+08:00","caller":"load/sheddingstat.go:61","content":"(api) shedding_stat [1m], cpu: 0, total: 0, pass: 0, drop: 0","level":"stat"}
{"@timestamp":"2026-03-08T20:03:06.306+08:00","caller":"stat/metrics.go:210","content":"(croupier-server) - qps: 0.0/s, drops: 0, avg time: 0.0ms, med: 0.0ms, 90th: 0.0ms, 99th: 0.0ms, 99.9th: 0.0ms","level":"stat"}
{"@timestamp":"2026-03-08T20:03:49.983+08:00","caller":"stat/usage.go:82","content":"CPU: 0m, MEMORY: Alloc=6.3Mi, TotalAlloc=54.3Mi, Sys=24.6Mi, NumGC=180","level":"stat"}
{"@timestamp":"2026-03-08T20:03:50.226+08:00","caller":"load/sheddingstat.go:61","content":"(api) shedding_stat [1m], cpu: 0, total: 0, pass: 0, drop: 0","level":"stat"}
{"@timestamp":"2026-03-08T20:04:06.306+08:00","caller":"stat/metrics.go:210","content":"(croupier-server) - qps: 0.0/s, drops: 0, avg time: 0.0ms, med: 0.0ms, 90th: 0.0ms, 99th: 0.0ms, 99.9th: 0.0ms","level":"stat"}
{"@timestamp":"2026-03-08T20:04:49.983+08:00","caller":"stat/usage.go:82","content":"CPU: 0m, MEMORY: Alloc=6.4Mi, TotalAlloc=54.3Mi, Sys=24.6Mi, NumGC=180","level":"stat"}
{"@timestamp":"2026-03-08T20:04:50.226+08:00","caller":"load/sheddingstat.go:61","content":"(api) shedding_stat [1m], cpu: 0, total: 0, pass: 0, drop: 0","level":"stat"}
{"@timestamp":"2026-03-08T20:05:06.306+08:00","caller":"stat/metrics.go:210","content":"(croupier-server) - qps: 0.0/s, drops: 0, avg time: 0.0ms, med: 0.0ms, 90th: 0.0ms, 99th: 0.0ms, 99.9th: 0.0ms","level":"stat"}
{"@timestamp":"2026-03-08T20:05:49.983+08:00","caller":"stat/usage.go:82","content":"CPU: 0m, MEMORY: Alloc=6.3Mi, TotalAlloc=54.4Mi, Sys=24.6Mi, NumGC=181","level":"stat"}
{"@timestamp":"2026-03-08T20:05:50.226+08:00","caller":"load/sheddingstat.go:61","content":"(api) shedding_stat [1m], cpu: 0, total: 0, pass: 0, drop: 0","level":"stat"}
{"@timestamp":"2026-03-08T20:06:06.306+08:00","caller":"stat/metrics.go:210","content":"(croupier-server) - qps: 0.0/s, drops: 0, avg time: 0.0ms, med: 0.0ms, 90th: 0.0ms, 99th: 0.0ms, 99.9th: 0.0ms","level":"stat"}
{"@timestamp":"2026-03-08T20:06:49.983+08:00","caller":"stat/usage.go:82","content":"CPU: 0m, MEMORY: Alloc=6.3Mi, TotalAlloc=54.5Mi, Sys=24.6Mi, NumGC=181","level":"stat"}
{"@timestamp":"2026-03-08T20:06:50.226+08:00","caller":"load/sheddingstat.go:61","content":"(api) shedding_stat [1m], cpu: 0, total: 0, pass: 0, drop: 0","level":"stat"}
{"@timestamp":"2026-03-08T20:07:06.306+08:00","caller":"stat/metrics.go:210","content":"(croupier-server) - qps: 0.0/s, drops: 0, avg time: 0.0ms, med: 0.0ms, 90th: 0.0ms, 99th: 0.0ms, 99.9th: 0.0ms","level":"stat"}
{"@timestamp":"2026-03-08T20:07:49.983+08:00","caller":"stat/usage.go:82","content":"CPU: 0m, MEMORY: Alloc=6.3Mi, TotalAlloc=54.6Mi, Sys=24.6Mi, NumGC=182","level":"stat"}
{"@timestamp":"2026-03-08T20:07:50.226+08:00","caller":"load/sheddingstat.go:61","content":"(api) shedding_stat [1m], cpu: 0, total: 0, pass: 0, drop: 0","level":"stat"}
{"@timestamp":"2026-03-08T20:08:06.306+08:00","caller":"stat/metrics.go:210","content":"(croupier-server) - qps: 0.0/s, drops: 0, avg time: 0.0ms, med: 0.0ms, 90th: 0.0ms, 99th: 0.0ms, 99.9th: 0.0ms","level":"stat"}
{"@timestamp":"2026-03-08T20:08:49.983+08:00","caller":"stat/usage.go:82","content":"CPU: 0m, MEMORY: Alloc=6.3Mi, TotalAlloc=54.7Mi, Sys=24.6Mi, NumGC=182","level":"stat"}
{"@timestamp":"2026-03-08T20:08:50.226+08:00","caller":"load/sheddingstat.go:61","content":"(api) shedding_stat [1m], cpu: 0, total: 0, pass: 0, drop: 0","level":"stat"}
{"@timestamp":"2026-03-08T20:09:06.306+08:00","caller":"stat/metrics.go:210","content":"(croupier-server) - qps: 0.0/s, drops: 0, avg time: 0.0ms, med: 0.0ms, 90th: 0.0ms, 99th: 0.0ms, 99.9th: 0.0ms","level":"stat"}
{"@timestamp":"2026-03-08T20:09:49.983+08:00","caller":"stat/usage.go:82","content":"CPU: 0m, MEMORY: Alloc=6.3Mi, TotalAlloc=54.8Mi, Sys=24.6Mi, NumGC=183","level":"stat"}
{"@timestamp":"2026-03-08T20:09:50.226+08:00","caller":"load/sheddingstat.go:61","content":"(api) shedding_stat [1m], cpu: 0, total: 0, pass: 0, drop: 0","level":"stat"}
{"@timestamp":"2026-03-08T20:10:06.306+08:00","caller":"stat/metrics.go:210","content":"(croupier-server) - qps: 0.0/s, drops: 0, avg time: 0.0ms, med: 0.0ms, 90th: 0.0ms, 99th: 0.0ms, 99.9th: 0.0ms","level":"stat"}
{"@timestamp":"2026-03-08T20:10:49.983+08:00","caller":"stat/usage.go:82","content":"CPU: 0m, MEMORY: Alloc=6.3Mi, TotalAlloc=54.9Mi, Sys=24.6Mi, NumGC=183","level":"stat"}
{"@timestamp":"2026-03-08T20:10:50.226+08:00","caller":"load/sheddingstat.go:61","content":"(api) shedding_stat [1m], cpu: 0, total: 0, pass: 0, drop: 0","level":"stat"}
{"@timestamp":"2026-03-08T20:11:06.306+08:00","caller":"stat/metrics.go:210","content":"(croupier-server) - qps: 0.0/s, drops: 0, avg time: 0.0ms, med: 0.0ms, 90th: 0.0ms, 99th: 0.0ms, 99.9th: 0.0ms","level":"stat"}
{"@timestamp":"2026-03-08T20:11:49.983+08:00","caller":"stat/usage.go:82","content":"CPU: 0m, MEMORY: Alloc=6.3Mi, TotalAlloc=55.0Mi, Sys=24.6Mi, NumGC=184","level":"stat"}
{"@timestamp":"2026-03-08T20:11:50.226+08:00","caller":"load/sheddingstat.go:61","content":"(api) shedding_stat [1m], cpu: 0, total: 0, pass: 0, drop: 0","level":"stat"}
{"@timestamp":"2026-03-08T20:12:06.306+08:00","caller":"stat/metrics.go:210","content":"(croupier-server) - qps: 0.0/s, drops: 0, avg time: 0.0ms, med: 0.0ms, 90th: 0.0ms, 99th: 0.0ms, 99.9th: 0.0ms","level":"stat"}
{"@timestamp":"2026-03-08T20:12:49.983+08:00","caller":"stat/usage.go:82","content":"CPU: 0m, MEMORY: Alloc=6.4Mi, TotalAlloc=55.1Mi, Sys=24.6Mi, NumGC=184","level":"stat"}
{"@timestamp":"2026-03-08T20:12:50.226+08:00","caller":"load/sheddingstat.go:61","content":"(api) shedding_stat [1m], cpu: 0, total: 0, pass: 0, drop: 0","level":"stat"}
{"@timestamp":"2026-03-08T20:13:06.306+08:00","caller":"stat/metrics.go:210","content":"(croupier-server) - qps: 0.0/s, drops: 0, avg time: 0.0ms, med: 0.0ms, 90th: 0.0ms, 99th: 0.0ms, 99.9th: 0.0ms","level":"stat"}
{"@timestamp":"2026-03-08T20:13:49.983+08:00","caller":"stat/usage.go:82","content":"CPU: 0m, MEMORY: Alloc=6.3Mi, TotalAlloc=55.2Mi, Sys=24.6Mi, NumGC=185","level":"stat"}
{"@timestamp":"2026-03-08T20:13:50.226+08:00","caller":"load/sheddingstat.go:61","content":"(api) shedding_stat [1m], cpu: 0, total: 0, pass: 0, drop: 0","level":"stat"}
{"@timestamp":"2026-03-08T20:14:06.306+08:00","caller":"stat/metrics.go:210","content":"(croupier-server) - qps: 0.0/s, drops: 0, avg time: 0.0ms, med: 0.0ms, 90th: 0.0ms, 99th: 0.0ms, 99.9th: 0.0ms","level":"stat"}
{"@timestamp":"2026-03-08T20:14:49.983+08:00","caller":"stat/usage.go:82","content":"CPU: 0m, MEMORY: Alloc=6.4Mi, TotalAlloc=55.2Mi, Sys=24.6Mi, NumGC=185","level":"stat"}
{"@timestamp":"2026-03-08T20:14:50.226+08:00","caller":"load/sheddingstat.go:61","content":"(api) shedding_stat [1m], cpu: 0, total: 0, pass: 0, drop: 0","level":"stat"}
{"@timestamp":"2026-03-08T20:15:06.306+08:00","caller":"stat/metrics.go:210","content":"(croupier-server) - qps: 0.0/s, drops: 0, avg time: 0.0ms, med: 0.0ms, 90th: 0.0ms, 99th: 0.0ms, 99.9th: 0.0ms","level":"stat"}
{"@timestamp":"2026-03-08T20:15:49.983+08:00","caller":"stat/usage.go:82","content":"CPU: 0m, MEMORY: Alloc=6.3Mi, TotalAlloc=55.4Mi, Sys=24.6Mi, NumGC=186","level":"stat"}
{"@timestamp":"2026-03-08T20:15:50.226+08:00","caller":"load/sheddingstat.go:61","content":"(api) shedding_stat [1m], cpu: 0, total: 0, pass: 0, drop: 0","level":"stat"}
{"@timestamp":"2026-03-08T20:16:06.306+08:00","caller":"stat/metrics.go:210","content":"(croupier-server) - qps: 0.0/s, drops: 0, avg time: 0.0ms, med: 0.0ms, 90th: 0.0ms, 99th: 0.0ms, 99.9th: 0.0ms","level":"stat"}
{"@timestamp":"2026-03-08T20:16:49.983+08:00","caller":"stat/usage.go:82","content":"CPU: 0m, MEMORY: Alloc=6.4Mi, TotalAlloc=55.4Mi, Sys=24.6Mi, NumGC=186","level":"stat"}
{"@timestamp":"2026-03-08T20:16:50.226+08:00","caller":"load/sheddingstat.go:61","content":"(api) shedding_stat [1m], cpu: 0, total: 0, pass: 0, drop: 0","level":"stat"}
{"@timestamp":"2026-03-08T20:17:06.306+08:00","caller":"stat/metrics.go:210","content":"(croupier-server) - qps: 0.0/s, drops: 0, avg time: 0.0ms, med: 0.0ms, 90th: 0.0ms, 99th: 0.0ms, 99.9th: 0.0ms","level":"stat"}
{"@timestamp":"2026-03-08T20:17:49.983+08:00","caller":"stat/usage.go:82","content":"CPU: 0m, MEMORY: Alloc=6.3Mi, TotalAlloc=55.6Mi, Sys=24.6Mi, NumGC=187","level":"stat"}
{"@timestamp":"2026-03-08T20:17:50.226+08:00","caller":"load/sheddingstat.go:61","content":"(api) shedding_stat [1m], cpu: 0, total: 0, pass: 0, drop: 0","level":"stat"}
{"@timestamp":"2026-03-08T20:18:06.306+08:00","caller":"stat/metrics.go:210","content":"(croupier-server) - qps: 0.0/s, drops: 0, avg time: 0.0ms, med: 0.0ms, 90th: 0.0ms, 99th: 0.0ms, 99.9th: 0.0ms","level":"stat"}
{"@timestamp":"2026-03-08T20:18:49.983+08:00","caller":"stat/usage.go:82","content":"CPU: 0m, MEMORY: Alloc=6.4Mi, TotalAlloc=55.6Mi, Sys=24.6Mi, NumGC=187","level":"stat"}
{"@timestamp":"2026-03-08T20:18:50.226+08:00","caller":"load/sheddingstat.go:61","content":"(api) shedding_stat [1m], cpu: 0, total: 0, pass: 0, drop: 0","level":"stat"}
{"@timestamp":"2026-03-08T20:19:06.306+08:00","caller":"stat/metrics.go:210","content":"(croupier-server) - qps: 0.0/s, drops: 0, avg time: 0.0ms, med: 0.0ms, 90th: 0.0ms, 99th: 0.0ms, 99.9th: 0.0ms","level":"stat"}
{"@timestamp":"2026-03-08T20:19:49.983+08:00","caller":"stat/usage.go:82","content":"CPU: 0m, MEMORY: Alloc=6.3Mi, TotalAlloc=55.7Mi, Sys=24.6Mi, NumGC=188","level":"stat"}
{"@timestamp":"2026-03-08T20:19:50.226+08:00","caller":"load/sheddingstat.go:61","content":"(api) shedding_stat [1m], cpu: 0, total: 0, pass: 0, drop: 0","level":"stat"}
{"@timestamp":"2026-03-08T20:20:06.306+08:00","caller":"stat/metrics.go:210","content":"(croupier-server) - qps: 0.0/s, drops: 0, avg time: 0.0ms, med: 0.0ms, 90th: 0.0ms, 99th: 0.0ms, 99.9th: 0.0ms","level":"stat"}
{"@timestamp":"2026-03-08T20:20:49.983+08:00","caller":"stat/usage.go:82","content":"CPU: 0m, MEMORY: Alloc=6.3Mi, TotalAlloc=55.8Mi, Sys=24.6Mi, NumGC=188","level":"stat"}
{"@timestamp":"2026-03-08T20:20:50.226+08:00","caller":"load/sheddingstat.go:61","content":"(api) shedding_stat [1m], cpu: 0, total: 0, pass: 0, drop: 0","level":"stat"}
{"@timestamp":"2026-03-08T20:21:06.306+08:00","caller":"stat/metrics.go:210","content":"(croupier-server) - qps: 0.0/s, drops: 0, avg time: 0.0ms, med: 0.0ms, 90th: 0.0ms, 99th: 0.0ms, 99.9th: 0.0ms","level":"stat"}
{"@timestamp":"2026-03-08T20:21:49.983+08:00","caller":"stat/usage.go:82","content":"CPU: 0m, MEMORY: Alloc=6.3Mi, TotalAlloc=55.9Mi, Sys=24.6Mi, NumGC=189","level":"stat"}
{"@timestamp":"2026-03-08T20:21:50.226+08:00","caller":"load/sheddingstat.go:61","content":"(api) shedding_stat [1m], cpu: 0, total: 0, pass: 0, drop: 0","level":"stat"}
{"@timestamp":"2026-03-08T20:22:06.306+08:00","caller":"stat/metrics.go:210","content":"(croupier-server) - qps: 0.0/s, drops: 0, avg time: 0.0ms, med: 0.0ms, 90th: 0.0ms, 99th: 0.0ms, 99.9th: 0.0ms","level":"stat"}
{"@timestamp":"2026-03-08T20:22:49.983+08:00","caller":"stat/usage.go:82","content":"CPU: 0m, MEMORY: Alloc=6.4Mi, TotalAlloc=56.0Mi, Sys=24.6Mi, NumGC=189","level":"stat"}
{"@timestamp":"2026-03-08T20:22:50.226+08:00","caller":"load/sheddingstat.go:61","content":"(api) shedding_stat [1m], cpu: 0, total: 0, pass: 0, drop: 0","level":"stat"}
{"@timestamp":"2026-03-08T20:23:06.306+08:00","caller":"stat/metrics.go:210","content":"(croupier-server) - qps: 0.0/s, drops: 0, avg time: 0.0ms, med: 0.0ms, 90th: 0.0ms, 99th: 0.0ms, 99.9th: 0.0ms","level":"stat"}
{"@timestamp":"2026-03-08T20:23:49.983+08:00","caller":"stat/usage.go:82","content":"CPU: 0m, MEMORY: Alloc=6.3Mi, TotalAlloc=56.1Mi, Sys=24.6Mi, NumGC=190","level":"stat"}
{"@timestamp":"2026-03-08T20:23:50.226+08:00","caller":"load/sheddingstat.go:61","content":"(api) shedding_stat [1m], cpu: 0, total: 0, pass: 0, drop: 0","level":"stat"}
{"@timestamp":"2026-03-08T20:24:06.306+08:00","caller":"stat/metrics.go:210","content":"(croupier-server) - qps: 0.0/s, drops: 0, avg time: 0.0ms, med: 0.0ms, 90th: 0.0ms, 99th: 0.0ms, 99.9th: 0.0ms","level":"stat"}
{"@timestamp":"2026-03-08T20:24:49.983+08:00","caller":"stat/usage.go:82","content":"CPU: 0m, MEMORY: Alloc=6.4Mi, TotalAlloc=56.2Mi, Sys=24.6Mi, NumGC=190","level":"stat"}
{"@timestamp":"2026-03-08T20:24:50.226+08:00","caller":"load/sheddingstat.go:61","content":"(api) shedding_stat [1m], cpu: 0, total: 0, pass: 0, drop: 0","level":"stat"}
{"@timestamp":"2026-03-08T20:25:06.306+08:00","caller":"stat/metrics.go:210","content":"(croupier-server) - qps: 0.0/s, drops: 0, avg time: 0.0ms, med: 0.0ms, 90th: 0.0ms, 99th: 0.0ms, 99.9th: 0.0ms","level":"stat"}
{"@timestamp":"2026-03-08T20:25:49.983+08:00","caller":"stat/usage.go:82","content":"CPU: 0m, MEMORY: Alloc=6.3Mi, TotalAlloc=56.3Mi, Sys=24.6Mi, NumGC=191","level":"stat"}
{"@timestamp":"2026-03-08T20:25:50.226+08:00","caller":"load/sheddingstat.go:61","content":"(api) shedding_stat [1m], cpu: 0, total: 0, pass: 0, drop: 0","level":"stat"}
{"@timestamp":"2026-03-08T20:26:06.306+08:00","caller":"stat/metrics.go:210","content":"(croupier-server) - qps: 0.0/s, drops: 0, avg time: 0.0ms, med: 0.0ms, 90th: 0.0ms, 99th: 0.0ms, 99.9th: 0.0ms","level":"stat"}
{"@timestamp":"2026-03-08T20:26:49.983+08:00","caller":"stat/usage.go:82","content":"CPU: 0m, MEMORY: Alloc=6.4Mi, TotalAlloc=56.3Mi, Sys=24.6Mi, NumGC=191","level":"stat"}
{"@timestamp":"2026-03-08T20:26:50.226+08:00","caller":"load/sheddingstat.go:61","content":"(api) shedding_stat [1m], cpu: 0, total: 0, pass: 0, drop: 0","level":"stat"}
{"@timestamp":"2026-03-08T20:27:06.306+08:00","caller":"stat/metrics.go:210","content":"(croupier-server) - qps: 0.0/s, drops: 0, avg time: 0.0ms, med: 0.0ms, 90th: 0.0ms, 99th: 0.0ms, 99.9th: 0.0ms","level":"stat"}
{"@timestamp":"2026-03-08T20:27:49.983+08:00","caller":"stat/usage.go:82","content":"CPU: 0m, MEMORY: Alloc=6.3Mi, TotalAlloc=56.5Mi, Sys=24.6Mi, NumGC=192","level":"stat"}
{"@timestamp":"2026-03-08T20:27:50.226+08:00","caller":"load/sheddingstat.go:61","content":"(api) shedding_stat [1m], cpu: 0, total: 0, pass: 0, drop: 0","level":"stat"}
{"@timestamp":"2026-03-08T20:28:06.306+08:00","caller":"stat/metrics.go:210","content":"(croupier-server) - qps: 0.0/s, drops: 0, avg time: 0.0ms, med: 0.0ms, 90th: 0.0ms, 99th: 0.0ms, 99.9th: 0.0ms","level":"stat"}
{"@timestamp":"2026-03-08T20:28:49.983+08:00","caller":"stat/usage.go:82","content":"CPU: 0m, MEMORY: Alloc=6.3Mi, TotalAlloc=56.5Mi, Sys=24.6Mi, NumGC=192","level":"stat"}
{"@timestamp":"2026-03-08T20:28:50.226+08:00","caller":"load/sheddingstat.go:61","content":"(api) shedding_stat [1m], cpu: 0, total: 0, pass: 0, drop: 0","level":"stat"}
{"@timestamp":"2026-03-08T20:29:06.306+08:00","caller":"stat/metrics.go:210","content":"(croupier-server) - qps: 0.0/s, drops: 0, avg time: 0.0ms, med: 0.0ms, 90th: 0.0ms, 99th: 0.0ms, 99.9th: 0.0ms","level":"stat"}
{"@timestamp":"2026-03-08T20:29:49.983+08:00","caller":"stat/usage.go:82","content":"CPU: 0m, MEMORY: Alloc=6.3Mi, TotalAlloc=56.7Mi, Sys=24.6Mi, NumGC=193","level":"stat"}
{"@timestamp":"2026-03-08T20:29:50.226+08:00","caller":"load/sheddingstat.go:61","content":"(api) shedding_stat [1m], cpu: 0, total: 0, pass: 0, drop: 0","level":"stat"}
{"@timestamp":"2026-03-08T20:30:06.306+08:00","caller":"stat/metrics.go:210","content":"(croupier-server) - qps: 0.0/s, drops: 0, avg time: 0.0ms, med: 0.0ms, 90th: 0.0ms, 99th: 0.0ms, 99.9th: 0.0ms","level":"stat"}
{"@timestamp":"2026-03-08T20:30:49.983+08:00","caller":"stat/usage.go:82","content":"CPU: 0m, MEMORY: Alloc=6.4Mi, TotalAlloc=56.7Mi, Sys=24.6Mi, NumGC=193","level":"stat"}
{"@timestamp":"2026-03-08T20:30:50.226+08:00","caller":"load/sheddingstat.go:61","content":"(api) shedding_stat [1m], cpu: 0, total: 0, pass: 0, drop: 0","level":"stat"}
{"@timestamp":"2026-03-08T20:31:06.306+08:00","caller":"stat/metrics.go:210","content":"(croupier-server) - qps: 0.0/s, drops: 0, avg time: 0.0ms, med: 0.0ms, 90th: 0.0ms, 99th: 0.0ms, 99.9th: 0.0ms","level":"stat"}
{"@timestamp":"2026-03-08T20:31:49.983+08:00","caller":"stat/usage.go:82","content":"CPU: 0m, MEMORY: Alloc=6.3Mi, TotalAlloc=56.9Mi, Sys=24.6Mi, NumGC=194","level":"stat"}
{"@timestamp":"2026-03-08T20:31:50.226+08:00","caller":"load/sheddingstat.go:61","content":"(api) shedding_stat [1m], cpu: 0, total: 0, pass: 0, drop: 0","level":"stat"}
{"@timestamp":"2026-03-08T20:32:06.306+08:00","caller":"stat/metrics.go:210","content":"(croupier-server) - qps: 0.0/s, drops: 0, avg time: 0.0ms, med: 0.0ms, 90th: 0.0ms, 99th: 0.0ms, 99.9th: 0.0ms","level":"stat"}
{"@timestamp":"2026-03-08T20:32:49.983+08:00","caller":"stat/usage.go:82","content":"CPU: 0m, MEMORY: Alloc=6.4Mi, TotalAlloc=56.9Mi, Sys=24.6Mi, NumGC=194","level":"stat"}
{"@timestamp":"2026-03-08T20:32:50.226+08:00","caller":"load/sheddingstat.go:61","content":"(api) shedding_stat [1m], cpu: 0, total: 0, pass: 0, drop: 0","level":"stat"}
{"@timestamp":"2026-03-08T20:33:06.306+08:00","caller":"stat/metrics.go:210","content":"(croupier-server) - qps: 0.0/s, drops: 0, avg time: 0.0ms, med: 0.0ms, 90th: 0.0ms, 99th: 0.0ms, 99.9th: 0.0ms","level":"stat"}
{"@timestamp":"2026-03-08T20:33:49.983+08:00","caller":"stat/usage.go:82","content":"CPU: 0m, MEMORY: Alloc=6.3Mi, TotalAlloc=57.0Mi, Sys=24.6Mi, NumGC=195","level":"stat"}
{"@timestamp":"2026-03-08T20:33:50.226+08:00","caller":"load/sheddingstat.go:61","content":"(api) shedding_stat [1m], cpu: 0, total: 0, pass: 0, drop: 0","level":"stat"}
{"@timestamp":"2026-03-08T20:34:06.306+08:00","caller":"stat/metrics.go:210","content":"(croupier-server) - qps: 0.0/s, drops: 0, avg time: 0.0ms, med: 0.0ms, 90th: 0.0ms, 99th: 0.0ms, 99.9th: 0.0ms","level":"stat"}
{"@timestamp":"2026-03-08T20:34:49.983+08:00","caller":"stat/usage.go:82","content":"CPU: 0m, MEMORY: Alloc=6.4Mi, TotalAlloc=57.1Mi, Sys=24.6Mi, NumGC=195","level":"stat"}
{"@timestamp":"2026-03-08T20:34:50.226+08:00","caller":"load/sheddingstat.go:61","content":"(api) shedding_stat [1m], cpu: 0, total: 0, pass: 0, drop: 0","level":"stat"}
{"@timestamp":"2026-03-08T20:35:06.306+08:00","caller":"stat/metrics.go:210","content":"(croupier-server) - qps: 0.0/s, drops: 0, avg time: 0.0ms, med: 0.0ms, 90th: 0.0ms, 99th: 0.0ms, 99.9th: 0.0ms","level":"stat"}
{"@timestamp":"2026-03-08T20:35:49.983+08:00","caller":"stat/usage.go:82","content":"CPU: 0m, MEMORY: Alloc=6.3Mi, TotalAlloc=57.2Mi, Sys=24.6Mi, NumGC=196","level":"stat"}
{"@timestamp":"2026-03-08T20:35:50.226+08:00","caller":"load/sheddingstat.go:61","content":"(api) shedding_stat [1m], cpu: 0, total: 0, pass: 0, drop: 0","level":"stat"}
{"@timestamp":"2026-03-08T20:36:06.306+08:00","caller":"stat/metrics.go:210","content":"(croupier-server) - qps: 0.0/s, drops: 0, avg time: 0.0ms, med: 0.0ms, 90th: 0.0ms, 99th: 0.0ms, 99.9th: 0.0ms","level":"stat"}
{"@timestamp":"2026-03-08T20:36:49.983+08:00","caller":"stat/usage.go:82","content":"CPU: 0m, MEMORY: Alloc=6.4Mi, TotalAlloc=57.3Mi, Sys=24.6Mi, NumGC=196","level":"stat"}
{"@timestamp":"2026-03-08T20:36:50.226+08:00","caller":"load/sheddingstat.go:61","content":"(api) shedding_stat [1m], cpu: 0, total: 0, pass: 0, drop: 0","level":"stat"}
{"@timestamp":"2026-03-08T20:37:06.306+08:00","caller":"stat/metrics.go:210","content":"(croupier-server) - qps: 0.0/s, drops: 0, avg time: 0.0ms, med: 0.0ms, 90th: 0.0ms, 99th: 0.0ms, 99.9th: 0.0ms","level":"stat"}
{"@timestamp":"2026-03-08T20:37:49.983+08:00","caller":"stat/usage.go:82","content":"CPU: 0m, MEMORY: Alloc=6.3Mi, TotalAlloc=57.4Mi, Sys=24.6Mi, NumGC=197","level":"stat"}
{"@timestamp":"2026-03-08T20:37:50.226+08:00","caller":"load/sheddingstat.go:61","content":"(api) shedding_stat [1m], cpu: 0, total: 0, pass: 0, drop: 0","level":"stat"}
{"@timestamp":"2026-03-08T20:38:06.306+08:00","caller":"stat/metrics.go:210","content":"(croupier-server) - qps: 0.0/s, drops: 0, avg time: 0.0ms, med: 0.0ms, 90th: 0.0ms, 99th: 0.0ms, 99.9th: 0.0ms","level":"stat"}
{"@timestamp":"2026-03-08T20:38:49.983+08:00","caller":"stat/usage.go:82","content":"CPU: 0m, MEMORY: Alloc=6.4Mi, TotalAlloc=57.5Mi, Sys=24.6Mi, NumGC=197","level":"stat"}
{"@timestamp":"2026-03-08T20:38:50.226+08:00","caller":"load/sheddingstat.go:61","content":"(api) shedding_stat [1m], cpu: 0, total: 0, pass: 0, drop: 0","level":"stat"}
{"@timestamp":"2026-03-08T20:39:06.306+08:00","caller":"stat/metrics.go:210","content":"(croupier-server) - qps: 0.0/s, drops: 0, avg time: 0.0ms, med: 0.0ms, 90th: 0.0ms, 99th: 0.0ms, 99.9th: 0.0ms","level":"stat"}
{"@timestamp":"2026-03-08T20:39:49.983+08:00","caller":"stat/usage.go:82","content":"CPU: 0m, MEMORY: Alloc=6.3Mi, TotalAlloc=57.6Mi, Sys=24.6Mi, NumGC=198","level":"stat"}
{"@timestamp":"2026-03-08T20:39:50.226+08:00","caller":"load/sheddingstat.go:61","content":"(api) shedding_stat [1m], cpu: 0, total: 0, pass: 0, drop: 0","level":"stat"}
{"@timestamp":"2026-03-08T20:40:06.306+08:00","caller":"stat/metrics.go:210","content":"(croupier-server) - qps: 0.0/s, drops: 0, avg time: 0.0ms, med: 0.0ms, 90th: 0.0ms, 99th: 0.0ms, 99.9th: 0.0ms","level":"stat"}
{"@timestamp":"2026-03-08T20:40:49.983+08:00","caller":"stat/usage.go:82","content":"CPU: 0m, MEMORY: Alloc=6.4Mi, TotalAlloc=57.6Mi, Sys=24.6Mi, NumGC=198","level":"stat"}
{"@timestamp":"2026-03-08T20:40:50.226+08:00","caller":"load/sheddingstat.go:61","content":"(api) shedding_stat [1m], cpu: 0, total: 0, pass: 0, drop: 0","level":"stat"}
{"@timestamp":"2026-03-08T20:41:06.306+08:00","caller":"stat/metrics.go:210","content":"(croupier-server) - qps: 0.0/s, drops: 0, avg time: 0.0ms, med: 0.0ms, 90th: 0.0ms, 99th: 0.0ms, 99.9th: 0.0ms","level":"stat"}
{"@timestamp":"2026-03-08T20:41:49.983+08:00","caller":"stat/usage.go:82","content":"CPU: 0m, MEMORY: Alloc=6.3Mi, TotalAlloc=57.8Mi, Sys=24.6Mi, NumGC=199","level":"stat"}
{"@timestamp":"2026-03-08T20:41:50.226+08:00","caller":"load/sheddingstat.go:61","content":"(api) shedding_stat [1m], cpu: 0, total: 0, pass: 0, drop: 0","level":"stat"}
{"@timestamp":"2026-03-08T20:42:06.306+08:00","caller":"stat/metrics.go:210","content":"(croupier-server) - qps: 0.0/s, drops: 0, avg time: 0.0ms, med: 0.0ms, 90th: 0.0ms, 99th: 0.0ms, 99.9th: 0.0ms","level":"stat"}
{"@timestamp":"2026-03-08T20:42:49.983+08:00","caller":"stat/usage.go:82","content":"CPU: 0m, MEMORY: Alloc=6.4Mi, TotalAlloc=57.8Mi, Sys=24.6Mi, NumGC=199","level":"stat"}
{"@timestamp":"2026-03-08T20:42:50.226+08:00","caller":"load/sheddingstat.go:61","content":"(api) shedding_stat [1m], cpu: 0, total: 0, pass: 0, drop: 0","level":"stat"}
{"@timestamp":"2026-03-08T20:43:06.306+08:00","caller":"stat/metrics.go:210","content":"(croupier-server) - qps: 0.0/s, drops: 0, avg time: 0.0ms, med: 0.0ms, 90th: 0.0ms, 99th: 0.0ms, 99.9th: 0.0ms","level":"stat"}
{"@timestamp":"2026-03-08T20:43:49.983+08:00","caller":"stat/usage.go:82","content":"CPU: 0m, MEMORY: Alloc=6.3Mi, TotalAlloc=58.0Mi, Sys=24.6Mi, NumGC=200","level":"stat"}
{"@timestamp":"2026-03-08T20:43:50.226+08:00","caller":"load/sheddingstat.go:61","content":"(api) shedding_stat [1m], cpu: 0, total: 0, pass: 0, drop: 0","level":"stat"}
{"@timestamp":"2026-03-08T20:44:06.306+08:00","caller":"stat/metrics.go:210","content":"(croupier-server) - qps: 0.0/s, drops: 0, avg time: 0.0ms, med: 0.0ms, 90th: 0.0ms, 99th: 0.0ms, 99.9th: 0.0ms","level":"stat"}
{"@timestamp":"2026-03-08T20:44:49.983+08:00","caller":"stat/usage.go:82","content":"CPU: 0m, MEMORY: Alloc=6.4Mi, TotalAlloc=58.0Mi, Sys=24.6Mi, NumGC=200","level":"stat"}
{"@timestamp":"2026-03-08T20:44:50.226+08:00","caller":"load/sheddingstat.go:61","content":"(api) shedding_stat [1m], cpu: 0, total: 0, pass: 0, drop: 0","level":"stat"}
{"@timestamp":"2026-03-08T20:45:06.306+08:00","caller":"stat/metrics.go:210","content":"(croupier-server) - qps: 0.0/s, drops: 0, avg time: 0.0ms, med: 0.0ms, 90th: 0.0ms, 99th: 0.0ms, 99.9th: 0.0ms","level":"stat"}
{"@timestamp":"2026-03-08T20:45:49.983+08:00","caller":"stat/usage.go:82","content":"CPU: 0m, MEMORY: Alloc=6.3Mi, TotalAlloc=58.2Mi, Sys=24.6Mi, NumGC=201","level":"stat"}
{"@timestamp":"2026-03-08T20:45:50.226+08:00","caller":"load/sheddingstat.go:61","content":"(api) shedding_stat [1m], cpu: 0, total: 0, pass: 0, drop: 0","level":"stat"}
{"@timestamp":"2026-03-08T20:46:06.306+08:00","caller":"stat/metrics.go:210","content":"(croupier-server) - qps: 0.0/s, drops: 0, avg time: 0.0ms, med: 0.0ms, 90th: 0.0ms, 99th: 0.0ms, 99.9th: 0.0ms","level":"stat"}
{"@timestamp":"2026-03-08T20:46:49.983+08:00","caller":"stat/usage.go:82","content":"CPU: 0m, MEMORY: Alloc=6.4Mi, TotalAlloc=58.2Mi, Sys=24.6Mi, NumGC=201","level":"stat"}
{"@timestamp":"2026-03-08T20:46:50.226+08:00","caller":"load/sheddingstat.go:61","content":"(api) shedding_stat [1m], cpu: 0, total: 0, pass: 0, drop: 0","level":"stat"}
{"@timestamp":"2026-03-08T20:47:06.306+08:00","caller":"stat/metrics.go:210","content":"(croupier-server) - qps: 0.0/s, drops: 0, avg time: 0.0ms, med: 0.0ms, 90th: 0.0ms, 99th: 0.0ms, 99.9th: 0.0ms","level":"stat"}
{"@timestamp":"2026-03-08T20:47:49.983+08:00","caller":"stat/usage.go:82","content":"CPU: 0m, MEMORY: Alloc=6.3Mi, TotalAlloc=58.3Mi, Sys=24.6Mi, NumGC=202","level":"stat"}
{"@timestamp":"2026-03-08T20:47:50.226+08:00","caller":"load/sheddingstat.go:61","content":"(api) shedding_stat [1m], cpu: 0, total: 0, pass: 0, drop: 0","level":"stat"}
{"@timestamp":"2026-03-08T20:48:06.306+08:00","caller":"stat/metrics.go:210","content":"(croupier-server) - qps: 0.0/s, drops: 0, avg time: 0.0ms, med: 0.0ms, 90th: 0.0ms, 99th: 0.0ms, 99.9th: 0.0ms","level":"stat"}
{"@timestamp":"2026-03-08T20:48:49.983+08:00","caller":"stat/usage.go:82","content":"CPU: 0m, MEMORY: Alloc=6.4Mi, TotalAlloc=58.4Mi, Sys=24.6Mi, NumGC=202","level":"stat"}
{"@timestamp":"2026-03-08T20:48:50.226+08:00","caller":"load/sheddingstat.go:61","content":"(api) shedding_stat [1m], cpu: 0, total: 0, pass: 0, drop: 0","level":"stat"}
{"@timestamp":"2026-03-08T20:49:06.306+08:00","caller":"stat/metrics.go:210","content":"(croupier-server) - qps: 0.0/s, drops: 0, avg time: 0.0ms, med: 0.0ms, 90th: 0.0ms, 99th: 0.0ms, 99.9th: 0.0ms","level":"stat"}
{"@timestamp":"2026-03-08T20:49:49.983+08:00","caller":"stat/usage.go:82","content":"CPU: 0m, MEMORY: Alloc=6.3Mi, TotalAlloc=58.5Mi, Sys=24.6Mi, NumGC=203","level":"stat"}
{"@timestamp":"2026-03-08T20:49:50.226+08:00","caller":"load/sheddingstat.go:61","content":"(api) shedding_stat [1m], cpu: 0, total: 0, pass: 0, drop: 0","level":"stat"}
{"@timestamp":"2026-03-08T20:50:06.306+08:00","caller":"stat/metrics.go:210","content":"(croupier-server) - qps: 0.0/s, drops: 0, avg time: 0.0ms, med: 0.0ms, 90th: 0.0ms, 99th: 0.0ms, 99.9th: 0.0ms","level":"stat"}
{"@timestamp":"2026-03-08T20:50:49.983+08:00","caller":"stat/usage.go:82","content":"CPU: 0m, MEMORY: Alloc=6.4Mi, TotalAlloc=58.6Mi, Sys=24.6Mi, NumGC=203","level":"stat"}
{"@timestamp":"2026-03-08T20:50:50.226+08:00","caller":"load/sheddingstat.go:61","content":"(api) shedding_stat [1m], cpu: 0, total: 0, pass: 0, drop: 0","level":"stat"}
{"@timestamp":"2026-03-08T20:51:06.306+08:00","caller":"stat/metrics.go:210","content":"(croupier-server) - qps: 0.0/s, drops: 0, avg time: 0.0ms, med: 0.0ms, 90th: 0.0ms, 99th: 0.0ms, 99.9th: 0.0ms","level":"stat"}
{"@timestamp":"2026-03-08T20:51:49.983+08:00","caller":"stat/usage.go:82","content":"CPU: 0m, MEMORY: Alloc=6.3Mi, TotalAlloc=58.7Mi, Sys=24.6Mi, NumGC=204","level":"stat"}
{"@timestamp":"2026-03-08T20:51:50.226+08:00","caller":"load/sheddingstat.go:61","content":"(api) shedding_stat [1m], cpu: 0, total: 0, pass: 0, drop: 0","level":"stat"}
{"@timestamp":"2026-03-08T20:52:06.306+08:00","caller":"stat/metrics.go:210","content":"(croupier-server) - qps: 0.0/s, drops: 0, avg time: 0.0ms, med: 0.0ms, 90th: 0.0ms, 99th: 0.0ms, 99.9th: 0.0ms","level":"stat"}
{"@timestamp":"2026-03-08T20:52:49.983+08:00","caller":"stat/usage.go:82","content":"CPU: 0m, MEMORY: Alloc=6.4Mi, TotalAlloc=58.7Mi, Sys=24.6Mi, NumGC=204","level":"stat"}
{"@timestamp":"2026-03-08T20:52:50.226+08:00","caller":"load/sheddingstat.go:61","content":"(api) shedding_stat [1m], cpu: 0, total: 0, pass: 0, drop: 0","level":"stat"}
{"@timestamp":"2026-03-08T20:53:06.306+08:00","caller":"stat/metrics.go:210","content":"(croupier-server) - qps: 0.0/s, drops: 0, avg time: 0.0ms, med: 0.0ms, 90th: 0.0ms, 99th: 0.0ms, 99.9th: 0.0ms","level":"stat"}
{"@timestamp":"2026-03-08T20:53:49.983+08:00","caller":"stat/usage.go:82","content":"CPU: 0m, MEMORY: Alloc=6.3Mi, TotalAlloc=58.9Mi, Sys=24.6Mi, NumGC=205","level":"stat"}
{"@timestamp":"2026-03-08T20:53:50.226+08:00","caller":"load/sheddingstat.go:61","content":"(api) shedding_stat [1m], cpu: 0, total: 0, pass: 0, drop: 0","level":"stat"}
{"@timestamp":"2026-03-08T20:54:06.306+08:00","caller":"stat/metrics.go:210","content":"(croupier-server) - qps: 0.0/s, drops: 0, avg time: 0.0ms, med: 0.0ms, 90th: 0.0ms, 99th: 0.0ms, 99.9th: 0.0ms","level":"stat"}
{"@timestamp":"2026-03-08T20:54:49.983+08:00","caller":"stat/usage.go:82","content":"CPU: 0m, MEMORY: Alloc=6.4Mi, TotalAlloc=58.9Mi, Sys=24.6Mi, NumGC=205","level":"stat"}
{"@timestamp":"2026-03-08T20:54:50.226+08:00","caller":"load/sheddingstat.go:61","content":"(api) shedding_stat [1m], cpu: 0, total: 0, pass: 0, drop: 0","level":"stat"}
{"@timestamp":"2026-03-08T20:55:06.306+08:00","caller":"stat/metrics.go:210","content":"(croupier-server) - qps: 0.0/s, drops: 0, avg time: 0.0ms, med: 0.0ms, 90th: 0.0ms, 99th: 0.0ms, 99.9th: 0.0ms","level":"stat"}
{"@timestamp":"2026-03-08T20:55:49.983+08:00","caller":"stat/usage.go:82","content":"CPU: 0m, MEMORY: Alloc=6.3Mi, TotalAlloc=59.1Mi, Sys=24.6Mi, NumGC=206","level":"stat"}
{"@timestamp":"2026-03-08T20:55:50.226+08:00","caller":"load/sheddingstat.go:61","content":"(api) shedding_stat [1m], cpu: 0, total: 0, pass: 0, drop: 0","level":"stat"}
{"@timestamp":"2026-03-08T20:56:06.306+08:00","caller":"stat/metrics.go:210","content":"(croupier-server) - qps: 0.0/s, drops: 0, avg time: 0.0ms, med: 0.0ms, 90th: 0.0ms, 99th: 0.0ms, 99.9th: 0.0ms","level":"stat"}
{"@timestamp":"2026-03-08T20:56:49.983+08:00","caller":"stat/usage.go:82","content":"CPU: 0m, MEMORY: Alloc=6.4Mi, TotalAlloc=59.1Mi, Sys=24.6Mi, NumGC=206","level":"stat"}
{"@timestamp":"2026-03-08T20:56:50.226+08:00","caller":"load/sheddingstat.go:61","content":"(api) shedding_stat [1m], cpu: 0, total: 0, pass: 0, drop: 0","level":"stat"}
{"@timestamp":"2026-03-08T20:57:06.306+08:00","caller":"stat/metrics.go:210","content":"(croupier-server) - qps: 0.0/s, drops: 0, avg time: 0.0ms, med: 0.0ms, 90th: 0.0ms, 99th: 0.0ms, 99.9th: 0.0ms","level":"stat"}
{"@timestamp":"2026-03-08T20:57:49.983+08:00","caller":"stat/usage.go:82","content":"CPU: 0m, MEMORY: Alloc=6.3Mi, TotalAlloc=59.3Mi, Sys=24.6Mi, NumGC=207","level":"stat"}
{"@timestamp":"2026-03-08T20:57:50.226+08:00","caller":"load/sheddingstat.go:61","content":"(api) shedding_stat [1m], cpu: 0, total: 0, pass: 0, drop: 0","level":"stat"}
{"@timestamp":"2026-03-08T20:58:06.306+08:00","caller":"stat/metrics.go:210","content":"(croupier-server) - qps: 0.0/s, drops: 0, avg time: 0.0ms, med: 0.0ms, 90th: 0.0ms, 99th: 0.0ms, 99.9th: 0.0ms","level":"stat"}
{"@timestamp":"2026-03-08T20:58:49.983+08:00","caller":"stat/usage.go:82","content":"CPU: 0m, MEMORY: Alloc=6.4Mi, TotalAlloc=59.3Mi, Sys=24.6Mi, NumGC=207","level":"stat"}
{"@timestamp":"2026-03-08T20:58:50.226+08:00","caller":"load/sheddingstat.go:61","content":"(api) shedding_stat [1m], cpu: 0, total: 0, pass: 0, drop: 0","level":"stat"}
{"@timestamp":"2026-03-08T20:59:06.306+08:00","caller":"stat/metrics.go:210","content":"(croupier-server) - qps: 0.0/s, drops: 0, avg time: 0.0ms, med: 0.0ms, 90th: 0.0ms, 99th: 0.0ms, 99.9th: 0.0ms","level":"stat"}
{"@timestamp":"2026-03-08T20:59:49.983+08:00","caller":"stat/usage.go:82","content":"CPU: 0m, MEMORY: Alloc=6.3Mi, TotalAlloc=59.4Mi, Sys=24.6Mi, NumGC=208","level":"stat"}
{"@timestamp":"2026-03-08T20:59:50.226+08:00","caller":"load/sheddingstat.go:61","content":"(api) shedding_stat [1m], cpu: 0, total: 0, pass: 0, drop: 0","level":"stat"}
{"@timestamp":"2026-03-08T21:00:06.306+08:00","caller":"stat/metrics.go:210","content":"(croupier-server) - qps: 0.0/s, drops: 0, avg time: 0.0ms, med: 0.0ms, 90th: 0.0ms, 99th: 0.0ms, 99.9th: 0.0ms","level":"stat"}
{"@timestamp":"2026-03-08T21:00:49.983+08:00","caller":"stat/usage.go:82","content":"CPU: 0m, MEMORY: Alloc=6.4Mi, TotalAlloc=59.5Mi, Sys=24.6Mi, NumGC=208","level":"stat"}
{"@timestamp":"2026-03-08T21:00:50.226+08:00","caller":"load/sheddingstat.go:61","content":"(api) shedding_stat [1m], cpu: 0, total: 0, pass: 0, drop: 0","level":"stat"}
{"@timestamp":"2026-03-08T21:01:06.306+08:00","caller":"stat/metrics.go:210","content":"(croupier-server) - qps: 0.0/s, drops: 0, avg time: 0.0ms, med: 0.0ms, 90th: 0.0ms, 99th: 0.0ms, 99.9th: 0.0ms","level":"stat"}
{"@timestamp":"2026-03-08T21:01:49.983+08:00","caller":"stat/usage.go:82","content":"CPU: 0m, MEMORY: Alloc=6.3Mi, TotalAlloc=59.6Mi, Sys=24.6Mi, NumGC=209","level":"stat"}
{"@timestamp":"2026-03-08T21:01:50.226+08:00","caller":"load/sheddingstat.go:61","content":"(api) shedding_stat [1m], cpu: 0, total: 0, pass: 0, drop: 0","level":"stat"}
{"@timestamp":"2026-03-08T21:02:06.306+08:00","caller":"stat/metrics.go:210","content":"(croupier-server) - qps: 0.0/s, drops: 0, avg time: 0.0ms, med: 0.0ms, 90th: 0.0ms, 99th: 0.0ms, 99.9th: 0.0ms","level":"stat"}
{"@timestamp":"2026-03-08T21:02:49.983+08:00","caller":"stat/usage.go:82","content":"CPU: 0m, MEMORY: Alloc=6.4Mi, TotalAlloc=59.7Mi, Sys=24.6Mi, NumGC=209","level":"stat"}
{"@timestamp":"2026-03-08T21:02:50.226+08:00","caller":"load/sheddingstat.go:61","content":"(api) shedding_stat [1m], cpu: 0, total: 0, pass: 0, drop: 0","level":"stat"}
{"@timestamp":"2026-03-08T21:03:06.306+08:00","caller":"stat/metrics.go:210","content":"(croupier-server) - qps: 0.0/s, drops: 0, avg time: 0.0ms, med: 0.0ms, 90th: 0.0ms, 99th: 0.0ms, 99.9th: 0.0ms","level":"stat"}
{"@timestamp":"2026-03-08T21:03:49.983+08:00","caller":"stat/usage.go:82","content":"CPU: 0m, MEMORY: Alloc=6.3Mi, TotalAlloc=59.8Mi, Sys=24.6Mi, NumGC=210","level":"stat"}
{"@timestamp":"2026-03-08T21:03:50.226+08:00","caller":"load/sheddingstat.go:61","content":"(api) shedding_stat [1m], cpu: 0, total: 0, pass: 0, drop: 0","level":"stat"}
{"@timestamp":"2026-03-08T21:04:06.306+08:00","caller":"stat/metrics.go:210","content":"(croupier-server) - qps: 0.0/s, drops: 0, avg time: 0.0ms, med: 0.0ms, 90th: 0.0ms, 99th: 0.0ms, 99.9th: 0.0ms","level":"stat"}
{"@timestamp":"2026-03-08T21:04:49.983+08:00","caller":"stat/usage.go:82","content":"CPU: 0m, MEMORY: Alloc=6.4Mi, TotalAlloc=59.8Mi, Sys=24.6Mi, NumGC=210","level":"stat"}
{"@timestamp":"2026-03-08T21:04:50.226+08:00","caller":"load/sheddingstat.go:61","content":"(api) shedding_stat [1m], cpu: 0, total: 0, pass: 0, drop: 0","level":"stat"}
{"@timestamp":"2026-03-08T21:05:06.306+08:00","caller":"stat/metrics.go:210","content":"(croupier-server) - qps: 0.0/s, drops: 0, avg time: 0.0ms, med: 0.0ms, 90th: 0.0ms, 99th: 0.0ms, 99.9th: 0.0ms","level":"stat"}
{"@timestamp":"2026-03-08T21:05:49.983+08:00","caller":"stat/usage.go:82","content":"CPU: 0m, MEMORY: Alloc=6.3Mi, TotalAlloc=60.0Mi, Sys=24.6Mi, NumGC=211","level":"stat"}
{"@timestamp":"2026-03-08T21:05:50.226+08:00","caller":"load/sheddingstat.go:61","content":"(api) shedding_stat [1m], cpu: 0, total: 0, pass: 0, drop: 0","level":"stat"}
{"@timestamp":"2026-03-08T21:06:06.306+08:00","caller":"stat/metrics.go:210","content":"(croupier-server) - qps: 0.0/s, drops: 0, avg time: 0.0ms, med: 0.0ms, 90th: 0.0ms, 99th: 0.0ms, 99.9th: 0.0ms","level":"stat"}
{"@timestamp":"2026-03-08T21:06:49.983+08:00","caller":"stat/usage.go:82","content":"CPU: 0m, MEMORY: Alloc=6.3Mi, TotalAlloc=60.0Mi, Sys=24.6Mi, NumGC=211","level":"stat"}
{"@timestamp":"2026-03-08T21:06:50.226+08:00","caller":"load/sheddingstat.go:61","content":"(api) shedding_stat [1m], cpu: 0, total: 0, pass: 0, drop: 0","level":"stat"}
{"@timestamp":"2026-03-08T21:07:06.306+08:00","caller":"stat/metrics.go:210","content":"(croupier-server) - qps: 0.0/s, drops: 0, avg time: 0.0ms, med: 0.0ms, 90th: 0.0ms, 99th: 0.0ms, 99.9th: 0.0ms","level":"stat"}
{"@timestamp":"2026-03-08T21:07:49.983+08:00","caller":"stat/usage.go:82","content":"CPU: 0m, MEMORY: Alloc=6.3Mi, TotalAlloc=60.2Mi, Sys=24.6Mi, NumGC=212","level":"stat"}
{"@timestamp":"2026-03-08T21:07:50.226+08:00","caller":"load/sheddingstat.go:61","content":"(api) shedding_stat [1m], cpu: 0, total: 0, pass: 0, drop: 0","level":"stat"}
{"@timestamp":"2026-03-08T21:08:06.306+08:00","caller":"stat/metrics.go:210","content":"(croupier-server) - qps: 0.0/s, drops: 0, avg time: 0.0ms, med: 0.0ms, 90th: 0.0ms, 99th: 0.0ms, 99.9th: 0.0ms","level":"stat"}
{"@timestamp":"2026-03-08T21:08:49.983+08:00","caller":"stat/usage.go:82","content":"CPU: 0m, MEMORY: Alloc=6.4Mi, TotalAlloc=60.2Mi, Sys=24.6Mi, NumGC=212","level":"stat"}
{"@timestamp":"2026-03-08T21:08:50.226+08:00","caller":"load/sheddingstat.go:61","content":"(api) shedding_stat [1m], cpu: 0, total: 0, pass: 0, drop: 0","level":"stat"}
{"@timestamp":"2026-03-08T21:09:06.306+08:00","caller":"stat/metrics.go:210","content":"(croupier-server) - qps: 0.0/s, drops: 0, avg time: 0.0ms, med: 0.0ms, 90th: 0.0ms, 99th: 0.0ms, 99.9th: 0.0ms","level":"stat"}
{"@timestamp":"2026-03-08T21:09:49.983+08:00","caller":"stat/usage.go:82","content":"CPU: 0m, MEMORY: Alloc=6.3Mi, TotalAlloc=60.4Mi, Sys=24.6Mi, NumGC=213","level":"stat"}
{"@timestamp":"2026-03-08T21:09:50.226+08:00","caller":"load/sheddingstat.go:61","content":"(api) shedding_stat [1m], cpu: 0, total: 0, pass: 0, drop: 0","level":"stat"}
{"@timestamp":"2026-03-08T21:10:06.306+08:00","caller":"stat/metrics.go:210","content":"(croupier-server) - qps: 0.0/s, drops: 0, avg time: 0.0ms, med: 0.0ms, 90th: 0.0ms, 99th: 0.0ms, 99.9th: 0.0ms","level":"stat"}
{"@timestamp":"2026-03-08T21:10:49.983+08:00","caller":"stat/usage.go:82","content":"CPU: 0m, MEMORY: Alloc=6.4Mi, TotalAlloc=60.4Mi, Sys=24.6Mi, NumGC=213","level":"stat"}
{"@timestamp":"2026-03-08T21:10:50.226+08:00","caller":"load/sheddingstat.go:61","content":"(api) shedding_stat [1m], cpu: 0, total: 0, pass: 0, drop: 0","level":"stat"}
{"@timestamp":"2026-03-08T21:11:06.306+08:00","caller":"stat/metrics.go:210","content":"(croupier-server) - qps: 0.0/s, drops: 0, avg time: 0.0ms, med: 0.0ms, 90th: 0.0ms, 99th: 0.0ms, 99.9th: 0.0ms","level":"stat"}
{"@timestamp":"2026-03-08T21:11:49.983+08:00","caller":"stat/usage.go:82","content":"CPU: 0m, MEMORY: Alloc=6.3Mi, TotalAlloc=60.6Mi, Sys=24.6Mi, NumGC=214","level":"stat"}
{"@timestamp":"2026-03-08T21:11:50.226+08:00","caller":"load/sheddingstat.go:61","content":"(api) shedding_stat [1m], cpu: 0, total: 0, pass: 0, drop: 0","level":"stat"}
{"@timestamp":"2026-03-08T21:12:06.306+08:00","caller":"stat/metrics.go:210","content":"(croupier-server) - qps: 0.0/s, drops: 0, avg time: 0.0ms, med: 0.0ms, 90th: 0.0ms, 99th: 0.0ms, 99.9th: 0.0ms","level":"stat"}
{"@timestamp":"2026-03-08T21:12:49.983+08:00","caller":"stat/usage.go:82","content":"CPU: 0m, MEMORY: Alloc=6.4Mi, TotalAlloc=60.6Mi, Sys=24.6Mi, NumGC=214","level":"stat"}
{"@timestamp":"2026-03-08T21:12:50.226+08:00","caller":"load/sheddingstat.go:61","content":"(api) shedding_stat [1m], cpu: 0, total: 0, pass: 0, drop: 0","level":"stat"}
{"@timestamp":"2026-03-08T21:13:06.306+08:00","caller":"stat/metrics.go:210","content":"(croupier-server) - qps: 0.0/s, drops: 0, avg time: 0.0ms, med: 0.0ms, 90th: 0.0ms, 99th: 0.0ms, 99.9th: 0.0ms","level":"stat"}
{"@timestamp":"2026-03-08T21:13:49.983+08:00","caller":"stat/usage.go:82","content":"CPU: 0m, MEMORY: Alloc=6.3Mi, TotalAlloc=60.7Mi, Sys=24.6Mi, NumGC=215","level":"stat"}
{"@timestamp":"2026-03-08T21:13:50.226+08:00","caller":"load/sheddingstat.go:61","content":"(api) shedding_stat [1m], cpu: 0, total: 0, pass: 0, drop: 0","level":"stat"}
{"@timestamp":"2026-03-08T21:14:06.306+08:00","caller":"stat/metrics.go:210","content":"(croupier-server) - qps: 0.0/s, drops: 0, avg time: 0.0ms, med: 0.0ms, 90th: 0.0ms, 99th: 0.0ms, 99.9th: 0.0ms","level":"stat"}
{"@timestamp":"2026-03-08T21:14:49.983+08:00","caller":"stat/usage.go:82","content":"CPU: 0m, MEMORY: Alloc=6.4Mi, TotalAlloc=60.8Mi, Sys=24.6Mi, NumGC=215","level":"stat"}
{"@timestamp":"2026-03-08T21:14:50.226+08:00","caller":"load/sheddingstat.go:61","content":"(api) shedding_stat [1m], cpu: 0, total: 0, pass: 0, drop: 0","level":"stat"}
{"@timestamp":"2026-03-08T21:15:06.306+08:00","caller":"stat/metrics.go:210","content":"(croupier-server) - qps: 0.0/s, drops: 0, avg time: 0.0ms, med: 0.0ms, 90th: 0.0ms, 99th: 0.0ms, 99.9th: 0.0ms","level":"stat"}
{"@timestamp":"2026-03-08T21:15:49.983+08:00","caller":"stat/usage.go:82","content":"CPU: 0m, MEMORY: Alloc=6.3Mi, TotalAlloc=60.9Mi, Sys=24.6Mi, NumGC=216","level":"stat"}
{"@timestamp":"2026-03-08T21:15:50.226+08:00","caller":"load/sheddingstat.go:61","content":"(api) shedding_stat [1m], cpu: 0, total: 0, pass: 0, drop: 0","level":"stat"}
{"@timestamp":"2026-03-08T21:16:06.306+08:00","caller":"stat/metrics.go:210","content":"(croupier-server) - qps: 0.0/s, drops: 0, avg time: 0.0ms, med: 0.0ms, 90th: 0.0ms, 99th: 0.0ms, 99.9th: 0.0ms","level":"stat"}
{"@timestamp":"2026-03-08T21:16:49.983+08:00","caller":"stat/usage.go:82","content":"CPU: 0m, MEMORY: Alloc=6.4Mi, TotalAlloc=61.0Mi, Sys=24.6Mi, NumGC=216","level":"stat"}
{"@timestamp":"2026-03-08T21:16:50.226+08:00","caller":"load/sheddingstat.go:61","content":"(api) shedding_stat [1m], cpu: 0, total: 0, pass: 0, drop: 0","level":"stat"}
{"@timestamp":"2026-03-08T21:17:06.306+08:00","caller":"stat/metrics.go:210","content":"(croupier-server) - qps: 0.0/s, drops: 0, avg time: 0.0ms, med: 0.0ms, 90th: 0.0ms, 99th: 0.0ms, 99.9th: 0.0ms","level":"stat"}
{"@timestamp":"2026-03-08T21:17:49.983+08:00","caller":"stat/usage.go:82","content":"CPU: 0m, MEMORY: Alloc=6.3Mi, TotalAlloc=61.1Mi, Sys=24.6Mi, NumGC=217","level":"stat"}
{"@timestamp":"2026-03-08T21:17:50.226+08:00","caller":"load/sheddingstat.go:61","content":"(api) shedding_stat [1m], cpu: 0, total: 0, pass: 0, drop: 0","level":"stat"}
{"@timestamp":"2026-03-08T21:18:06.306+08:00","caller":"stat/metrics.go:210","content":"(croupier-server) - qps: 0.0/s, drops: 0, avg time: 0.0ms, med: 0.0ms, 90th: 0.0ms, 99th: 0.0ms, 99.9th: 0.0ms","level":"stat"}
{"@timestamp":"2026-03-08T21:18:49.983+08:00","caller":"stat/usage.go:82","content":"CPU: 0m, MEMORY: Alloc=6.4Mi, TotalAlloc=61.2Mi, Sys=24.6Mi, NumGC=217","level":"stat"}
{"@timestamp":"2026-03-08T21:18:50.226+08:00","caller":"load/sheddingstat.go:61","content":"(api) shedding_stat [1m], cpu: 0, total: 0, pass: 0, drop: 0","level":"stat"}
{"@timestamp":"2026-03-08T21:19:06.306+08:00","caller":"stat/metrics.go:210","content":"(croupier-server) - qps: 0.0/s, drops: 0, avg time: 0.0ms, med: 0.0ms, 90th: 0.0ms, 99th: 0.0ms, 99.9th: 0.0ms","level":"stat"}
{"@timestamp":"2026-03-08T21:19:49.983+08:00","caller":"stat/usage.go:82","content":"CPU: 0m, MEMORY: Alloc=6.3Mi, TotalAlloc=61.3Mi, Sys=24.6Mi, NumGC=218","level":"stat"}
{"@timestamp":"2026-03-08T21:19:50.226+08:00","caller":"load/sheddingstat.go:61","content":"(api) shedding_stat [1m], cpu: 0, total: 0, pass: 0, drop: 0","level":"stat"}
{"@timestamp":"2026-03-08T21:20:06.306+08:00","caller":"stat/metrics.go:210","content":"(croupier-server) - qps: 0.0/s, drops: 0, avg time: 0.0ms, med: 0.0ms, 90th: 0.0ms, 99th: 0.0ms, 99.9th: 0.0ms","level":"stat"}
{"@timestamp":"2026-03-08T21:20:49.983+08:00","caller":"stat/usage.go:82","content":"CPU: 0m, MEMORY: Alloc=6.4Mi, TotalAlloc=61.3Mi, Sys=24.6Mi, NumGC=218","level":"stat"}
{"@timestamp":"2026-03-08T21:20:50.226+08:00","caller":"load/sheddingstat.go:61","content":"(api) shedding_stat [1m], cpu: 0, total: 0, pass: 0, drop: 0","level":"stat"}
{"@timestamp":"2026-03-08T21:21:06.306+08:00","caller":"stat/metrics.go:210","content":"(croupier-server) - qps: 0.0/s, drops: 0, avg time: 0.0ms, med: 0.0ms, 90th: 0.0ms, 99th: 0.0ms, 99.9th: 0.0ms","level":"stat"}
{"@timestamp":"2026-03-08T21:21:49.983+08:00","caller":"stat/usage.go:82","content":"CPU: 0m, MEMORY: Alloc=6.3Mi, TotalAlloc=61.5Mi, Sys=24.6Mi, NumGC=219","level":"stat"}
{"@timestamp":"2026-03-08T21:21:50.226+08:00","caller":"load/sheddingstat.go:61","content":"(api) shedding_stat [1m], cpu: 0, total: 0, pass: 0, drop: 0","level":"stat"}
{"@timestamp":"2026-03-08T21:22:06.306+08:00","caller":"stat/metrics.go:210","content":"(croupier-server) - qps: 0.0/s, drops: 0, avg time: 0.0ms, med: 0.0ms, 90th: 0.0ms, 99th: 0.0ms, 99.9th: 0.0ms","level":"stat"}
{"@timestamp":"2026-03-08T21:22:49.983+08:00","caller":"stat/usage.go:82","content":"CPU: 0m, MEMORY: Alloc=6.3Mi, TotalAlloc=61.5Mi, Sys=24.6Mi, NumGC=219","level":"stat"}
{"@timestamp":"2026-03-08T21:22:50.226+08:00","caller":"load/sheddingstat.go:61","content":"(api) shedding_stat [1m], cpu: 0, total: 0, pass: 0, drop: 0","level":"stat"}
{"@timestamp":"2026-03-08T21:23:06.306+08:00","caller":"stat/metrics.go:210","content":"(croupier-server) - qps: 0.0/s, drops: 0, avg time: 0.0ms, med: 0.0ms, 90th: 0.0ms, 99th: 0.0ms, 99.9th: 0.0ms","level":"stat"}
{"@timestamp":"2026-03-08T21:23:49.983+08:00","caller":"stat/usage.go:82","content":"CPU: 0m, MEMORY: Alloc=6.3Mi, TotalAlloc=61.7Mi, Sys=24.6Mi, NumGC=220","level":"stat"}
{"@timestamp":"2026-03-08T21:23:50.226+08:00","caller":"load/sheddingstat.go:61","content":"(api) shedding_stat [1m], cpu: 0, total: 0, pass: 0, drop: 0","level":"stat"}
{"@timestamp":"2026-03-08T21:24:06.306+08:00","caller":"stat/metrics.go:210","content":"(croupier-server) - qps: 0.0/s, drops: 0, avg time: 0.0ms, med: 0.0ms, 90th: 0.0ms, 99th: 0.0ms, 99.9th: 0.0ms","level":"stat"}
{"@timestamp":"2026-03-08T21:24:49.983+08:00","caller":"stat/usage.go:82","content":"CPU: 0m, MEMORY: Alloc=6.4Mi, TotalAlloc=61.7Mi, Sys=24.6Mi, NumGC=220","level":"stat"}
{"@timestamp":"2026-03-08T21:24:50.226+08:00","caller":"load/sheddingstat.go:61","content":"(api) shedding_stat [1m], cpu: 0, total: 0, pass: 0, drop: 0","level":"stat"}
{"@timestamp":"2026-03-08T21:25:06.306+08:00","caller":"stat/metrics.go:210","content":"(croupier-server) - qps: 0.0/s, drops: 0, avg time: 0.0ms, med: 0.0ms, 90th: 0.0ms, 99th: 0.0ms, 99.9th: 0.0ms","level":"stat"}
{"@timestamp":"2026-03-08T21:25:49.983+08:00","caller":"stat/usage.go:82","content":"CPU: 0m, MEMORY: Alloc=6.3Mi, TotalAlloc=61.8Mi, Sys=24.6Mi, NumGC=221","level":"stat"}
{"@timestamp":"2026-03-08T21:25:50.226+08:00","caller":"load/sheddingstat.go:61","content":"(api) shedding_stat [1m], cpu: 0, total: 0, pass: 0, drop: 0","level":"stat"}
{"@timestamp":"2026-03-08T21:26:06.306+08:00","caller":"stat/metrics.go:210","content":"(croupier-server) - qps: 0.0/s, drops: 0, avg time: 0.0ms, med: 0.0ms, 90th: 0.0ms, 99th: 0.0ms, 99.9th: 0.0ms","level":"stat"}
{"@timestamp":"2026-03-08T21:26:49.983+08:00","caller":"stat/usage.go:82","content":"CPU: 0m, MEMORY: Alloc=6.4Mi, TotalAlloc=61.9Mi, Sys=24.6Mi, NumGC=221","level":"stat"}
{"@timestamp":"2026-03-08T21:26:50.226+08:00","caller":"load/sheddingstat.go:61","content":"(api) shedding_stat [1m], cpu: 0, total: 0, pass: 0, drop: 0","level":"stat"}
{"@timestamp":"2026-03-08T21:27:06.306+08:00","caller":"stat/metrics.go:210","content":"(croupier-server) - qps: 0.0/s, drops: 0, avg time: 0.0ms, med: 0.0ms, 90th: 0.0ms, 99th: 0.0ms, 99.9th: 0.0ms","level":"stat"}
{"@timestamp":"2026-03-08T21:27:49.983+08:00","caller":"stat/usage.go:82","content":"CPU: 0m, MEMORY: Alloc=6.3Mi, TotalAlloc=62.0Mi, Sys=24.6Mi, NumGC=222","level":"stat"}
{"@timestamp":"2026-03-08T21:27:50.226+08:00","caller":"load/sheddingstat.go:61","content":"(api) shedding_stat [1m], cpu: 0, total: 0, pass: 0, drop: 0","level":"stat"}
{"@timestamp":"2026-03-08T21:28:06.306+08:00","caller":"stat/metrics.go:210","content":"(croupier-server) - qps: 0.0/s, drops: 0, avg time: 0.0ms, med: 0.0ms, 90th: 0.0ms, 99th: 0.0ms, 99.9th: 0.0ms","level":"stat"}
{"@timestamp":"2026-03-08T21:28:49.983+08:00","caller":"stat/usage.go:82","content":"CPU: 0m, MEMORY: Alloc=6.4Mi, TotalAlloc=62.1Mi, Sys=24.6Mi, NumGC=222","level":"stat"}
{"@timestamp":"2026-03-08T21:28:50.226+08:00","caller":"load/sheddingstat.go:61","content":"(api) shedding_stat [1m], cpu: 0, total: 0, pass: 0, drop: 0","level":"stat"}
{"@timestamp":"2026-03-08T21:29:06.306+08:00","caller":"stat/metrics.go:210","content":"(croupier-server) - qps: 0.0/s, drops: 0, avg time: 0.0ms, med: 0.0ms, 90th: 0.0ms, 99th: 0.0ms, 99.9th: 0.0ms","level":"stat"}
{"@timestamp":"2026-03-08T21:29:49.983+08:00","caller":"stat/usage.go:82","content":"CPU: 0m, MEMORY: Alloc=6.3Mi, TotalAlloc=62.2Mi, Sys=24.6Mi, NumGC=223","level":"stat"}
{"@timestamp":"2026-03-08T21:29:50.226+08:00","caller":"load/sheddingstat.go:61","content":"(api) shedding_stat [1m], cpu: 0, total: 0, pass: 0, drop: 0","level":"stat"}
{"@timestamp":"2026-03-08T21:30:06.306+08:00","caller":"stat/metrics.go:210","content":"(croupier-server) - qps: 0.0/s, drops: 0, avg time: 0.0ms, med: 0.0ms, 90th: 0.0ms, 99th: 0.0ms, 99.9th: 0.0ms","level":"stat"}
{"@timestamp":"2026-03-08T21:30:49.983+08:00","caller":"stat/usage.go:82","content":"CPU: 0m, MEMORY: Alloc=6.4Mi, TotalAlloc=62.3Mi, Sys=24.6Mi, NumGC=223","level":"stat"}
{"@timestamp":"2026-03-08T21:30:50.226+08:00","caller":"load/sheddingstat.go:61","content":"(api) shedding_stat [1m], cpu: 0, total: 0, pass: 0, drop: 0","level":"stat"}
{"@timestamp":"2026-03-08T21:31:06.306+08:00","caller":"stat/metrics.go:210","content":"(croupier-server) - qps: 0.0/s, drops: 0, avg time: 0.0ms, med: 0.0ms, 90th: 0.0ms, 99th: 0.0ms, 99.9th: 0.0ms","level":"stat"}
{"@timestamp":"2026-03-08T21:31:49.983+08:00","caller":"stat/usage.go:82","content":"CPU: 0m, MEMORY: Alloc=6.3Mi, TotalAlloc=62.4Mi, Sys=24.6Mi, NumGC=224","level":"stat"}
{"@timestamp":"2026-03-08T21:31:50.226+08:00","caller":"load/sheddingstat.go:61","content":"(api) shedding_stat [1m], cpu: 0, total: 0, pass: 0, drop: 0","level":"stat"}
{"@timestamp":"2026-03-08T21:32:06.306+08:00","caller":"stat/metrics.go:210","content":"(croupier-server) - qps: 0.0/s, drops: 0, avg time: 0.0ms, med: 0.0ms, 90th: 0.0ms, 99th: 0.0ms, 99.9th: 0.0ms","level":"stat"}
{"@timestamp":"2026-03-08T21:32:49.983+08:00","caller":"stat/usage.go:82","content":"CPU: 0m, MEMORY: Alloc=6.4Mi, TotalAlloc=62.4Mi, Sys=24.6Mi, NumGC=224","level":"stat"}
{"@timestamp":"2026-03-08T21:32:50.226+08:00","caller":"load/sheddingstat.go:61","content":"(api) shedding_stat [1m], cpu: 0, total: 0, pass: 0, drop: 0","level":"stat"}
{"@timestamp":"2026-03-08T21:33:06.306+08:00","caller":"stat/metrics.go:210","content":"(croupier-server) - qps: 0.0/s, drops: 0, avg time: 0.0ms, med: 0.0ms, 90th: 0.0ms, 99th: 0.0ms, 99.9th: 0.0ms","level":"stat"}
{"@timestamp":"2026-03-08T21:33:49.983+08:00","caller":"stat/usage.go:82","content":"CPU: 0m, MEMORY: Alloc=6.3Mi, TotalAlloc=62.6Mi, Sys=24.6Mi, NumGC=225","level":"stat"}
{"@timestamp":"2026-03-08T21:33:50.226+08:00","caller":"load/sheddingstat.go:61","content":"(api) shedding_stat [1m], cpu: 0, total: 0, pass: 0, drop: 0","level":"stat"}
{"@timestamp":"2026-03-08T21:34:06.306+08:00","caller":"stat/metrics.go:210","content":"(croupier-server) - qps: 0.0/s, drops: 0, avg time: 0.0ms, med: 0.0ms, 90th: 0.0ms, 99th: 0.0ms, 99.9th: 0.0ms","level":"stat"}
{"@timestamp":"2026-03-08T21:34:49.983+08:00","caller":"stat/usage.go:82","content":"CPU: 0m, MEMORY: Alloc=6.4Mi, TotalAlloc=62.6Mi, Sys=24.6Mi, NumGC=225","level":"stat"}
{"@timestamp":"2026-03-08T21:34:50.226+08:00","caller":"load/sheddingstat.go:61","content":"(api) shedding_stat [1m], cpu: 0, total: 0, pass: 0, drop: 0","level":"stat"}
{"@timestamp":"2026-03-08T21:35:06.306+08:00","caller":"stat/metrics.go:210","content":"(croupier-server) - qps: 0.0/s, drops: 0, avg time: 0.0ms, med: 0.0ms, 90th: 0.0ms, 99th: 0.0ms, 99.9th: 0.0ms","level":"stat"}
{"@timestamp":"2026-03-08T21:35:49.983+08:00","caller":"stat/usage.go:82","content":"CPU: 0m, MEMORY: Alloc=6.3Mi, TotalAlloc=62.8Mi, Sys=24.6Mi, NumGC=226","level":"stat"}
{"@timestamp":"2026-03-08T21:35:50.226+08:00","caller":"load/sheddingstat.go:61","content":"(api) shedding_stat [1m], cpu: 0, total: 0, pass: 0, drop: 0","level":"stat"}
{"@timestamp":"2026-03-08T21:36:06.306+08:00","caller":"stat/metrics.go:210","content":"(croupier-server) - qps: 0.0/s, drops: 0, avg time: 0.0ms, med: 0.0ms, 90th: 0.0ms, 99th: 0.0ms, 99.9th: 0.0ms","level":"stat"}
{"@timestamp":"2026-03-08T21:36:49.983+08:00","caller":"stat/usage.go:82","content":"CPU: 0m, MEMORY: Alloc=6.3Mi, TotalAlloc=62.8Mi, Sys=24.6Mi, NumGC=226","level":"stat"}
{"@timestamp":"2026-03-08T21:36:50.226+08:00","caller":"load/sheddingstat.go:61","content":"(api) shedding_stat [1m], cpu: 0, total: 0, pass: 0, drop: 0","level":"stat"}
{"@timestamp":"2026-03-08T21:37:06.306+08:00","caller":"stat/metrics.go:210","content":"(croupier-server) - qps: 0.0/s, drops: 0, avg time: 0.0ms, med: 0.0ms, 90th: 0.0ms, 99th: 0.0ms, 99.9th: 0.0ms","level":"stat"}
{"@timestamp":"2026-03-08T21:37:49.983+08:00","caller":"stat/usage.go:82","content":"CPU: 0m, MEMORY: Alloc=6.3Mi, TotalAlloc=63.0Mi, Sys=24.6Mi, NumGC=227","level":"stat"}
{"@timestamp":"2026-03-08T21:37:50.226+08:00","caller":"load/sheddingstat.go:61","content":"(api) shedding_stat [1m], cpu: 0, total: 0, pass: 0, drop: 0","level":"stat"}
{"@timestamp":"2026-03-08T21:38:06.306+08:00","caller":"stat/metrics.go:210","content":"(croupier-server) - qps: 0.0/s, drops: 0, avg time: 0.0ms, med: 0.0ms, 90th: 0.0ms, 99th: 0.0ms, 99.9th: 0.0ms","level":"stat"}
{"@timestamp":"2026-03-08T21:38:49.983+08:00","caller":"stat/usage.go:82","content":"CPU: 0m, MEMORY: Alloc=6.4Mi, TotalAlloc=63.0Mi, Sys=24.6Mi, NumGC=227","level":"stat"}
{"@timestamp":"2026-03-08T21:38:50.226+08:00","caller":"load/sheddingstat.go:61","content":"(api) shedding_stat [1m], cpu: 0, total: 0, pass: 0, drop: 0","level":"stat"}
{"@timestamp":"2026-03-08T21:39:06.306+08:00","caller":"stat/metrics.go:210","content":"(croupier-server) - qps: 0.0/s, drops: 0, avg time: 0.0ms, med: 0.0ms, 90th: 0.0ms, 99th: 0.0ms, 99.9th: 0.0ms","level":"stat"}
{"@timestamp":"2026-03-08T21:39:49.983+08:00","caller":"stat/usage.go:82","content":"CPU: 0m, MEMORY: Alloc=6.3Mi, TotalAlloc=63.2Mi, Sys=24.6Mi, NumGC=228","level":"stat"}
{"@timestamp":"2026-03-08T21:39:50.226+08:00","caller":"load/sheddingstat.go:61","content":"(api) shedding_stat [1m], cpu: 0, total: 0, pass: 0, drop: 0","level":"stat"}
{"@timestamp":"2026-03-08T21:40:06.306+08:00","caller":"stat/metrics.go:210","content":"(croupier-server) - qps: 0.0/s, drops: 0, avg time: 0.0ms, med: 0.0ms, 90th: 0.0ms, 99th: 0.0ms, 99.9th: 0.0ms","level":"stat"}
{"@timestamp":"2026-03-08T21:40:49.983+08:00","caller":"stat/usage.go:82","content":"CPU: 0m, MEMORY: Alloc=6.3Mi, TotalAlloc=63.2Mi, Sys=24.6Mi, NumGC=228","level":"stat"}
{"@timestamp":"2026-03-08T21:40:50.226+08:00","caller":"load/sheddingstat.go:61","content":"(api) shedding_stat [1m], cpu: 0, total: 0, pass: 0, drop: 0","level":"stat"}
{"@timestamp":"2026-03-08T21:41:06.306+08:00","caller":"stat/metrics.go:210","content":"(croupier-server) - qps: 0.0/s, drops: 0, avg time: 0.0ms, med: 0.0ms, 90th: 0.0ms, 99th: 0.0ms, 99.9th: 0.0ms","level":"stat"}
{"@timestamp":"2026-03-08T21:41:49.983+08:00","caller":"stat/usage.go:82","content":"CPU: 0m, MEMORY: Alloc=6.3Mi, TotalAlloc=63.3Mi, Sys=24.6Mi, NumGC=229","level":"stat"}
{"@timestamp":"2026-03-08T21:41:50.226+08:00","caller":"load/sheddingstat.go:61","content":"(api) shedding_stat [1m], cpu: 0, total: 0, pass: 0, drop: 0","level":"stat"}
{"@timestamp":"2026-03-08T21:42:06.306+08:00","caller":"stat/metrics.go:210","content":"(croupier-server) - qps: 0.0/s, drops: 0, avg time: 0.0ms, med: 0.0ms, 90th: 0.0ms, 99th: 0.0ms, 99.9th: 0.0ms","level":"stat"}
{"@timestamp":"2026-03-08T21:42:49.983+08:00","caller":"stat/usage.go:82","content":"CPU: 0m, MEMORY: Alloc=6.4Mi, TotalAlloc=63.4Mi, Sys=24.6Mi, NumGC=229","level":"stat"}
{"@timestamp":"2026-03-08T21:42:50.226+08:00","caller":"load/sheddingstat.go:61","content":"(api) shedding_stat [1m], cpu: 0, total: 0, pass: 0, drop: 0","level":"stat"}
{"@timestamp":"2026-03-08T21:43:06.306+08:00","caller":"stat/metrics.go:210","content":"(croupier-server) - qps: 0.0/s, drops: 0, avg time: 0.0ms, med: 0.0ms, 90th: 0.0ms, 99th: 0.0ms, 99.9th: 0.0ms","level":"stat"}
{"@timestamp":"2026-03-08T21:43:49.983+08:00","caller":"stat/usage.go:82","content":"CPU: 0m, MEMORY: Alloc=6.3Mi, TotalAlloc=63.5Mi, Sys=24.6Mi, NumGC=230","level":"stat"}
{"@timestamp":"2026-03-08T21:43:50.226+08:00","caller":"load/sheddingstat.go:61","content":"(api) shedding_stat [1m], cpu: 0, total: 0, pass: 0, drop: 0","level":"stat"}
{"@timestamp":"2026-03-08T21:44:06.306+08:00","caller":"stat/metrics.go:210","content":"(croupier-server) - qps: 0.0/s, drops: 0, avg time: 0.0ms, med: 0.0ms, 90th: 0.0ms, 99th: 0.0ms, 99.9th: 0.0ms","level":"stat"}
{"@timestamp":"2026-03-08T21:44:49.983+08:00","caller":"stat/usage.go:82","content":"CPU: 0m, MEMORY: Alloc=6.4Mi, TotalAlloc=63.6Mi, Sys=24.6Mi, NumGC=230","level":"stat"}
{"@timestamp":"2026-03-08T21:44:50.226+08:00","caller":"load/sheddingstat.go:61","content":"(api) shedding_stat [1m], cpu: 0, total: 0, pass: 0, drop: 0","level":"stat"}
{"@timestamp":"2026-03-08T21:45:06.306+08:00","caller":"stat/metrics.go:210","content":"(croupier-server) - qps: 0.0/s, drops: 0, avg time: 0.0ms, med: 0.0ms, 90th: 0.0ms, 99th: 0.0ms, 99.9th: 0.0ms","level":"stat"}
{"@timestamp":"2026-03-08T21:45:49.983+08:00","caller":"stat/usage.go:82","content":"CPU: 0m, MEMORY: Alloc=6.3Mi, TotalAlloc=63.7Mi, Sys=24.6Mi, NumGC=231","level":"stat"}
{"@timestamp":"2026-03-08T21:45:50.226+08:00","caller":"load/sheddingstat.go:61","content":"(api) shedding_stat [1m], cpu: 0, total: 0, pass: 0, drop: 0","level":"stat"}
{"@timestamp":"2026-03-08T21:46:06.306+08:00","caller":"stat/metrics.go:210","content":"(croupier-server) - qps: 0.0/s, drops: 0, avg time: 0.0ms, med: 0.0ms, 90th: 0.0ms, 99th: 0.0ms, 99.9th: 0.0ms","level":"stat"}
{"@timestamp":"2026-03-08T21:46:49.983+08:00","caller":"stat/usage.go:82","content":"CPU: 0m, MEMORY: Alloc=6.4Mi, TotalAlloc=63.7Mi, Sys=24.6Mi, NumGC=231","level":"stat"}
{"@timestamp":"2026-03-08T21:46:50.226+08:00","caller":"load/sheddingstat.go:61","content":"(api) shedding_stat [1m], cpu: 0, total: 0, pass: 0, drop: 0","level":"stat"}
{"@timestamp":"2026-03-08T21:47:06.306+08:00","caller":"stat/metrics.go:210","content":"(croupier-server) - qps: 0.0/s, drops: 0, avg time: 0.0ms, med: 0.0ms, 90th: 0.0ms, 99th: 0.0ms, 99.9th: 0.0ms","level":"stat"}
{"@timestamp":"2026-03-08T21:47:49.983+08:00","caller":"stat/usage.go:82","content":"CPU: 0m, MEMORY: Alloc=6.3Mi, TotalAlloc=63.9Mi, Sys=24.6Mi, NumGC=232","level":"stat"}
{"@timestamp":"2026-03-08T21:47:50.226+08:00","caller":"load/sheddingstat.go:61","content":"(api) shedding_stat [1m], cpu: 0, total: 0, pass: 0, drop: 0","level":"stat"}
{"@timestamp":"2026-03-08T21:48:06.306+08:00","caller":"stat/metrics.go:210","content":"(croupier-server) - qps: 0.0/s, drops: 0, avg time: 0.0ms, med: 0.0ms, 90th: 0.0ms, 99th: 0.0ms, 99.9th: 0.0ms","level":"stat"}
{"@timestamp":"2026-03-08T21:48:49.983+08:00","caller":"stat/usage.go:82","content":"CPU: 0m, MEMORY: Alloc=6.4Mi, TotalAlloc=63.9Mi, Sys=24.6Mi, NumGC=232","level":"stat"}
{"@timestamp":"2026-03-08T21:48:50.226+08:00","caller":"load/sheddingstat.go:61","content":"(api) shedding_stat [1m], cpu: 0, total: 0, pass: 0, drop: 0","level":"stat"}
{"@timestamp":"2026-03-08T21:49:06.306+08:00","caller":"stat/metrics.go:210","content":"(croupier-server) - qps: 0.0/s, drops: 0, avg time: 0.0ms, med: 0.0ms, 90th: 0.0ms, 99th: 0.0ms, 99.9th: 0.0ms","level":"stat"}
{"@timestamp":"2026-03-08T21:49:49.983+08:00","caller":"stat/usage.go:82","content":"CPU: 0m, MEMORY: Alloc=6.3Mi, TotalAlloc=64.1Mi, Sys=24.6Mi, NumGC=233","level":"stat"}
{"@timestamp":"2026-03-08T21:49:50.226+08:00","caller":"load/sheddingstat.go:61","content":"(api) shedding_stat [1m], cpu: 0, total: 0, pass: 0, drop: 0","level":"stat"}
{"@timestamp":"2026-03-08T21:50:06.306+08:00","caller":"stat/metrics.go:210","content":"(croupier-server) - qps: 0.0/s, drops: 0, avg time: 0.0ms, med: 0.0ms, 90th: 0.0ms, 99th: 0.0ms, 99.9th: 0.0ms","level":"stat"}
{"@timestamp":"2026-03-08T21:50:49.983+08:00","caller":"stat/usage.go:82","content":"CPU: 0m, MEMORY: Alloc=6.4Mi, TotalAlloc=64.1Mi, Sys=24.6Mi, NumGC=233","level":"stat"}
{"@timestamp":"2026-03-08T21:50:50.226+08:00","caller":"load/sheddingstat.go:61","content":"(api) shedding_stat [1m], cpu: 0, total: 0, pass: 0, drop: 0","level":"stat"}
{"@timestamp":"2026-03-08T21:51:06.306+08:00","caller":"stat/metrics.go:210","content":"(croupier-server) - qps: 0.0/s, drops: 0, avg time: 0.0ms, med: 0.0ms, 90th: 0.0ms, 99th: 0.0ms, 99.9th: 0.0ms","level":"stat"}
{"@timestamp":"2026-03-08T21:51:49.983+08:00","caller":"stat/usage.go:82","content":"CPU: 0m, MEMORY: Alloc=6.3Mi, TotalAlloc=64.3Mi, Sys=24.6Mi, NumGC=234","level":"stat"}
{"@timestamp":"2026-03-08T21:51:50.226+08:00","caller":"load/sheddingstat.go:61","content":"(api) shedding_stat [1m], cpu: 0, total: 0, pass: 0, drop: 0","level":"stat"}
{"@timestamp":"2026-03-08T21:52:06.306+08:00","caller":"stat/metrics.go:210","content":"(croupier-server) - qps: 0.0/s, drops: 0, avg time: 0.0ms, med: 0.0ms, 90th: 0.0ms, 99th: 0.0ms, 99.9th: 0.0ms","level":"stat"}
{"@timestamp":"2026-03-08T21:52:49.983+08:00","caller":"stat/usage.go:82","content":"CPU: 0m, MEMORY: Alloc=6.3Mi, TotalAlloc=64.3Mi, Sys=24.6Mi, NumGC=234","level":"stat"}
{"@timestamp":"2026-03-08T21:52:50.226+08:00","caller":"load/sheddingstat.go:61","content":"(api) shedding_stat [1m], cpu: 0, total: 0, pass: 0, drop: 0","level":"stat"}
{"@timestamp":"2026-03-08T21:53:06.306+08:00","caller":"stat/metrics.go:210","content":"(croupier-server) - qps: 0.0/s, drops: 0, avg time: 0.0ms, med: 0.0ms, 90th: 0.0ms, 99th: 0.0ms, 99.9th: 0.0ms","level":"stat"}
{"@timestamp":"2026-03-08T21:53:49.983+08:00","caller":"stat/usage.go:82","content":"CPU: 0m, MEMORY: Alloc=6.3Mi, TotalAlloc=64.5Mi, Sys=24.6Mi, NumGC=235","level":"stat"}
{"@timestamp":"2026-03-08T21:53:50.226+08:00","caller":"load/sheddingstat.go:61","content":"(api) shedding_stat [1m], cpu: 0, total: 0, pass: 0, drop: 0","level":"stat"}
{"@timestamp":"2026-03-08T21:54:06.306+08:00","caller":"stat/metrics.go:210","content":"(croupier-server) - qps: 0.0/s, drops: 0, avg time: 0.0ms, med: 0.0ms, 90th: 0.0ms, 99th: 0.0ms, 99.9th: 0.0ms","level":"stat"}
{"@timestamp":"2026-03-08T21:54:49.983+08:00","caller":"stat/usage.go:82","content":"CPU: 0m, MEMORY: Alloc=6.4Mi, TotalAlloc=64.5Mi, Sys=24.6Mi, NumGC=235","level":"stat"}
{"@timestamp":"2026-03-08T21:54:50.226+08:00","caller":"load/sheddingstat.go:61","content":"(api) shedding_stat [1m], cpu: 0, total: 0, pass: 0, drop: 0","level":"stat"}
{"@timestamp":"2026-03-08T21:55:06.306+08:00","caller":"stat/metrics.go:210","content":"(croupier-server) - qps: 0.0/s, drops: 0, avg time: 0.0ms, med: 0.0ms, 90th: 0.0ms, 99th: 0.0ms, 99.9th: 0.0ms","level":"stat"}
{"@timestamp":"2026-03-08T21:55:49.983+08:00","caller":"stat/usage.go:82","content":"CPU: 0m, MEMORY: Alloc=6.3Mi, TotalAlloc=64.6Mi, Sys=24.6Mi, NumGC=236","level":"stat"}
{"@timestamp":"2026-03-08T21:55:50.226+08:00","caller":"load/sheddingstat.go:61","content":"(api) shedding_stat [1m], cpu: 0, total: 0, pass: 0, drop: 0","level":"stat"}
{"@timestamp":"2026-03-08T21:56:06.306+08:00","caller":"stat/metrics.go:210","content":"(croupier-server) - qps: 0.0/s, drops: 0, avg time: 0.0ms, med: 0.0ms, 90th: 0.0ms, 99th: 0.0ms, 99.9th: 0.0ms","level":"stat"}
{"@timestamp":"2026-03-08T21:56:49.983+08:00","caller":"stat/usage.go:82","content":"CPU: 0m, MEMORY: Alloc=6.4Mi, TotalAlloc=64.7Mi, Sys=24.6Mi, NumGC=236","level":"stat"}
{"@timestamp":"2026-03-08T21:56:50.226+08:00","caller":"load/sheddingstat.go:61","content":"(api) shedding_stat [1m], cpu: 0, total: 0, pass: 0, drop: 0","level":"stat"}
{"@timestamp":"2026-03-08T21:57:06.306+08:00","caller":"stat/metrics.go:210","content":"(croupier-server) - qps: 0.0/s, drops: 0, avg time: 0.0ms, med: 0.0ms, 90th: 0.0ms, 99th: 0.0ms, 99.9th: 0.0ms","level":"stat"}
{"@timestamp":"2026-03-08T21:57:49.983+08:00","caller":"stat/usage.go:82","content":"CPU: 0m, MEMORY: Alloc=6.3Mi, TotalAlloc=64.8Mi, Sys=24.6Mi, NumGC=237","level":"stat"}
{"@timestamp":"2026-03-08T21:57:50.226+08:00","caller":"load/sheddingstat.go:61","content":"(api) shedding_stat [1m], cpu: 0, total: 0, pass: 0, drop: 0","level":"stat"}
{"@timestamp":"2026-03-08T21:58:06.306+08:00","caller":"stat/metrics.go:210","content":"(croupier-server) - qps: 0.0/s, drops: 0, avg time: 0.0ms, med: 0.0ms, 90th: 0.0ms, 99th: 0.0ms, 99.9th: 0.0ms","level":"stat"}
{"@timestamp":"2026-03-08T21:58:49.983+08:00","caller":"stat/usage.go:82","content":"CPU: 0m, MEMORY: Alloc=6.4Mi, TotalAlloc=64.9Mi, Sys=24.6Mi, NumGC=237","level":"stat"}
{"@timestamp":"2026-03-08T21:58:50.226+08:00","caller":"load/sheddingstat.go:61","content":"(api) shedding_stat [1m], cpu: 0, total: 0, pass: 0, drop: 0","level":"stat"}
{"@timestamp":"2026-03-08T21:59:06.306+08:00","caller":"stat/metrics.go:210","content":"(croupier-server) - qps: 0.0/s, drops: 0, avg time: 0.0ms, med: 0.0ms, 90th: 0.0ms, 99th: 0.0ms, 99.9th: 0.0ms","level":"stat"}
{"@timestamp":"2026-03-08T21:59:49.983+08:00","caller":"stat/usage.go:82","content":"CPU: 0m, MEMORY: Alloc=6.3Mi, TotalAlloc=65.0Mi, Sys=24.6Mi, NumGC=238","level":"stat"}
{"@timestamp":"2026-03-08T21:59:50.226+08:00","caller":"load/sheddingstat.go:61","content":"(api) shedding_stat [1m], cpu: 0, total: 0, pass: 0, drop: 0","level":"stat"}
{"@timestamp":"2026-03-08T22:00:06.306+08:00","caller":"stat/metrics.go:210","content":"(croupier-server) - qps: 0.0/s, drops: 0, avg time: 0.0ms, med: 0.0ms, 90th: 0.0ms, 99th: 0.0ms, 99.9th: 0.0ms","level":"stat"}
{"@timestamp":"2026-03-08T22:00:49.983+08:00","caller":"stat/usage.go:82","content":"CPU: 0m, MEMORY: Alloc=6.4Mi, TotalAlloc=65.0Mi, Sys=24.6Mi, NumGC=238","level":"stat"}
{"@timestamp":"2026-03-08T22:00:50.226+08:00","caller":"load/sheddingstat.go:61","content":"(api) shedding_stat [1m], cpu: 0, total: 0, pass: 0, drop: 0","level":"stat"}
{"@timestamp":"2026-03-08T22:01:06.306+08:00","caller":"stat/metrics.go:210","content":"(croupier-server) - qps: 0.0/s, drops: 0, avg time: 0.0ms, med: 0.0ms, 90th: 0.0ms, 99th: 0.0ms, 99.9th: 0.0ms","level":"stat"}
{"@timestamp":"2026-03-08T22:01:49.983+08:00","caller":"stat/usage.go:82","content":"CPU: 0m, MEMORY: Alloc=6.3Mi, TotalAlloc=65.2Mi, Sys=24.6Mi, NumGC=239","level":"stat"}
{"@timestamp":"2026-03-08T22:01:50.226+08:00","caller":"load/sheddingstat.go:61","content":"(api) shedding_stat [1m], cpu: 0, total: 0, pass: 0, drop: 0","level":"stat"}
{"@timestamp":"2026-03-08T22:02:06.306+08:00","caller":"stat/metrics.go:210","content":"(croupier-server) - qps: 0.0/s, drops: 0, avg time: 0.0ms, med: 0.0ms, 90th: 0.0ms, 99th: 0.0ms, 99.9th: 0.0ms","level":"stat"}
{"@timestamp":"2026-03-08T22:02:49.983+08:00","caller":"stat/usage.go:82","content":"CPU: 0m, MEMORY: Alloc=6.4Mi, TotalAlloc=65.2Mi, Sys=24.6Mi, NumGC=239","level":"stat"}
{"@timestamp":"2026-03-08T22:02:50.226+08:00","caller":"load/sheddingstat.go:61","content":"(api) shedding_stat [1m], cpu: 0, total: 0, pass: 0, drop: 0","level":"stat"}
{"@timestamp":"2026-03-08T22:03:06.306+08:00","caller":"stat/metrics.go:210","content":"(croupier-server) - qps: 0.0/s, drops: 0, avg time: 0.0ms, med: 0.0ms, 90th: 0.0ms, 99th: 0.0ms, 99.9th: 0.0ms","level":"stat"}
{"@timestamp":"2026-03-08T22:03:49.983+08:00","caller":"stat/usage.go:82","content":"CPU: 0m, MEMORY: Alloc=6.3Mi, TotalAlloc=65.4Mi, Sys=24.6Mi, NumGC=240","level":"stat"}
{"@timestamp":"2026-03-08T22:03:50.226+08:00","caller":"load/sheddingstat.go:61","content":"(api) shedding_stat [1m], cpu: 0, total: 0, pass: 0, drop: 0","level":"stat"}
{"@timestamp":"2026-03-08T22:04:06.306+08:00","caller":"stat/metrics.go:210","content":"(croupier-server) - qps: 0.0/s, drops: 0, avg time: 0.0ms, med: 0.0ms, 90th: 0.0ms, 99th: 0.0ms, 99.9th: 0.0ms","level":"stat"}
{"@timestamp":"2026-03-08T22:04:49.983+08:00","caller":"stat/usage.go:82","content":"CPU: 0m, MEMORY: Alloc=6.4Mi, TotalAlloc=65.4Mi, Sys=24.6Mi, NumGC=240","level":"stat"}
{"@timestamp":"2026-03-08T22:04:50.226+08:00","caller":"load/sheddingstat.go:61","content":"(api) shedding_stat [1m], cpu: 0, total: 0, pass: 0, drop: 0","level":"stat"}
{"@timestamp":"2026-03-08T22:05:06.306+08:00","caller":"stat/metrics.go:210","content":"(croupier-server) - qps: 0.0/s, drops: 0, avg time: 0.0ms, med: 0.0ms, 90th: 0.0ms, 99th: 0.0ms, 99.9th: 0.0ms","level":"stat"}
{"@timestamp":"2026-03-08T22:05:49.983+08:00","caller":"stat/usage.go:82","content":"CPU: 0m, MEMORY: Alloc=6.3Mi, TotalAlloc=65.6Mi, Sys=24.6Mi, NumGC=241","level":"stat"}
{"@timestamp":"2026-03-08T22:05:50.226+08:00","caller":"load/sheddingstat.go:61","content":"(api) shedding_stat [1m], cpu: 0, total: 0, pass: 0, drop: 0","level":"stat"}
{"@timestamp":"2026-03-08T22:06:06.306+08:00","caller":"stat/metrics.go:210","content":"(croupier-server) - qps: 0.0/s, drops: 0, avg time: 0.0ms, med: 0.0ms, 90th: 0.0ms, 99th: 0.0ms, 99.9th: 0.0ms","level":"stat"}
{"@timestamp":"2026-03-08T22:06:49.983+08:00","caller":"stat/usage.go:82","content":"CPU: 0m, MEMORY: Alloc=6.4Mi, TotalAlloc=65.6Mi, Sys=24.6Mi, NumGC=241","level":"stat"}
{"@timestamp":"2026-03-08T22:06:50.226+08:00","caller":"load/sheddingstat.go:61","content":"(api) shedding_stat [1m], cpu: 0, total: 0, pass: 0, drop: 0","level":"stat"}
{"@timestamp":"2026-03-08T22:07:06.306+08:00","caller":"stat/metrics.go:210","content":"(croupier-server) - qps: 0.0/s, drops: 0, avg time: 0.0ms, med: 0.0ms, 90th: 0.0ms, 99th: 0.0ms, 99.9th: 0.0ms","level":"stat"}
{"@timestamp":"2026-03-08T22:07:49.983+08:00","caller":"stat/usage.go:82","content":"CPU: 0m, MEMORY: Alloc=6.3Mi, TotalAlloc=65.7Mi, Sys=24.6Mi, NumGC=242","level":"stat"}
{"@timestamp":"2026-03-08T22:07:50.226+08:00","caller":"load/sheddingstat.go:61","content":"(api) shedding_stat [1m], cpu: 0, total: 0, pass: 0, drop: 0","level":"stat"}
{"@timestamp":"2026-03-08T22:08:06.306+08:00","caller":"stat/metrics.go:210","content":"(croupier-server) - qps: 0.0/s, drops: 0, avg time: 0.0ms, med: 0.0ms, 90th: 0.0ms, 99th: 0.0ms, 99.9th: 0.0ms","level":"stat"}
{"@timestamp":"2026-03-08T22:08:49.983+08:00","caller":"stat/usage.go:82","content":"CPU: 0m, MEMORY: Alloc=6.4Mi, TotalAlloc=65.8Mi, Sys=24.6Mi, NumGC=242","level":"stat"}
{"@timestamp":"2026-03-08T22:08:50.226+08:00","caller":"load/sheddingstat.go:61","content":"(api) shedding_stat [1m], cpu: 0, total: 0, pass: 0, drop: 0","level":"stat"}
{"@timestamp":"2026-03-08T22:09:06.306+08:00","caller":"stat/metrics.go:210","content":"(croupier-server) - qps: 0.0/s, drops: 0, avg time: 0.0ms, med: 0.0ms, 90th: 0.0ms, 99th: 0.0ms, 99.9th: 0.0ms","level":"stat"}
{"@timestamp":"2026-03-08T22:09:49.983+08:00","caller":"stat/usage.go:82","content":"CPU: 0m, MEMORY: Alloc=6.3Mi, TotalAlloc=65.9Mi, Sys=24.6Mi, NumGC=243","level":"stat"}
{"@timestamp":"2026-03-08T22:09:50.226+08:00","caller":"load/sheddingstat.go:61","content":"(api) shedding_stat [1m], cpu: 0, total: 0, pass: 0, drop: 0","level":"stat"}
{"@timestamp":"2026-03-08T22:10:06.306+08:00","caller":"stat/metrics.go:210","content":"(croupier-server) - qps: 0.0/s, drops: 0, avg time: 0.0ms, med: 0.0ms, 90th: 0.0ms, 99th: 0.0ms, 99.9th: 0.0ms","level":"stat"}
{"@timestamp":"2026-03-08T22:10:49.983+08:00","caller":"stat/usage.go:82","content":"CPU: 0m, MEMORY: Alloc=6.4Mi, TotalAlloc=66.0Mi, Sys=24.6Mi, NumGC=243","level":"stat"}
{"@timestamp":"2026-03-08T22:10:50.226+08:00","caller":"load/sheddingstat.go:61","content":"(api) shedding_stat [1m], cpu: 0, total: 0, pass: 0, drop: 0","level":"stat"}
{"@timestamp":"2026-03-08T22:11:06.306+08:00","caller":"stat/metrics.go:210","content":"(croupier-server) - qps: 0.0/s, drops: 0, avg time: 0.0ms, med: 0.0ms, 90th: 0.0ms, 99th: 0.0ms, 99.9th: 0.0ms","level":"stat"}
{"@timestamp":"2026-03-08T22:11:49.983+08:00","caller":"stat/usage.go:82","content":"CPU: 0m, MEMORY: Alloc=6.3Mi, TotalAlloc=66.1Mi, Sys=24.6Mi, NumGC=244","level":"stat"}
{"@timestamp":"2026-03-08T22:11:50.226+08:00","caller":"load/sheddingstat.go:61","content":"(api) shedding_stat [1m], cpu: 0, total: 0, pass: 0, drop: 0","level":"stat"}
{"@timestamp":"2026-03-08T22:12:06.306+08:00","caller":"stat/metrics.go:210","content":"(croupier-server) - qps: 0.0/s, drops: 0, avg time: 0.0ms, med: 0.0ms, 90th: 0.0ms, 99th: 0.0ms, 99.9th: 0.0ms","level":"stat"}
{"@timestamp":"2026-03-08T22:12:49.983+08:00","caller":"stat/usage.go:82","content":"CPU: 0m, MEMORY: Alloc=6.3Mi, TotalAlloc=66.1Mi, Sys=24.6Mi, NumGC=244","level":"stat"}
{"@timestamp":"2026-03-08T22:12:50.226+08:00","caller":"load/sheddingstat.go:61","content":"(api) shedding_stat [1m], cpu: 0, total: 0, pass: 0, drop: 0","level":"stat"}
{"@timestamp":"2026-03-08T22:13:06.306+08:00","caller":"stat/metrics.go:210","content":"(croupier-server) - qps: 0.0/s, drops: 0, avg time: 0.0ms, med: 0.0ms, 90th: 0.0ms, 99th: 0.0ms, 99.9th: 0.0ms","level":"stat"}
{"@timestamp":"2026-03-08T22:13:49.983+08:00","caller":"stat/usage.go:82","content":"CPU: 0m, MEMORY: Alloc=6.3Mi, TotalAlloc=66.3Mi, Sys=24.6Mi, NumGC=245","level":"stat"}
{"@timestamp":"2026-03-08T22:13:50.226+08:00","caller":"load/sheddingstat.go:61","content":"(api) shedding_stat [1m], cpu: 0, total: 0, pass: 0, drop: 0","level":"stat"}
{"@timestamp":"2026-03-08T22:14:06.306+08:00","caller":"stat/metrics.go:210","content":"(croupier-server) - qps: 0.0/s, drops: 0, avg time: 0.0ms, med: 0.0ms, 90th: 0.0ms, 99th: 0.0ms, 99.9th: 0.0ms","level":"stat"}
{"@timestamp":"2026-03-08T22:14:49.983+08:00","caller":"stat/usage.go:82","content":"CPU: 0m, MEMORY: Alloc=6.4Mi, TotalAlloc=66.3Mi, Sys=24.6Mi, NumGC=245","level":"stat"}
{"@timestamp":"2026-03-08T22:14:50.226+08:00","caller":"load/sheddingstat.go:61","content":"(api) shedding_stat [1m], cpu: 0, total: 0, pass: 0, drop: 0","level":"stat"}
{"@timestamp":"2026-03-08T22:15:06.306+08:00","caller":"stat/metrics.go:210","content":"(croupier-server) - qps: 0.0/s, drops: 0, avg time: 0.0ms, med: 0.0ms, 90th: 0.0ms, 99th: 0.0ms, 99.9th: 0.0ms","level":"stat"}
{"@timestamp":"2026-03-08T22:15:49.983+08:00","caller":"stat/usage.go:82","content":"CPU: 0m, MEMORY: Alloc=6.3Mi, TotalAlloc=66.5Mi, Sys=24.6Mi, NumGC=246","level":"stat"}
{"@timestamp":"2026-03-08T22:15:50.226+08:00","caller":"load/sheddingstat.go:61","content":"(api) shedding_stat [1m], cpu: 0, total: 0, pass: 0, drop: 0","level":"stat"}
{"@timestamp":"2026-03-08T22:16:06.306+08:00","caller":"stat/metrics.go:210","content":"(croupier-server) - qps: 0.0/s, drops: 0, avg time: 0.0ms, med: 0.0ms, 90th: 0.0ms, 99th: 0.0ms, 99.9th: 0.0ms","level":"stat"}
{"@timestamp":"2026-03-08T22:16:49.983+08:00","caller":"stat/usage.go:82","content":"CPU: 0m, MEMORY: Alloc=6.4Mi, TotalAlloc=66.5Mi, Sys=24.6Mi, NumGC=246","level":"stat"}
{"@timestamp":"2026-03-08T22:16:50.226+08:00","caller":"load/sheddingstat.go:61","content":"(api) shedding_stat [1m], cpu: 0, total: 0, pass: 0, drop: 0","level":"stat"}
{"@timestamp":"2026-03-08T22:17:06.306+08:00","caller":"stat/metrics.go:210","content":"(croupier-server) - qps: 0.0/s, drops: 0, avg time: 0.0ms, med: 0.0ms, 90th: 0.0ms, 99th: 0.0ms, 99.9th: 0.0ms","level":"stat"}
{"@timestamp":"2026-03-08T22:17:49.983+08:00","caller":"stat/usage.go:82","content":"CPU: 0m, MEMORY: Alloc=6.3Mi, TotalAlloc=66.7Mi, Sys=24.6Mi, NumGC=247","level":"stat"}
{"@timestamp":"2026-03-08T22:17:50.226+08:00","caller":"load/sheddingstat.go:61","content":"(api) shedding_stat [1m], cpu: 0, total: 0, pass: 0, drop: 0","level":"stat"}
{"@timestamp":"2026-03-08T22:18:06.306+08:00","caller":"stat/metrics.go:210","content":"(croupier-server) - qps: 0.0/s, drops: 0, avg time: 0.0ms, med: 0.0ms, 90th: 0.0ms, 99th: 0.0ms, 99.9th: 0.0ms","level":"stat"}
{"@timestamp":"2026-03-08T22:18:49.983+08:00","caller":"stat/usage.go:82","content":"CPU: 0m, MEMORY: Alloc=6.4Mi, TotalAlloc=66.7Mi, Sys=24.6Mi, NumGC=247","level":"stat"}
{"@timestamp":"2026-03-08T22:18:50.226+08:00","caller":"load/sheddingstat.go:61","content":"(api) shedding_stat [1m], cpu: 0, total: 0, pass: 0, drop: 0","level":"stat"}
{"@timestamp":"2026-03-08T22:19:06.306+08:00","caller":"stat/metrics.go:210","content":"(croupier-server) - qps: 0.0/s, drops: 0, avg time: 0.0ms, med: 0.0ms, 90th: 0.0ms, 99th: 0.0ms, 99.9th: 0.0ms","level":"stat"}
{"@timestamp":"2026-03-08T22:19:49.983+08:00","caller":"stat/usage.go:82","content":"CPU: 0m, MEMORY: Alloc=6.3Mi, TotalAlloc=66.9Mi, Sys=24.6Mi, NumGC=248","level":"stat"}
{"@timestamp":"2026-03-08T22:19:50.226+08:00","caller":"load/sheddingstat.go:61","content":"(api) shedding_stat [1m], cpu: 0, total: 0, pass: 0, drop: 0","level":"stat"}
{"@timestamp":"2026-03-08T22:20:06.306+08:00","caller":"stat/metrics.go:210","content":"(croupier-server) - qps: 0.0/s, drops: 0, avg time: 0.0ms, med: 0.0ms, 90th: 0.0ms, 99th: 0.0ms, 99.9th: 0.0ms","level":"stat"}
{"@timestamp":"2026-03-08T22:20:49.983+08:00","caller":"stat/usage.go:82","content":"CPU: 0m, MEMORY: Alloc=6.4Mi, TotalAlloc=66.9Mi, Sys=24.6Mi, NumGC=248","level":"stat"}
{"@timestamp":"2026-03-08T22:20:50.226+08:00","caller":"load/sheddingstat.go:61","content":"(api) shedding_stat [1m], cpu: 0, total: 0, pass: 0, drop: 0","level":"stat"}
{"@timestamp":"2026-03-08T22:21:06.306+08:00","caller":"stat/metrics.go:210","content":"(croupier-server) - qps: 0.0/s, drops: 0, avg time: 0.0ms, med: 0.0ms, 90th: 0.0ms, 99th: 0.0ms, 99.9th: 0.0ms","level":"stat"}
{"@timestamp":"2026-03-08T22:21:49.983+08:00","caller":"stat/usage.go:82","content":"CPU: 0m, MEMORY: Alloc=6.3Mi, TotalAlloc=67.0Mi, Sys=24.6Mi, NumGC=249","level":"stat"}
{"@timestamp":"2026-03-08T22:21:50.226+08:00","caller":"load/sheddingstat.go:61","content":"(api) shedding_stat [1m], cpu: 0, total: 0, pass: 0, drop: 0","level":"stat"}
{"@timestamp":"2026-03-08T22:22:06.306+08:00","caller":"stat/metrics.go:210","content":"(croupier-server) - qps: 0.0/s, drops: 0, avg time: 0.0ms, med: 0.0ms, 90th: 0.0ms, 99th: 0.0ms, 99.9th: 0.0ms","level":"stat"}
{"@timestamp":"2026-03-08T22:22:49.983+08:00","caller":"stat/usage.go:82","content":"CPU: 0m, MEMORY: Alloc=6.4Mi, TotalAlloc=67.1Mi, Sys=24.6Mi, NumGC=249","level":"stat"}
{"@timestamp":"2026-03-08T22:22:50.226+08:00","caller":"load/sheddingstat.go:61","content":"(api) shedding_stat [1m], cpu: 0, total: 0, pass: 0, drop: 0","level":"stat"}
{"@timestamp":"2026-03-08T22:23:06.306+08:00","caller":"stat/metrics.go:210","content":"(croupier-server) - qps: 0.0/s, drops: 0, avg time: 0.0ms, med: 0.0ms, 90th: 0.0ms, 99th: 0.0ms, 99.9th: 0.0ms","level":"stat"}
{"@timestamp":"2026-03-08T22:23:49.983+08:00","caller":"stat/usage.go:82","content":"CPU: 0m, MEMORY: Alloc=6.3Mi, TotalAlloc=67.2Mi, Sys=24.6Mi, NumGC=250","level":"stat"}
{"@timestamp":"2026-03-08T22:23:50.226+08:00","caller":"load/sheddingstat.go:61","content":"(api) shedding_stat [1m], cpu: 0, total: 0, pass: 0, drop: 0","level":"stat"}
{"@timestamp":"2026-03-08T22:24:06.306+08:00","caller":"stat/metrics.go:210","content":"(croupier-server) - qps: 0.0/s, drops: 0, avg time: 0.0ms, med: 0.0ms, 90th: 0.0ms, 99th: 0.0ms, 99.9th: 0.0ms","level":"stat"}
{"@timestamp":"2026-03-08T22:24:49.983+08:00","caller":"stat/usage.go:82","content":"CPU: 0m, MEMORY: Alloc=6.4Mi, TotalAlloc=67.3Mi, Sys=24.6Mi, NumGC=250","level":"stat"}
{"@timestamp":"2026-03-08T22:24:50.226+08:00","caller":"load/sheddingstat.go:61","content":"(api) shedding_stat [1m], cpu: 0, total: 0, pass: 0, drop: 0","level":"stat"}
{"@timestamp":"2026-03-08T22:25:06.306+08:00","caller":"stat/metrics.go:210","content":"(croupier-server) - qps: 0.0/s, drops: 0, avg time: 0.0ms, med: 0.0ms, 90th: 0.0ms, 99th: 0.0ms, 99.9th: 0.0ms","level":"stat"}
{"@timestamp":"2026-03-08T22:25:49.983+08:00","caller":"stat/usage.go:82","content":"CPU: 0m, MEMORY: Alloc=6.3Mi, TotalAlloc=67.4Mi, Sys=24.6Mi, NumGC=251","level":"stat"}
{"@timestamp":"2026-03-08T22:25:50.226+08:00","caller":"load/sheddingstat.go:61","content":"(api) shedding_stat [1m], cpu: 0, total: 0, pass: 0, drop: 0","level":"stat"}
{"@timestamp":"2026-03-08T22:26:06.306+08:00","caller":"stat/metrics.go:210","content":"(croupier-server) - qps: 0.0/s, drops: 0, avg time: 0.0ms, med: 0.0ms, 90th: 0.0ms, 99th: 0.0ms, 99.9th: 0.0ms","level":"stat"}
{"@timestamp":"2026-03-08T22:26:49.983+08:00","caller":"stat/usage.go:82","content":"CPU: 0m, MEMORY: Alloc=6.4Mi, TotalAlloc=67.4Mi, Sys=24.6Mi, NumGC=251","level":"stat"}
{"@timestamp":"2026-03-08T22:26:50.226+08:00","caller":"load/sheddingstat.go:61","content":"(api) shedding_stat [1m], cpu: 0, total: 0, pass: 0, drop: 0","level":"stat"}
{"@timestamp":"2026-03-08T22:27:06.306+08:00","caller":"stat/metrics.go:210","content":"(croupier-server) - qps: 0.0/s, drops: 0, avg time: 0.0ms, med: 0.0ms, 90th: 0.0ms, 99th: 0.0ms, 99.9th: 0.0ms","level":"stat"}
{"@timestamp":"2026-03-08T22:27:49.983+08:00","caller":"stat/usage.go:82","content":"CPU: 0m, MEMORY: Alloc=6.3Mi, TotalAlloc=67.6Mi, Sys=24.6Mi, NumGC=252","level":"stat"}
{"@timestamp":"2026-03-08T22:27:50.226+08:00","caller":"load/sheddingstat.go:61","content":"(api) shedding_stat [1m], cpu: 0, total: 0, pass: 0, drop: 0","level":"stat"}
{"@timestamp":"2026-03-08T22:28:06.306+08:00","caller":"stat/metrics.go:210","content":"(croupier-server) - qps: 0.0/s, drops: 0, avg time: 0.0ms, med: 0.0ms, 90th: 0.0ms, 99th: 0.0ms, 99.9th: 0.0ms","level":"stat"}
{"@timestamp":"2026-03-08T22:28:49.983+08:00","caller":"stat/usage.go:82","content":"CPU: 0m, MEMORY: Alloc=6.4Mi, TotalAlloc=67.6Mi, Sys=24.6Mi, NumGC=252","level":"stat"}
{"@timestamp":"2026-03-08T22:28:50.226+08:00","caller":"load/sheddingstat.go:61","content":"(api) shedding_stat [1m], cpu: 0, total: 0, pass: 0, drop: 0","level":"stat"}
{"@timestamp":"2026-03-08T22:29:06.306+08:00","caller":"stat/metrics.go:210","content":"(croupier-server) - qps: 0.0/s, drops: 0, avg time: 0.0ms, med: 0.0ms, 90th: 0.0ms, 99th: 0.0ms, 99.9th: 0.0ms","level":"stat"}
{"@timestamp":"2026-03-08T22:29:49.983+08:00","caller":"stat/usage.go:82","content":"CPU: 0m, MEMORY: Alloc=6.3Mi, TotalAlloc=67.8Mi, Sys=24.6Mi, NumGC=253","level":"stat"}
{"@timestamp":"2026-03-08T22:29:50.226+08:00","caller":"load/sheddingstat.go:61","content":"(api) shedding_stat [1m], cpu: 0, total: 0, pass: 0, drop: 0","level":"stat"}
{"@timestamp":"2026-03-08T22:30:06.306+08:00","caller":"stat/metrics.go:210","content":"(croupier-server) - qps: 0.0/s, drops: 0, avg time: 0.0ms, med: 0.0ms, 90th: 0.0ms, 99th: 0.0ms, 99.9th: 0.0ms","level":"stat"}
{"@timestamp":"2026-03-08T22:30:49.983+08:00","caller":"stat/usage.go:82","content":"CPU: 0m, MEMORY: Alloc=6.4Mi, TotalAlloc=67.8Mi, Sys=24.6Mi, NumGC=253","level":"stat"}
{"@timestamp":"2026-03-08T22:30:50.226+08:00","caller":"load/sheddingstat.go:61","content":"(api) shedding_stat [1m], cpu: 0, total: 0, pass: 0, drop: 0","level":"stat"}
{"@timestamp":"2026-03-08T22:31:06.306+08:00","caller":"stat/metrics.go:210","content":"(croupier-server) - qps: 0.0/s, drops: 0, avg time: 0.0ms, med: 0.0ms, 90th: 0.0ms, 99th: 0.0ms, 99.9th: 0.0ms","level":"stat"}
{"@timestamp":"2026-03-08T22:31:49.983+08:00","caller":"stat/usage.go:82","content":"CPU: 0m, MEMORY: Alloc=6.3Mi, TotalAlloc=68.0Mi, Sys=24.6Mi, NumGC=254","level":"stat"}
{"@timestamp":"2026-03-08T22:31:50.226+08:00","caller":"load/sheddingstat.go:61","content":"(api) shedding_stat [1m], cpu: 0, total: 0, pass: 0, drop: 0","level":"stat"}
{"@timestamp":"2026-03-08T22:32:06.306+08:00","caller":"stat/metrics.go:210","content":"(croupier-server) - qps: 0.0/s, drops: 0, avg time: 0.0ms, med: 0.0ms, 90th: 0.0ms, 99th: 0.0ms, 99.9th: 0.0ms","level":"stat"}
{"@timestamp":"2026-03-08T22:32:49.983+08:00","caller":"stat/usage.go:82","content":"CPU: 0m, MEMORY: Alloc=6.4Mi, TotalAlloc=68.0Mi, Sys=24.6Mi, NumGC=254","level":"stat"}
{"@timestamp":"2026-03-08T22:32:50.226+08:00","caller":"load/sheddingstat.go:61","content":"(api) shedding_stat [1m], cpu: 0, total: 0, pass: 0, drop: 0","level":"stat"}
{"@timestamp":"2026-03-08T22:33:06.306+08:00","caller":"stat/metrics.go:210","content":"(croupier-server) - qps: 0.0/s, drops: 0, avg time: 0.0ms, med: 0.0ms, 90th: 0.0ms, 99th: 0.0ms, 99.9th: 0.0ms","level":"stat"}
{"@timestamp":"2026-03-08T22:33:49.983+08:00","caller":"stat/usage.go:82","content":"CPU: 0m, MEMORY: Alloc=6.3Mi, TotalAlloc=68.1Mi, Sys=24.6Mi, NumGC=255","level":"stat"}
{"@timestamp":"2026-03-08T22:33:50.226+08:00","caller":"load/sheddingstat.go:61","content":"(api) shedding_stat [1m], cpu: 0, total: 0, pass: 0, drop: 0","level":"stat"}
{"@timestamp":"2026-03-08T22:34:06.306+08:00","caller":"stat/metrics.go:210","content":"(croupier-server) - qps: 0.0/s, drops: 0, avg time: 0.0ms, med: 0.0ms, 90th: 0.0ms, 99th: 0.0ms, 99.9th: 0.0ms","level":"stat"}
{"@timestamp":"2026-03-08T22:34:49.983+08:00","caller":"stat/usage.go:82","content":"CPU: 0m, MEMORY: Alloc=6.4Mi, TotalAlloc=68.2Mi, Sys=24.6Mi, NumGC=255","level":"stat"}
{"@timestamp":"2026-03-08T22:34:50.226+08:00","caller":"load/sheddingstat.go:61","content":"(api) shedding_stat [1m], cpu: 0, total: 0, pass: 0, drop: 0","level":"stat"}
{"@timestamp":"2026-03-08T22:35:06.306+08:00","caller":"stat/metrics.go:210","content":"(croupier-server) - qps: 0.0/s, drops: 0, avg time: 0.0ms, med: 0.0ms, 90th: 0.0ms, 99th: 0.0ms, 99.9th: 0.0ms","level":"stat"}
{"@timestamp":"2026-03-08T22:35:49.983+08:00","caller":"stat/usage.go:82","content":"CPU: 0m, MEMORY: Alloc=6.3Mi, TotalAlloc=68.3Mi, Sys=24.6Mi, NumGC=256","level":"stat"}
{"@timestamp":"2026-03-08T22:35:50.226+08:00","caller":"load/sheddingstat.go:61","content":"(api) shedding_stat [1m], cpu: 0, total: 0, pass: 0, drop: 0","level":"stat"}
{"@timestamp":"2026-03-08T22:36:06.306+08:00","caller":"stat/metrics.go:210","content":"(croupier-server) - qps: 0.0/s, drops: 0, avg time: 0.0ms, med: 0.0ms, 90th: 0.0ms, 99th: 0.0ms, 99.9th: 0.0ms","level":"stat"}
{"@timestamp":"2026-03-08T22:36:49.983+08:00","caller":"stat/usage.go:82","content":"CPU: 0m, MEMORY: Alloc=6.4Mi, TotalAlloc=68.4Mi, Sys=24.6Mi, NumGC=256","level":"stat"}
{"@timestamp":"2026-03-08T22:36:50.226+08:00","caller":"load/sheddingstat.go:61","content":"(api) shedding_stat [1m], cpu: 0, total: 0, pass: 0, drop: 0","level":"stat"}
{"@timestamp":"2026-03-08T22:37:06.306+08:00","caller":"stat/metrics.go:210","content":"(croupier-server) - qps: 0.0/s, drops: 0, avg time: 0.0ms, med: 0.0ms, 90th: 0.0ms, 99th: 0.0ms, 99.9th: 0.0ms","level":"stat"}
{"@timestamp":"2026-03-08T22:37:49.983+08:00","caller":"stat/usage.go:82","content":"CPU: 0m, MEMORY: Alloc=6.3Mi, TotalAlloc=68.5Mi, Sys=24.6Mi, NumGC=257","level":"stat"}
{"@timestamp":"2026-03-08T22:37:50.226+08:00","caller":"load/sheddingstat.go:61","content":"(api) shedding_stat [1m], cpu: 0, total: 0, pass: 0, drop: 0","level":"stat"}
{"@timestamp":"2026-03-08T22:38:06.306+08:00","caller":"stat/metrics.go:210","content":"(croupier-server) - qps: 0.0/s, drops: 0, avg time: 0.0ms, med: 0.0ms, 90th: 0.0ms, 99th: 0.0ms, 99.9th: 0.0ms","level":"stat"}
{"@timestamp":"2026-03-08T22:38:49.983+08:00","caller":"stat/usage.go:82","content":"CPU: 0m, MEMORY: Alloc=6.4Mi, TotalAlloc=68.6Mi, Sys=24.6Mi, NumGC=257","level":"stat"}
{"@timestamp":"2026-03-08T22:38:50.226+08:00","caller":"load/sheddingstat.go:61","content":"(api) shedding_stat [1m], cpu: 0, total: 0, pass: 0, drop: 0","level":"stat"}
{"@timestamp":"2026-03-08T22:39:06.306+08:00","caller":"stat/metrics.go:210","content":"(croupier-server) - qps: 0.0/s, drops: 0, avg time: 0.0ms, med: 0.0ms, 90th: 0.0ms, 99th: 0.0ms, 99.9th: 0.0ms","level":"stat"}
{"@timestamp":"2026-03-08T22:39:49.983+08:00","caller":"stat/usage.go:82","content":"CPU: 0m, MEMORY: Alloc=6.3Mi, TotalAlloc=68.7Mi, Sys=24.6Mi, NumGC=258","level":"stat"}
{"@timestamp":"2026-03-08T22:39:50.226+08:00","caller":"load/sheddingstat.go:61","content":"(api) shedding_stat [1m], cpu: 0, total: 0, pass: 0, drop: 0","level":"stat"}
{"@timestamp":"2026-03-08T22:40:06.306+08:00","caller":"stat/metrics.go:210","content":"(croupier-server) - qps: 0.0/s, drops: 0, avg time: 0.0ms, med: 0.0ms, 90th: 0.0ms, 99th: 0.0ms, 99.9th: 0.0ms","level":"stat"}
{"@timestamp":"2026-03-08T22:40:49.983+08:00","caller":"stat/usage.go:82","content":"CPU: 0m, MEMORY: Alloc=6.4Mi, TotalAlloc=68.7Mi, Sys=24.6Mi, NumGC=258","level":"stat"}
{"@timestamp":"2026-03-08T22:40:50.226+08:00","caller":"load/sheddingstat.go:61","content":"(api) shedding_stat [1m], cpu: 0, total: 0, pass: 0, drop: 0","level":"stat"}
{"@timestamp":"2026-03-08T22:41:06.306+08:00","caller":"stat/metrics.go:210","content":"(croupier-server) - qps: 0.0/s, drops: 0, avg time: 0.0ms, med: 0.0ms, 90th: 0.0ms, 99th: 0.0ms, 99.9th: 0.0ms","level":"stat"}
{"@timestamp":"2026-03-08T22:41:49.983+08:00","caller":"stat/usage.go:82","content":"CPU: 0m, MEMORY: Alloc=6.3Mi, TotalAlloc=68.9Mi, Sys=24.6Mi, NumGC=259","level":"stat"}
{"@timestamp":"2026-03-08T22:41:50.226+08:00","caller":"load/sheddingstat.go:61","content":"(api) shedding_stat [1m], cpu: 0, total: 0, pass: 0, drop: 0","level":"stat"}
{"@timestamp":"2026-03-08T22:42:06.306+08:00","caller":"stat/metrics.go:210","content":"(croupier-server) - qps: 0.0/s, drops: 0, avg time: 0.0ms, med: 0.0ms, 90th: 0.0ms, 99th: 0.0ms, 99.9th: 0.0ms","level":"stat"}
{"@timestamp":"2026-03-08T22:42:49.983+08:00","caller":"stat/usage.go:82","content":"CPU: 0m, MEMORY: Alloc=6.4Mi, TotalAlloc=68.9Mi, Sys=24.6Mi, NumGC=259","level":"stat"}
{"@timestamp":"2026-03-08T22:42:50.226+08:00","caller":"load/sheddingstat.go:61","content":"(api) shedding_stat [1m], cpu: 0, total: 0, pass: 0, drop: 0","level":"stat"}
{"@timestamp":"2026-03-08T22:43:06.306+08:00","caller":"stat/metrics.go:210","content":"(croupier-server) - qps: 0.0/s, drops: 0, avg time: 0.0ms, med: 0.0ms, 90th: 0.0ms, 99th: 0.0ms, 99.9th: 0.0ms","level":"stat"}
{"@timestamp":"2026-03-08T22:43:49.983+08:00","caller":"stat/usage.go:82","content":"CPU: 0m, MEMORY: Alloc=6.3Mi, TotalAlloc=69.1Mi, Sys=24.6Mi, NumGC=260","level":"stat"}
{"@timestamp":"2026-03-08T22:43:50.226+08:00","caller":"load/sheddingstat.go:61","content":"(api) shedding_stat [1m], cpu: 0, total: 0, pass: 0, drop: 0","level":"stat"}
{"@timestamp":"2026-03-08T22:44:06.306+08:00","caller":"stat/metrics.go:210","content":"(croupier-server) - qps: 0.0/s, drops: 0, avg time: 0.0ms, med: 0.0ms, 90th: 0.0ms, 99th: 0.0ms, 99.9th: 0.0ms","level":"stat"}
{"@timestamp":"2026-03-08T22:44:49.983+08:00","caller":"stat/usage.go:82","content":"CPU: 0m, MEMORY: Alloc=6.4Mi, TotalAlloc=69.1Mi, Sys=24.6Mi, NumGC=260","level":"stat"}
{"@timestamp":"2026-03-08T22:44:50.226+08:00","caller":"load/sheddingstat.go:61","content":"(api) shedding_stat [1m], cpu: 0, total: 0, pass: 0, drop: 0","level":"stat"}
{"@timestamp":"2026-03-08T22:45:06.306+08:00","caller":"stat/metrics.go:210","content":"(croupier-server) - qps: 0.0/s, drops: 0, avg time: 0.0ms, med: 0.0ms, 90th: 0.0ms, 99th: 0.0ms, 99.9th: 0.0ms","level":"stat"}
{"@timestamp":"2026-03-08T22:45:49.983+08:00","caller":"stat/usage.go:82","content":"CPU: 0m, MEMORY: Alloc=6.3Mi, TotalAlloc=69.2Mi, Sys=24.6Mi, NumGC=261","level":"stat"}
{"@timestamp":"2026-03-08T22:45:50.226+08:00","caller":"load/sheddingstat.go:61","content":"(api) shedding_stat [1m], cpu: 0, total: 0, pass: 0, drop: 0","level":"stat"}
{"@timestamp":"2026-03-08T22:46:06.306+08:00","caller":"stat/metrics.go:210","content":"(croupier-server) - qps: 0.0/s, drops: 0, avg time: 0.0ms, med: 0.0ms, 90th: 0.0ms, 99th: 0.0ms, 99.9th: 0.0ms","level":"stat"}
{"@timestamp":"2026-03-08T22:46:49.983+08:00","caller":"stat/usage.go:82","content":"CPU: 0m, MEMORY: Alloc=6.4Mi, TotalAlloc=69.3Mi, Sys=24.6Mi, NumGC=261","level":"stat"}
{"@timestamp":"2026-03-08T22:46:50.226+08:00","caller":"load/sheddingstat.go:61","content":"(api) shedding_stat [1m], cpu: 0, total: 0, pass: 0, drop: 0","level":"stat"}
{"@timestamp":"2026-03-08T22:47:06.306+08:00","caller":"stat/metrics.go:210","content":"(croupier-server) - qps: 0.0/s, drops: 0, avg time: 0.0ms, med: 0.0ms, 90th: 0.0ms, 99th: 0.0ms, 99.9th: 0.0ms","level":"stat"}
{"@timestamp":"2026-03-08T22:47:49.983+08:00","caller":"stat/usage.go:82","content":"CPU: 0m, MEMORY: Alloc=6.3Mi, TotalAlloc=69.4Mi, Sys=24.6Mi, NumGC=262","level":"stat"}
{"@timestamp":"2026-03-08T22:47:50.226+08:00","caller":"load/sheddingstat.go:61","content":"(api) shedding_stat [1m], cpu: 0, total: 0, pass: 0, drop: 0","level":"stat"}
{"@timestamp":"2026-03-08T22:48:06.306+08:00","caller":"stat/metrics.go:210","content":"(croupier-server) - qps: 0.0/s, drops: 0, avg time: 0.0ms, med: 0.0ms, 90th: 0.0ms, 99th: 0.0ms, 99.9th: 0.0ms","level":"stat"}
{"@timestamp":"2026-03-08T22:48:49.983+08:00","caller":"stat/usage.go:82","content":"CPU: 0m, MEMORY: Alloc=6.4Mi, TotalAlloc=69.5Mi, Sys=24.6Mi, NumGC=262","level":"stat"}
{"@timestamp":"2026-03-08T22:48:50.226+08:00","caller":"load/sheddingstat.go:61","content":"(api) shedding_stat [1m], cpu: 0, total: 0, pass: 0, drop: 0","level":"stat"}
{"@timestamp":"2026-03-08T22:49:06.306+08:00","caller":"stat/metrics.go:210","content":"(croupier-server) - qps: 0.0/s, drops: 0, avg time: 0.0ms, med: 0.0ms, 90th: 0.0ms, 99th: 0.0ms, 99.9th: 0.0ms","level":"stat"}
{"@timestamp":"2026-03-08T22:49:49.983+08:00","caller":"stat/usage.go:82","content":"CPU: 0m, MEMORY: Alloc=6.3Mi, TotalAlloc=69.6Mi, Sys=24.6Mi, NumGC=263","level":"stat"}
{"@timestamp":"2026-03-08T22:49:50.226+08:00","caller":"load/sheddingstat.go:61","content":"(api) shedding_stat [1m], cpu: 0, total: 0, pass: 0, drop: 0","level":"stat"}
{"@timestamp":"2026-03-08T22:50:06.306+08:00","caller":"stat/metrics.go:210","content":"(croupier-server) - qps: 0.0/s, drops: 0, avg time: 0.0ms, med: 0.0ms, 90th: 0.0ms, 99th: 0.0ms, 99.9th: 0.0ms","level":"stat"}
{"@timestamp":"2026-03-08T22:50:49.983+08:00","caller":"stat/usage.go:82","content":"CPU: 0m, MEMORY: Alloc=6.4Mi, TotalAlloc=69.7Mi, Sys=24.6Mi, NumGC=263","level":"stat"}
{"@timestamp":"2026-03-08T22:50:50.226+08:00","caller":"load/sheddingstat.go:61","content":"(api) shedding_stat [1m], cpu: 0, total: 0, pass: 0, drop: 0","level":"stat"}
{"@timestamp":"2026-03-08T22:51:06.306+08:00","caller":"stat/metrics.go:210","content":"(croupier-server) - qps: 0.0/s, drops: 0, avg time: 0.0ms, med: 0.0ms, 90th: 0.0ms, 99th: 0.0ms, 99.9th: 0.0ms","level":"stat"}
{"@timestamp":"2026-03-08T22:51:49.983+08:00","caller":"stat/usage.go:82","content":"CPU: 0m, MEMORY: Alloc=6.3Mi, TotalAlloc=69.8Mi, Sys=24.6Mi, NumGC=264","level":"stat"}
{"@timestamp":"2026-03-08T22:51:50.226+08:00","caller":"load/sheddingstat.go:61","content":"(api) shedding_stat [1m], cpu: 0, total: 0, pass: 0, drop: 0","level":"stat"}
{"@timestamp":"2026-03-08T22:52:06.306+08:00","caller":"stat/metrics.go:210","content":"(croupier-server) - qps: 0.0/s, drops: 0, avg time: 0.0ms, med: 0.0ms, 90th: 0.0ms, 99th: 0.0ms, 99.9th: 0.0ms","level":"stat"}
{"@timestamp":"2026-03-08T22:52:49.983+08:00","caller":"stat/usage.go:82","content":"CPU: 0m, MEMORY: Alloc=6.4Mi, TotalAlloc=69.8Mi, Sys=24.6Mi, NumGC=264","level":"stat"}
{"@timestamp":"2026-03-08T22:52:50.226+08:00","caller":"load/sheddingstat.go:61","content":"(api) shedding_stat [1m], cpu: 0, total: 0, pass: 0, drop: 0","level":"stat"}
{"@timestamp":"2026-03-08T22:53:06.306+08:00","caller":"stat/metrics.go:210","content":"(croupier-server) - qps: 0.0/s, drops: 0, avg time: 0.0ms, med: 0.0ms, 90th: 0.0ms, 99th: 0.0ms, 99.9th: 0.0ms","level":"stat"}
{"@timestamp":"2026-03-08T22:53:49.983+08:00","caller":"stat/usage.go:82","content":"CPU: 0m, MEMORY: Alloc=6.3Mi, TotalAlloc=70.0Mi, Sys=24.6Mi, NumGC=265","level":"stat"}
{"@timestamp":"2026-03-08T22:53:50.226+08:00","caller":"load/sheddingstat.go:61","content":"(api) shedding_stat [1m], cpu: 0, total: 0, pass: 0, drop: 0","level":"stat"}
{"@timestamp":"2026-03-08T22:54:06.306+08:00","caller":"stat/metrics.go:210","content":"(croupier-server) - qps: 0.0/s, drops: 0, avg time: 0.0ms, med: 0.0ms, 90th: 0.0ms, 99th: 0.0ms, 99.9th: 0.0ms","level":"stat"}
{"@timestamp":"2026-03-08T22:54:49.983+08:00","caller":"stat/usage.go:82","content":"CPU: 0m, MEMORY: Alloc=6.4Mi, TotalAlloc=70.0Mi, Sys=24.6Mi, NumGC=265","level":"stat"}
{"@timestamp":"2026-03-08T22:54:50.226+08:00","caller":"load/sheddingstat.go:61","content":"(api) shedding_stat [1m], cpu: 0, total: 0, pass: 0, drop: 0","level":"stat"}
{"@timestamp":"2026-03-08T22:55:06.306+08:00","caller":"stat/metrics.go:210","content":"(croupier-server) - qps: 0.0/s, drops: 0, avg time: 0.0ms, med: 0.0ms, 90th: 0.0ms, 99th: 0.0ms, 99.9th: 0.0ms","level":"stat"}
{"@timestamp":"2026-03-08T22:55:49.983+08:00","caller":"stat/usage.go:82","content":"CPU: 0m, MEMORY: Alloc=6.3Mi, TotalAlloc=70.2Mi, Sys=24.6Mi, NumGC=266","level":"stat"}
{"@timestamp":"2026-03-08T22:55:50.226+08:00","caller":"load/sheddingstat.go:61","content":"(api) shedding_stat [1m], cpu: 0, total: 0, pass: 0, drop: 0","level":"stat"}
{"@timestamp":"2026-03-08T22:56:06.306+08:00","caller":"stat/metrics.go:210","content":"(croupier-server) - qps: 0.0/s, drops: 0, avg time: 0.0ms, med: 0.0ms, 90th: 0.0ms, 99th: 0.0ms, 99.9th: 0.0ms","level":"stat"}
{"@timestamp":"2026-03-08T22:56:49.983+08:00","caller":"stat/usage.go:82","content":"CPU: 0m, MEMORY: Alloc=6.4Mi, TotalAlloc=70.2Mi, Sys=24.6Mi, NumGC=266","level":"stat"}
{"@timestamp":"2026-03-08T22:56:50.226+08:00","caller":"load/sheddingstat.go:61","content":"(api) shedding_stat [1m], cpu: 0, total: 0, pass: 0, drop: 0","level":"stat"}
{"@timestamp":"2026-03-08T22:57:06.306+08:00","caller":"stat/metrics.go:210","content":"(croupier-server) - qps: 0.0/s, drops: 0, avg time: 0.0ms, med: 0.0ms, 90th: 0.0ms, 99th: 0.0ms, 99.9th: 0.0ms","level":"stat"}
{"@timestamp":"2026-03-08T22:57:49.983+08:00","caller":"stat/usage.go:82","content":"CPU: 0m, MEMORY: Alloc=6.3Mi, TotalAlloc=70.4Mi, Sys=24.6Mi, NumGC=267","level":"stat"}
{"@timestamp":"2026-03-08T22:57:50.226+08:00","caller":"load/sheddingstat.go:61","content":"(api) shedding_stat [1m], cpu: 0, total: 0, pass: 0, drop: 0","level":"stat"}
{"@timestamp":"2026-03-08T22:58:06.306+08:00","caller":"stat/metrics.go:210","content":"(croupier-server) - qps: 0.0/s, drops: 0, avg time: 0.0ms, med: 0.0ms, 90th: 0.0ms, 99th: 0.0ms, 99.9th: 0.0ms","level":"stat"}
{"@timestamp":"2026-03-08T22:58:49.983+08:00","caller":"stat/usage.go:82","content":"CPU: 0m, MEMORY: Alloc=6.4Mi, TotalAlloc=70.4Mi, Sys=24.6Mi, NumGC=267","level":"stat"}
{"@timestamp":"2026-03-08T22:58:50.226+08:00","caller":"load/sheddingstat.go:61","content":"(api) shedding_stat [1m], cpu: 0, total: 0, pass: 0, drop: 0","level":"stat"}
{"@timestamp":"2026-03-08T22:59:06.306+08:00","caller":"stat/metrics.go:210","content":"(croupier-server) - qps: 0.0/s, drops: 0, avg time: 0.0ms, med: 0.0ms, 90th: 0.0ms, 99th: 0.0ms, 99.9th: 0.0ms","level":"stat"}
{"@timestamp":"2026-03-08T22:59:49.983+08:00","caller":"stat/usage.go:82","content":"CPU: 0m, MEMORY: Alloc=6.3Mi, TotalAlloc=70.5Mi, Sys=24.6Mi, NumGC=268","level":"stat"}
{"@timestamp":"2026-03-08T22:59:50.226+08:00","caller":"load/sheddingstat.go:61","content":"(api) shedding_stat [1m], cpu: 0, total: 0, pass: 0, drop: 0","level":"stat"}
{"@timestamp":"2026-03-08T23:00:06.306+08:00","caller":"stat/metrics.go:210","content":"(croupier-server) - qps: 0.0/s, drops: 0, avg time: 0.0ms, med: 0.0ms, 90th: 0.0ms, 99th: 0.0ms, 99.9th: 0.0ms","level":"stat"}
{"@timestamp":"2026-03-08T23:00:49.983+08:00","caller":"stat/usage.go:82","content":"CPU: 0m, MEMORY: Alloc=6.4Mi, TotalAlloc=70.6Mi, Sys=24.6Mi, NumGC=268","level":"stat"}
{"@timestamp":"2026-03-08T23:00:50.226+08:00","caller":"load/sheddingstat.go:61","content":"(api) shedding_stat [1m], cpu: 0, total: 0, pass: 0, drop: 0","level":"stat"}
{"@timestamp":"2026-03-08T23:01:06.306+08:00","caller":"stat/metrics.go:210","content":"(croupier-server) - qps: 0.0/s, drops: 0, avg time: 0.0ms, med: 0.0ms, 90th: 0.0ms, 99th: 0.0ms, 99.9th: 0.0ms","level":"stat"}
{"@timestamp":"2026-03-08T23:01:49.983+08:00","caller":"stat/usage.go:82","content":"CPU: 0m, MEMORY: Alloc=6.3Mi, TotalAlloc=70.7Mi, Sys=24.6Mi, NumGC=269","level":"stat"}
{"@timestamp":"2026-03-08T23:01:50.226+08:00","caller":"load/sheddingstat.go:61","content":"(api) shedding_stat [1m], cpu: 0, total: 0, pass: 0, drop: 0","level":"stat"}
{"@timestamp":"2026-03-08T23:02:06.306+08:00","caller":"stat/metrics.go:210","content":"(croupier-server) - qps: 0.0/s, drops: 0, avg time: 0.0ms, med: 0.0ms, 90th: 0.0ms, 99th: 0.0ms, 99.9th: 0.0ms","level":"stat"}
{"@timestamp":"2026-03-08T23:02:49.983+08:00","caller":"stat/usage.go:82","content":"CPU: 0m, MEMORY: Alloc=6.4Mi, TotalAlloc=70.8Mi, Sys=24.6Mi, NumGC=269","level":"stat"}
{"@timestamp":"2026-03-08T23:02:50.226+08:00","caller":"load/sheddingstat.go:61","content":"(api) shedding_stat [1m], cpu: 0, total: 0, pass: 0, drop: 0","level":"stat"}
{"@timestamp":"2026-03-08T23:03:06.306+08:00","caller":"stat/metrics.go:210","content":"(croupier-server) - qps: 0.0/s, drops: 0, avg time: 0.0ms, med: 0.0ms, 90th: 0.0ms, 99th: 0.0ms, 99.9th: 0.0ms","level":"stat"}
{"@timestamp":"2026-03-08T23:03:49.983+08:00","caller":"stat/usage.go:82","content":"CPU: 0m, MEMORY: Alloc=6.3Mi, TotalAlloc=70.9Mi, Sys=24.6Mi, NumGC=270","level":"stat"}
{"@timestamp":"2026-03-08T23:03:50.226+08:00","caller":"load/sheddingstat.go:61","content":"(api) shedding_stat [1m], cpu: 0, total: 0, pass: 0, drop: 0","level":"stat"}
{"@timestamp":"2026-03-08T23:04:06.306+08:00","caller":"stat/metrics.go:210","content":"(croupier-server) - qps: 0.0/s, drops: 0, avg time: 0.0ms, med: 0.0ms, 90th: 0.0ms, 99th: 0.0ms, 99.9th: 0.0ms","level":"stat"}
{"@timestamp":"2026-03-08T23:04:49.983+08:00","caller":"stat/usage.go:82","content":"CPU: 0m, MEMORY: Alloc=6.4Mi, TotalAlloc=71.0Mi, Sys=24.6Mi, NumGC=270","level":"stat"}
{"@timestamp":"2026-03-08T23:04:50.226+08:00","caller":"load/sheddingstat.go:61","content":"(api) shedding_stat [1m], cpu: 0, total: 0, pass: 0, drop: 0","level":"stat"}
{"@timestamp":"2026-03-08T23:05:06.306+08:00","caller":"stat/metrics.go:210","content":"(croupier-server) - qps: 0.0/s, drops: 0, avg time: 0.0ms, med: 0.0ms, 90th: 0.0ms, 99th: 0.0ms, 99.9th: 0.0ms","level":"stat"}
{"@timestamp":"2026-03-08T23:05:49.983+08:00","caller":"stat/usage.go:82","content":"CPU: 0m, MEMORY: Alloc=6.3Mi, TotalAlloc=71.1Mi, Sys=24.6Mi, NumGC=271","level":"stat"}
{"@timestamp":"2026-03-08T23:05:50.226+08:00","caller":"load/sheddingstat.go:61","content":"(api) shedding_stat [1m], cpu: 0, total: 0, pass: 0, drop: 0","level":"stat"}
{"@timestamp":"2026-03-08T23:06:06.306+08:00","caller":"stat/metrics.go:210","content":"(croupier-server) - qps: 0.0/s, drops: 0, avg time: 0.0ms, med: 0.0ms, 90th: 0.0ms, 99th: 0.0ms, 99.9th: 0.0ms","level":"stat"}
{"@timestamp":"2026-03-08T23:06:49.983+08:00","caller":"stat/usage.go:82","content":"CPU: 0m, MEMORY: Alloc=6.4Mi, TotalAlloc=71.1Mi, Sys=24.6Mi, NumGC=271","level":"stat"}
{"@timestamp":"2026-03-08T23:06:50.226+08:00","caller":"load/sheddingstat.go:61","content":"(api) shedding_stat [1m], cpu: 0, total: 0, pass: 0, drop: 0","level":"stat"}
{"@timestamp":"2026-03-08T23:07:06.306+08:00","caller":"stat/metrics.go:210","content":"(croupier-server) - qps: 0.0/s, drops: 0, avg time: 0.0ms, med: 0.0ms, 90th: 0.0ms, 99th: 0.0ms, 99.9th: 0.0ms","level":"stat"}
{"@timestamp":"2026-03-08T23:07:49.983+08:00","caller":"stat/usage.go:82","content":"CPU: 0m, MEMORY: Alloc=6.3Mi, TotalAlloc=71.3Mi, Sys=24.6Mi, NumGC=272","level":"stat"}
{"@timestamp":"2026-03-08T23:07:50.226+08:00","caller":"load/sheddingstat.go:61","content":"(api) shedding_stat [1m], cpu: 0, total: 0, pass: 0, drop: 0","level":"stat"}
{"@timestamp":"2026-03-08T23:08:06.306+08:00","caller":"stat/metrics.go:210","content":"(croupier-server) - qps: 0.0/s, drops: 0, avg time: 0.0ms, med: 0.0ms, 90th: 0.0ms, 99th: 0.0ms, 99.9th: 0.0ms","level":"stat"}
{"@timestamp":"2026-03-08T23:08:49.983+08:00","caller":"stat/usage.go:82","content":"CPU: 0m, MEMORY: Alloc=6.4Mi, TotalAlloc=71.3Mi, Sys=24.6Mi, NumGC=272","level":"stat"}
{"@timestamp":"2026-03-08T23:08:50.226+08:00","caller":"load/sheddingstat.go:61","content":"(api) shedding_stat [1m], cpu: 0, total: 0, pass: 0, drop: 0","level":"stat"}
{"@timestamp":"2026-03-08T23:09:06.306+08:00","caller":"stat/metrics.go:210","content":"(croupier-server) - qps: 0.0/s, drops: 0, avg time: 0.0ms, med: 0.0ms, 90th: 0.0ms, 99th: 0.0ms, 99.9th: 0.0ms","level":"stat"}
{"@timestamp":"2026-03-08T23:09:49.983+08:00","caller":"stat/usage.go:82","content":"CPU: 0m, MEMORY: Alloc=6.3Mi, TotalAlloc=71.5Mi, Sys=24.6Mi, NumGC=273","level":"stat"}
{"@timestamp":"2026-03-08T23:09:50.226+08:00","caller":"load/sheddingstat.go:61","content":"(api) shedding_stat [1m], cpu: 0, total: 0, pass: 0, drop: 0","level":"stat"}
{"@timestamp":"2026-03-08T23:10:06.306+08:00","caller":"stat/metrics.go:210","content":"(croupier-server) - qps: 0.0/s, drops: 0, avg time: 0.0ms, med: 0.0ms, 90th: 0.0ms, 99th: 0.0ms, 99.9th: 0.0ms","level":"stat"}
{"@timestamp":"2026-03-08T23:10:49.983+08:00","caller":"stat/usage.go:82","content":"CPU: 0m, MEMORY: Alloc=6.4Mi, TotalAlloc=71.5Mi, Sys=24.6Mi, NumGC=273","level":"stat"}
{"@timestamp":"2026-03-08T23:10:50.226+08:00","caller":"load/sheddingstat.go:61","content":"(api) shedding_stat [1m], cpu: 0, total: 0, pass: 0, drop: 0","level":"stat"}
{"@timestamp":"2026-03-08T23:11:06.306+08:00","caller":"stat/metrics.go:210","content":"(croupier-server) - qps: 0.0/s, drops: 0, avg time: 0.0ms, med: 0.0ms, 90th: 0.0ms, 99th: 0.0ms, 99.9th: 0.0ms","level":"stat"}
{"@timestamp":"2026-03-08T23:11:49.983+08:00","caller":"stat/usage.go:82","content":"CPU: 0m, MEMORY: Alloc=6.3Mi, TotalAlloc=71.7Mi, Sys=24.6Mi, NumGC=274","level":"stat"}
{"@timestamp":"2026-03-08T23:11:50.226+08:00","caller":"load/sheddingstat.go:61","content":"(api) shedding_stat [1m], cpu: 0, total: 0, pass: 0, drop: 0","level":"stat"}
{"@timestamp":"2026-03-08T23:12:06.306+08:00","caller":"stat/metrics.go:210","content":"(croupier-server) - qps: 0.0/s, drops: 0, avg time: 0.0ms, med: 0.0ms, 90th: 0.0ms, 99th: 0.0ms, 99.9th: 0.0ms","level":"stat"}
{"@timestamp":"2026-03-08T23:12:49.983+08:00","caller":"stat/usage.go:82","content":"CPU: 0m, MEMORY: Alloc=6.4Mi, TotalAlloc=71.7Mi, Sys=24.6Mi, NumGC=274","level":"stat"}
{"@timestamp":"2026-03-08T23:12:50.226+08:00","caller":"load/sheddingstat.go:61","content":"(api) shedding_stat [1m], cpu: 0, total: 0, pass: 0, drop: 0","level":"stat"}
{"@timestamp":"2026-03-08T23:13:06.306+08:00","caller":"stat/metrics.go:210","content":"(croupier-server) - qps: 0.0/s, drops: 0, avg time: 0.0ms, med: 0.0ms, 90th: 0.0ms, 99th: 0.0ms, 99.9th: 0.0ms","level":"stat"}
{"@timestamp":"2026-03-08T23:13:49.983+08:00","caller":"stat/usage.go:82","content":"CPU: 0m, MEMORY: Alloc=6.3Mi, TotalAlloc=71.8Mi, Sys=24.6Mi, NumGC=275","level":"stat"}
{"@timestamp":"2026-03-08T23:13:50.226+08:00","caller":"load/sheddingstat.go:61","content":"(api) shedding_stat [1m], cpu: 0, total: 0, pass: 0, drop: 0","level":"stat"}
{"@timestamp":"2026-03-08T23:14:06.306+08:00","caller":"stat/metrics.go:210","content":"(croupier-server) - qps: 0.0/s, drops: 0, avg time: 0.0ms, med: 0.0ms, 90th: 0.0ms, 99th: 0.0ms, 99.9th: 0.0ms","level":"stat"}
{"@timestamp":"2026-03-08T23:14:49.983+08:00","caller":"stat/usage.go:82","content":"CPU: 0m, MEMORY: Alloc=6.4Mi, TotalAlloc=71.9Mi, Sys=24.6Mi, NumGC=275","level":"stat"}
{"@timestamp":"2026-03-08T23:14:50.226+08:00","caller":"load/sheddingstat.go:61","content":"(api) shedding_stat [1m], cpu: 0, total: 0, pass: 0, drop: 0","level":"stat"}
{"@timestamp":"2026-03-08T23:15:06.306+08:00","caller":"stat/metrics.go:210","content":"(croupier-server) - qps: 0.0/s, drops: 0, avg time: 0.0ms, med: 0.0ms, 90th: 0.0ms, 99th: 0.0ms, 99.9th: 0.0ms","level":"stat"}
{"@timestamp":"2026-03-08T23:15:49.983+08:00","caller":"stat/usage.go:82","content":"CPU: 0m, MEMORY: Alloc=6.3Mi, TotalAlloc=72.0Mi, Sys=24.6Mi, NumGC=276","level":"stat"}
{"@timestamp":"2026-03-08T23:15:50.226+08:00","caller":"load/sheddingstat.go:61","content":"(api) shedding_stat [1m], cpu: 0, total: 0, pass: 0, drop: 0","level":"stat"}
{"@timestamp":"2026-03-08T23:16:06.306+08:00","caller":"stat/metrics.go:210","content":"(croupier-server) - qps: 0.0/s, drops: 0, avg time: 0.0ms, med: 0.0ms, 90th: 0.0ms, 99th: 0.0ms, 99.9th: 0.0ms","level":"stat"}
{"@timestamp":"2026-03-08T23:16:49.983+08:00","caller":"stat/usage.go:82","content":"CPU: 0m, MEMORY: Alloc=6.4Mi, TotalAlloc=72.1Mi, Sys=24.6Mi, NumGC=276","level":"stat"}
{"@timestamp":"2026-03-08T23:16:50.226+08:00","caller":"load/sheddingstat.go:61","content":"(api) shedding_stat [1m], cpu: 0, total: 0, pass: 0, drop: 0","level":"stat"}
{"@timestamp":"2026-03-08T23:17:06.306+08:00","caller":"stat/metrics.go:210","content":"(croupier-server) - qps: 0.0/s, drops: 0, avg time: 0.0ms, med: 0.0ms, 90th: 0.0ms, 99th: 0.0ms, 99.9th: 0.0ms","level":"stat"}
{"@timestamp":"2026-03-08T23:17:49.983+08:00","caller":"stat/usage.go:82","content":"CPU: 0m, MEMORY: Alloc=6.3Mi, TotalAlloc=72.2Mi, Sys=24.6Mi, NumGC=277","level":"stat"}
{"@timestamp":"2026-03-08T23:17:50.226+08:00","caller":"load/sheddingstat.go:61","content":"(api) shedding_stat [1m], cpu: 0, total: 0, pass: 0, drop: 0","level":"stat"}
{"@timestamp":"2026-03-08T23:18:06.306+08:00","caller":"stat/metrics.go:210","content":"(croupier-server) - qps: 0.0/s, drops: 0, avg time: 0.0ms, med: 0.0ms, 90th: 0.0ms, 99th: 0.0ms, 99.9th: 0.0ms","level":"stat"}
{"@timestamp":"2026-03-08T23:18:49.983+08:00","caller":"stat/usage.go:82","content":"CPU: 0m, MEMORY: Alloc=6.4Mi, TotalAlloc=72.3Mi, Sys=24.6Mi, NumGC=277","level":"stat"}
{"@timestamp":"2026-03-08T23:18:50.226+08:00","caller":"load/sheddingstat.go:61","content":"(api) shedding_stat [1m], cpu: 0, total: 0, pass: 0, drop: 0","level":"stat"}
{"@timestamp":"2026-03-08T23:19:06.306+08:00","caller":"stat/metrics.go:210","content":"(croupier-server) - qps: 0.0/s, drops: 0, avg time: 0.0ms, med: 0.0ms, 90th: 0.0ms, 99th: 0.0ms, 99.9th: 0.0ms","level":"stat"}
{"@timestamp":"2026-03-08T23:19:49.983+08:00","caller":"stat/usage.go:82","content":"CPU: 0m, MEMORY: Alloc=6.3Mi, TotalAlloc=72.4Mi, Sys=24.6Mi, NumGC=278","level":"stat"}
{"@timestamp":"2026-03-08T23:19:50.226+08:00","caller":"load/sheddingstat.go:61","content":"(api) shedding_stat [1m], cpu: 0, total: 0, pass: 0, drop: 0","level":"stat"}
{"@timestamp":"2026-03-08T23:20:06.306+08:00","caller":"stat/metrics.go:210","content":"(croupier-server) - qps: 0.0/s, drops: 0, avg time: 0.0ms, med: 0.0ms, 90th: 0.0ms, 99th: 0.0ms, 99.9th: 0.0ms","level":"stat"}
{"@timestamp":"2026-03-08T23:20:49.983+08:00","caller":"stat/usage.go:82","content":"CPU: 0m, MEMORY: Alloc=6.4Mi, TotalAlloc=72.4Mi, Sys=24.6Mi, NumGC=278","level":"stat"}
{"@timestamp":"2026-03-08T23:20:50.226+08:00","caller":"load/sheddingstat.go:61","content":"(api) shedding_stat [1m], cpu: 0, total: 0, pass: 0, drop: 0","level":"stat"}
{"@timestamp":"2026-03-08T23:21:06.306+08:00","caller":"stat/metrics.go:210","content":"(croupier-server) - qps: 0.0/s, drops: 0, avg time: 0.0ms, med: 0.0ms, 90th: 0.0ms, 99th: 0.0ms, 99.9th: 0.0ms","level":"stat"}
{"@timestamp":"2026-03-08T23:21:49.983+08:00","caller":"stat/usage.go:82","content":"CPU: 0m, MEMORY: Alloc=6.3Mi, TotalAlloc=72.6Mi, Sys=24.6Mi, NumGC=279","level":"stat"}
{"@timestamp":"2026-03-08T23:21:50.226+08:00","caller":"load/sheddingstat.go:61","content":"(api) shedding_stat [1m], cpu: 0, total: 0, pass: 0, drop: 0","level":"stat"}
{"@timestamp":"2026-03-08T23:22:06.306+08:00","caller":"stat/metrics.go:210","content":"(croupier-server) - qps: 0.0/s, drops: 0, avg time: 0.0ms, med: 0.0ms, 90th: 0.0ms, 99th: 0.0ms, 99.9th: 0.0ms","level":"stat"}
{"@timestamp":"2026-03-08T23:22:49.983+08:00","caller":"stat/usage.go:82","content":"CPU: 0m, MEMORY: Alloc=6.4Mi, TotalAlloc=72.6Mi, Sys=24.6Mi, NumGC=279","level":"stat"}
{"@timestamp":"2026-03-08T23:22:50.226+08:00","caller":"load/sheddingstat.go:61","content":"(api) shedding_stat [1m], cpu: 0, total: 0, pass: 0, drop: 0","level":"stat"}
{"@timestamp":"2026-03-08T23:23:06.306+08:00","caller":"stat/metrics.go:210","content":"(croupier-server) - qps: 0.0/s, drops: 0, avg time: 0.0ms, med: 0.0ms, 90th: 0.0ms, 99th: 0.0ms, 99.9th: 0.0ms","level":"stat"}
{"@timestamp":"2026-03-08T23:23:49.983+08:00","caller":"stat/usage.go:82","content":"CPU: 0m, MEMORY: Alloc=6.3Mi, TotalAlloc=72.8Mi, Sys=24.6Mi, NumGC=280","level":"stat"}
{"@timestamp":"2026-03-08T23:23:50.226+08:00","caller":"load/sheddingstat.go:61","content":"(api) shedding_stat [1m], cpu: 0, total: 0, pass: 0, drop: 0","level":"stat"}
{"@timestamp":"2026-03-08T23:24:06.306+08:00","caller":"stat/metrics.go:210","content":"(croupier-server) - qps: 0.0/s, drops: 0, avg time: 0.0ms, med: 0.0ms, 90th: 0.0ms, 99th: 0.0ms, 99.9th: 0.0ms","level":"stat"}
{"@timestamp":"2026-03-08T23:24:49.983+08:00","caller":"stat/usage.go:82","content":"CPU: 0m, MEMORY: Alloc=6.4Mi, TotalAlloc=72.8Mi, Sys=24.6Mi, NumGC=280","level":"stat"}
{"@timestamp":"2026-03-08T23:24:50.226+08:00","caller":"load/sheddingstat.go:61","content":"(api) shedding_stat [1m], cpu: 0, total: 0, pass: 0, drop: 0","level":"stat"}
{"@timestamp":"2026-03-08T23:25:06.306+08:00","caller":"stat/metrics.go:210","content":"(croupier-server) - qps: 0.0/s, drops: 0, avg time: 0.0ms, med: 0.0ms, 90th: 0.0ms, 99th: 0.0ms, 99.9th: 0.0ms","level":"stat"}
{"@timestamp":"2026-03-08T23:25:49.983+08:00","caller":"stat/usage.go:82","content":"CPU: 0m, MEMORY: Alloc=6.3Mi, TotalAlloc=72.9Mi, Sys=24.6Mi, NumGC=281","level":"stat"}
{"@timestamp":"2026-03-08T23:25:50.226+08:00","caller":"load/sheddingstat.go:61","content":"(api) shedding_stat [1m], cpu: 0, total: 0, pass: 0, drop: 0","level":"stat"}
{"@timestamp":"2026-03-08T23:26:06.306+08:00","caller":"stat/metrics.go:210","content":"(croupier-server) - qps: 0.0/s, drops: 0, avg time: 0.0ms, med: 0.0ms, 90th: 0.0ms, 99th: 0.0ms, 99.9th: 0.0ms","level":"stat"}
{"@timestamp":"2026-03-08T23:26:49.983+08:00","caller":"stat/usage.go:82","content":"CPU: 0m, MEMORY: Alloc=6.4Mi, TotalAlloc=73.0Mi, Sys=24.6Mi, NumGC=281","level":"stat"}
{"@timestamp":"2026-03-08T23:26:50.226+08:00","caller":"load/sheddingstat.go:61","content":"(api) shedding_stat [1m], cpu: 0, total: 0, pass: 0, drop: 0","level":"stat"}
{"@timestamp":"2026-03-08T23:27:06.306+08:00","caller":"stat/metrics.go:210","content":"(croupier-server) - qps: 0.0/s, drops: 0, avg time: 0.0ms, med: 0.0ms, 90th: 0.0ms, 99th: 0.0ms, 99.9th: 0.0ms","level":"stat"}
{"@timestamp":"2026-03-08T23:27:49.983+08:00","caller":"stat/usage.go:82","content":"CPU: 0m, MEMORY: Alloc=6.3Mi, TotalAlloc=73.1Mi, Sys=24.6Mi, NumGC=282","level":"stat"}
{"@timestamp":"2026-03-08T23:27:50.226+08:00","caller":"load/sheddingstat.go:61","content":"(api) shedding_stat [1m], cpu: 0, total: 0, pass: 0, drop: 0","level":"stat"}
{"@timestamp":"2026-03-08T23:28:06.306+08:00","caller":"stat/metrics.go:210","content":"(croupier-server) - qps: 0.0/s, drops: 0, avg time: 0.0ms, med: 0.0ms, 90th: 0.0ms, 99th: 0.0ms, 99.9th: 0.0ms","level":"stat"}
{"@timestamp":"2026-03-08T23:28:49.983+08:00","caller":"stat/usage.go:82","content":"CPU: 0m, MEMORY: Alloc=6.4Mi, TotalAlloc=73.2Mi, Sys=24.6Mi, NumGC=282","level":"stat"}
{"@timestamp":"2026-03-08T23:28:50.226+08:00","caller":"load/sheddingstat.go:61","content":"(api) shedding_stat [1m], cpu: 0, total: 0, pass: 0, drop: 0","level":"stat"}
{"@timestamp":"2026-03-08T23:29:06.306+08:00","caller":"stat/metrics.go:210","content":"(croupier-server) - qps: 0.0/s, drops: 0, avg time: 0.0ms, med: 0.0ms, 90th: 0.0ms, 99th: 0.0ms, 99.9th: 0.0ms","level":"stat"}
{"@timestamp":"2026-03-08T23:29:49.983+08:00","caller":"stat/usage.go:82","content":"CPU: 0m, MEMORY: Alloc=6.3Mi, TotalAlloc=73.3Mi, Sys=24.6Mi, NumGC=283","level":"stat"}
{"@timestamp":"2026-03-08T23:29:50.226+08:00","caller":"load/sheddingstat.go:61","content":"(api) shedding_stat [1m], cpu: 0, total: 0, pass: 0, drop: 0","level":"stat"}
{"@timestamp":"2026-03-08T23:30:06.306+08:00","caller":"stat/metrics.go:210","content":"(croupier-server) - qps: 0.0/s, drops: 0, avg time: 0.0ms, med: 0.0ms, 90th: 0.0ms, 99th: 0.0ms, 99.9th: 0.0ms","level":"stat"}
{"@timestamp":"2026-03-08T23:30:49.983+08:00","caller":"stat/usage.go:82","content":"CPU: 0m, MEMORY: Alloc=6.4Mi, TotalAlloc=73.4Mi, Sys=24.6Mi, NumGC=283","level":"stat"}
{"@timestamp":"2026-03-08T23:30:50.226+08:00","caller":"load/sheddingstat.go:61","content":"(api) shedding_stat [1m], cpu: 0, total: 0, pass: 0, drop: 0","level":"stat"}
{"@timestamp":"2026-03-08T23:31:06.306+08:00","caller":"stat/metrics.go:210","content":"(croupier-server) - qps: 0.0/s, drops: 0, avg time: 0.0ms, med: 0.0ms, 90th: 0.0ms, 99th: 0.0ms, 99.9th: 0.0ms","level":"stat"}
{"@timestamp":"2026-03-08T23:31:49.983+08:00","caller":"stat/usage.go:82","content":"CPU: 0m, MEMORY: Alloc=6.3Mi, TotalAlloc=73.5Mi, Sys=24.6Mi, NumGC=284","level":"stat"}
{"@timestamp":"2026-03-08T23:31:50.226+08:00","caller":"load/sheddingstat.go:61","content":"(api) shedding_stat [1m], cpu: 0, total: 0, pass: 0, drop: 0","level":"stat"}
{"@timestamp":"2026-03-08T23:32:06.306+08:00","caller":"stat/metrics.go:210","content":"(croupier-server) - qps: 0.0/s, drops: 0, avg time: 0.0ms, med: 0.0ms, 90th: 0.0ms, 99th: 0.0ms, 99.9th: 0.0ms","level":"stat"}
{"@timestamp":"2026-03-08T23:32:49.983+08:00","caller":"stat/usage.go:82","content":"CPU: 0m, MEMORY: Alloc=6.4Mi, TotalAlloc=73.5Mi, Sys=24.6Mi, NumGC=284","level":"stat"}
{"@timestamp":"2026-03-08T23:32:50.226+08:00","caller":"load/sheddingstat.go:61","content":"(api) shedding_stat [1m], cpu: 0, total: 0, pass: 0, drop: 0","level":"stat"}
{"@timestamp":"2026-03-08T23:33:06.306+08:00","caller":"stat/metrics.go:210","content":"(croupier-server) - qps: 0.0/s, drops: 0, avg time: 0.0ms, med: 0.0ms, 90th: 0.0ms, 99th: 0.0ms, 99.9th: 0.0ms","level":"stat"}
{"@timestamp":"2026-03-08T23:33:49.983+08:00","caller":"stat/usage.go:82","content":"CPU: 0m, MEMORY: Alloc=6.3Mi, TotalAlloc=73.7Mi, Sys=24.6Mi, NumGC=285","level":"stat"}
{"@timestamp":"2026-03-08T23:33:50.226+08:00","caller":"load/sheddingstat.go:61","content":"(api) shedding_stat [1m], cpu: 0, total: 0, pass: 0, drop: 0","level":"stat"}
{"@timestamp":"2026-03-08T23:34:06.306+08:00","caller":"stat/metrics.go:210","content":"(croupier-server) - qps: 0.0/s, drops: 0, avg time: 0.0ms, med: 0.0ms, 90th: 0.0ms, 99th: 0.0ms, 99.9th: 0.0ms","level":"stat"}
{"@timestamp":"2026-03-08T23:34:49.983+08:00","caller":"stat/usage.go:82","content":"CPU: 0m, MEMORY: Alloc=6.4Mi, TotalAlloc=73.7Mi, Sys=24.6Mi, NumGC=285","level":"stat"}
{"@timestamp":"2026-03-08T23:34:50.226+08:00","caller":"load/sheddingstat.go:61","content":"(api) shedding_stat [1m], cpu: 0, total: 0, pass: 0, drop: 0","level":"stat"}
{"@timestamp":"2026-03-08T23:35:06.306+08:00","caller":"stat/metrics.go:210","content":"(croupier-server) - qps: 0.0/s, drops: 0, avg time: 0.0ms, med: 0.0ms, 90th: 0.0ms, 99th: 0.0ms, 99.9th: 0.0ms","level":"stat"}
{"@timestamp":"2026-03-08T23:35:49.983+08:00","caller":"stat/usage.go:82","content":"CPU: 0m, MEMORY: Alloc=6.3Mi, TotalAlloc=73.9Mi, Sys=24.6Mi, NumGC=286","level":"stat"}
{"@timestamp":"2026-03-08T23:35:50.226+08:00","caller":"load/sheddingstat.go:61","content":"(api) shedding_stat [1m], cpu: 0, total: 0, pass: 0, drop: 0","level":"stat"}
{"@timestamp":"2026-03-08T23:36:06.306+08:00","caller":"stat/metrics.go:210","content":"(croupier-server) - qps: 0.0/s, drops: 0, avg time: 0.0ms, med: 0.0ms, 90th: 0.0ms, 99th: 0.0ms, 99.9th: 0.0ms","level":"stat"}
{"@timestamp":"2026-03-08T23:36:49.983+08:00","caller":"stat/usage.go:82","content":"CPU: 0m, MEMORY: Alloc=6.4Mi, TotalAlloc=73.9Mi, Sys=24.6Mi, NumGC=286","level":"stat"}
{"@timestamp":"2026-03-08T23:36:50.226+08:00","caller":"load/sheddingstat.go:61","content":"(api) shedding_stat [1m], cpu: 0, total: 0, pass: 0, drop: 0","level":"stat"}
{"@timestamp":"2026-03-08T23:37:06.306+08:00","caller":"stat/metrics.go:210","content":"(croupier-server) - qps: 0.0/s, drops: 0, avg time: 0.0ms, med: 0.0ms, 90th: 0.0ms, 99th: 0.0ms, 99.9th: 0.0ms","level":"stat"}
{"@timestamp":"2026-03-08T23:37:49.983+08:00","caller":"stat/usage.go:82","content":"CPU: 0m, MEMORY: Alloc=6.3Mi, TotalAlloc=74.1Mi, Sys=24.6Mi, NumGC=287","level":"stat"}
{"@timestamp":"2026-03-08T23:37:50.226+08:00","caller":"load/sheddingstat.go:61","content":"(api) shedding_stat [1m], cpu: 0, total: 0, pass: 0, drop: 0","level":"stat"}
{"@timestamp":"2026-03-08T23:38:06.306+08:00","caller":"stat/metrics.go:210","content":"(croupier-server) - qps: 0.0/s, drops: 0, avg time: 0.0ms, med: 0.0ms, 90th: 0.0ms, 99th: 0.0ms, 99.9th: 0.0ms","level":"stat"}
{"@timestamp":"2026-03-08T23:38:49.983+08:00","caller":"stat/usage.go:82","content":"CPU: 0m, MEMORY: Alloc=6.4Mi, TotalAlloc=74.1Mi, Sys=24.6Mi, NumGC=287","level":"stat"}
{"@timestamp":"2026-03-08T23:38:50.226+08:00","caller":"load/sheddingstat.go:61","content":"(api) shedding_stat [1m], cpu: 0, total: 0, pass: 0, drop: 0","level":"stat"}
{"@timestamp":"2026-03-08T23:39:06.306+08:00","caller":"stat/metrics.go:210","content":"(croupier-server) - qps: 0.0/s, drops: 0, avg time: 0.0ms, med: 0.0ms, 90th: 0.0ms, 99th: 0.0ms, 99.9th: 0.0ms","level":"stat"}
{"@timestamp":"2026-03-08T23:39:49.983+08:00","caller":"stat/usage.go:82","content":"CPU: 0m, MEMORY: Alloc=6.3Mi, TotalAlloc=74.2Mi, Sys=24.6Mi, NumGC=288","level":"stat"}
{"@timestamp":"2026-03-08T23:39:50.226+08:00","caller":"load/sheddingstat.go:61","content":"(api) shedding_stat [1m], cpu: 0, total: 0, pass: 0, drop: 0","level":"stat"}
{"@timestamp":"2026-03-08T23:40:06.306+08:00","caller":"stat/metrics.go:210","content":"(croupier-server) - qps: 0.0/s, drops: 0, avg time: 0.0ms, med: 0.0ms, 90th: 0.0ms, 99th: 0.0ms, 99.9th: 0.0ms","level":"stat"}
{"@timestamp":"2026-03-08T23:40:49.983+08:00","caller":"stat/usage.go:82","content":"CPU: 0m, MEMORY: Alloc=6.4Mi, TotalAlloc=74.3Mi, Sys=24.6Mi, NumGC=288","level":"stat"}
{"@timestamp":"2026-03-08T23:40:50.226+08:00","caller":"load/sheddingstat.go:61","content":"(api) shedding_stat [1m], cpu: 0, total: 0, pass: 0, drop: 0","level":"stat"}
{"@timestamp":"2026-03-08T23:41:06.306+08:00","caller":"stat/metrics.go:210","content":"(croupier-server) - qps: 0.0/s, drops: 0, avg time: 0.0ms, med: 0.0ms, 90th: 0.0ms, 99th: 0.0ms, 99.9th: 0.0ms","level":"stat"}
{"@timestamp":"2026-03-08T23:41:49.983+08:00","caller":"stat/usage.go:82","content":"CPU: 0m, MEMORY: Alloc=6.3Mi, TotalAlloc=74.4Mi, Sys=24.6Mi, NumGC=289","level":"stat"}
{"@timestamp":"2026-03-08T23:41:50.226+08:00","caller":"load/sheddingstat.go:61","content":"(api) shedding_stat [1m], cpu: 0, total: 0, pass: 0, drop: 0","level":"stat"}
{"@timestamp":"2026-03-08T23:42:06.306+08:00","caller":"stat/metrics.go:210","content":"(croupier-server) - qps: 0.0/s, drops: 0, avg time: 0.0ms, med: 0.0ms, 90th: 0.0ms, 99th: 0.0ms, 99.9th: 0.0ms","level":"stat"}
{"@timestamp":"2026-03-08T23:42:49.983+08:00","caller":"stat/usage.go:82","content":"CPU: 0m, MEMORY: Alloc=6.4Mi, TotalAlloc=74.5Mi, Sys=24.6Mi, NumGC=289","level":"stat"}
{"@timestamp":"2026-03-08T23:42:50.226+08:00","caller":"load/sheddingstat.go:61","content":"(api) shedding_stat [1m], cpu: 0, total: 0, pass: 0, drop: 0","level":"stat"}
{"@timestamp":"2026-03-08T23:43:06.306+08:00","caller":"stat/metrics.go:210","content":"(croupier-server) - qps: 0.0/s, drops: 0, avg time: 0.0ms, med: 0.0ms, 90th: 0.0ms, 99th: 0.0ms, 99.9th: 0.0ms","level":"stat"}
{"@timestamp":"2026-03-08T23:43:49.983+08:00","caller":"stat/usage.go:82","content":"CPU: 0m, MEMORY: Alloc=6.3Mi, TotalAlloc=74.6Mi, Sys=24.6Mi, NumGC=290","level":"stat"}
{"@timestamp":"2026-03-08T23:43:50.226+08:00","caller":"load/sheddingstat.go:61","content":"(api) shedding_stat [1m], cpu: 0, total: 0, pass: 0, drop: 0","level":"stat"}
{"@timestamp":"2026-03-08T23:44:06.306+08:00","caller":"stat/metrics.go:210","content":"(croupier-server) - qps: 0.0/s, drops: 0, avg time: 0.0ms, med: 0.0ms, 90th: 0.0ms, 99th: 0.0ms, 99.9th: 0.0ms","level":"stat"}
{"@timestamp":"2026-03-08T23:44:49.983+08:00","caller":"stat/usage.go:82","content":"CPU: 0m, MEMORY: Alloc=6.4Mi, TotalAlloc=74.7Mi, Sys=24.6Mi, NumGC=290","level":"stat"}
{"@timestamp":"2026-03-08T23:44:50.226+08:00","caller":"load/sheddingstat.go:61","content":"(api) shedding_stat [1m], cpu: 0, total: 0, pass: 0, drop: 0","level":"stat"}
{"@timestamp":"2026-03-08T23:45:06.306+08:00","caller":"stat/metrics.go:210","content":"(croupier-server) - qps: 0.0/s, drops: 0, avg time: 0.0ms, med: 0.0ms, 90th: 0.0ms, 99th: 0.0ms, 99.9th: 0.0ms","level":"stat"}
{"@timestamp":"2026-03-08T23:45:49.983+08:00","caller":"stat/usage.go:82","content":"CPU: 0m, MEMORY: Alloc=6.3Mi, TotalAlloc=74.8Mi, Sys=24.6Mi, NumGC=291","level":"stat"}
{"@timestamp":"2026-03-08T23:45:50.226+08:00","caller":"load/sheddingstat.go:61","content":"(api) shedding_stat [1m], cpu: 0, total: 0, pass: 0, drop: 0","level":"stat"}
{"@timestamp":"2026-03-08T23:46:06.306+08:00","caller":"stat/metrics.go:210","content":"(croupier-server) - qps: 0.0/s, drops: 0, avg time: 0.0ms, med: 0.0ms, 90th: 0.0ms, 99th: 0.0ms, 99.9th: 0.0ms","level":"stat"}
{"@timestamp":"2026-03-08T23:46:49.983+08:00","caller":"stat/usage.go:82","content":"CPU: 0m, MEMORY: Alloc=6.4Mi, TotalAlloc=74.9Mi, Sys=24.6Mi, NumGC=291","level":"stat"}
{"@timestamp":"2026-03-08T23:46:50.226+08:00","caller":"load/sheddingstat.go:61","content":"(api) shedding_stat [1m], cpu: 0, total: 0, pass: 0, drop: 0","level":"stat"}
{"@timestamp":"2026-03-08T23:47:06.306+08:00","caller":"stat/metrics.go:210","content":"(croupier-server) - qps: 0.0/s, drops: 0, avg time: 0.0ms, med: 0.0ms, 90th: 0.0ms, 99th: 0.0ms, 99.9th: 0.0ms","level":"stat"}
{"@timestamp":"2026-03-08T23:47:49.983+08:00","caller":"stat/usage.go:82","content":"CPU: 0m, MEMORY: Alloc=6.3Mi, TotalAlloc=75.0Mi, Sys=24.6Mi, NumGC=292","level":"stat"}
{"@timestamp":"2026-03-08T23:47:50.226+08:00","caller":"load/sheddingstat.go:61","content":"(api) shedding_stat [1m], cpu: 0, total: 0, pass: 0, drop: 0","level":"stat"}
{"@timestamp":"2026-03-08T23:48:06.306+08:00","caller":"stat/metrics.go:210","content":"(croupier-server) - qps: 0.0/s, drops: 0, avg time: 0.0ms, med: 0.0ms, 90th: 0.0ms, 99th: 0.0ms, 99.9th: 0.0ms","level":"stat"}
{"@timestamp":"2026-03-08T23:48:49.983+08:00","caller":"stat/usage.go:82","content":"CPU: 0m, MEMORY: Alloc=6.4Mi, TotalAlloc=75.0Mi, Sys=24.6Mi, NumGC=292","level":"stat"}
{"@timestamp":"2026-03-08T23:48:50.226+08:00","caller":"load/sheddingstat.go:61","content":"(api) shedding_stat [1m], cpu: 0, total: 0, pass: 0, drop: 0","level":"stat"}
{"@timestamp":"2026-03-08T23:49:06.306+08:00","caller":"stat/metrics.go:210","content":"(croupier-server) - qps: 0.0/s, drops: 0, avg time: 0.0ms, med: 0.0ms, 90th: 0.0ms, 99th: 0.0ms, 99.9th: 0.0ms","level":"stat"}
{"@timestamp":"2026-03-08T23:49:49.983+08:00","caller":"stat/usage.go:82","content":"CPU: 0m, MEMORY: Alloc=6.3Mi, TotalAlloc=75.2Mi, Sys=24.6Mi, NumGC=293","level":"stat"}
{"@timestamp":"2026-03-08T23:49:50.226+08:00","caller":"load/sheddingstat.go:61","content":"(api) shedding_stat [1m], cpu: 0, total: 0, pass: 0, drop: 0","level":"stat"}
{"@timestamp":"2026-03-08T23:50:06.306+08:00","caller":"stat/metrics.go:210","content":"(croupier-server) - qps: 0.0/s, drops: 0, avg time: 0.0ms, med: 0.0ms, 90th: 0.0ms, 99th: 0.0ms, 99.9th: 0.0ms","level":"stat"}
{"@timestamp":"2026-03-08T23:50:49.983+08:00","caller":"stat/usage.go:82","content":"CPU: 0m, MEMORY: Alloc=6.4Mi, TotalAlloc=75.2Mi, Sys=24.6Mi, NumGC=293","level":"stat"}
{"@timestamp":"2026-03-08T23:50:50.226+08:00","caller":"load/sheddingstat.go:61","content":"(api) shedding_stat [1m], cpu: 0, total: 0, pass: 0, drop: 0","level":"stat"}
{"@timestamp":"2026-03-08T23:51:06.306+08:00","caller":"stat/metrics.go:210","content":"(croupier-server) - qps: 0.0/s, drops: 0, avg time: 0.0ms, med: 0.0ms, 90th: 0.0ms, 99th: 0.0ms, 99.9th: 0.0ms","level":"stat"}
{"@timestamp":"2026-03-08T23:51:49.983+08:00","caller":"stat/usage.go:82","content":"CPU: 0m, MEMORY: Alloc=6.3Mi, TotalAlloc=75.4Mi, Sys=24.6Mi, NumGC=294","level":"stat"}
{"@timestamp":"2026-03-08T23:51:50.226+08:00","caller":"load/sheddingstat.go:61","content":"(api) shedding_stat [1m], cpu: 0, total: 0, pass: 0, drop: 0","level":"stat"}
{"@timestamp":"2026-03-08T23:52:06.306+08:00","caller":"stat/metrics.go:210","content":"(croupier-server) - qps: 0.0/s, drops: 0, avg time: 0.0ms, med: 0.0ms, 90th: 0.0ms, 99th: 0.0ms, 99.9th: 0.0ms","level":"stat"}
{"@timestamp":"2026-03-08T23:52:49.983+08:00","caller":"stat/usage.go:82","content":"CPU: 0m, MEMORY: Alloc=6.4Mi, TotalAlloc=75.4Mi, Sys=24.6Mi, NumGC=294","level":"stat"}
{"@timestamp":"2026-03-08T23:52:50.226+08:00","caller":"load/sheddingstat.go:61","content":"(api) shedding_stat [1m], cpu: 0, total: 0, pass: 0, drop: 0","level":"stat"}
{"@timestamp":"2026-03-08T23:53:06.306+08:00","caller":"stat/metrics.go:210","content":"(croupier-server) - qps: 0.0/s, drops: 0, avg time: 0.0ms, med: 0.0ms, 90th: 0.0ms, 99th: 0.0ms, 99.9th: 0.0ms","level":"stat"}
{"@timestamp":"2026-03-08T23:53:49.983+08:00","caller":"stat/usage.go:82","content":"CPU: 0m, MEMORY: Alloc=6.3Mi, TotalAlloc=75.5Mi, Sys=24.6Mi, NumGC=295","level":"stat"}
{"@timestamp":"2026-03-08T23:53:50.226+08:00","caller":"load/sheddingstat.go:61","content":"(api) shedding_stat [1m], cpu: 0, total: 0, pass: 0, drop: 0","level":"stat"}
{"@timestamp":"2026-03-08T23:54:06.306+08:00","caller":"stat/metrics.go:210","content":"(croupier-server) - qps: 0.0/s, drops: 0, avg time: 0.0ms, med: 0.0ms, 90th: 0.0ms, 99th: 0.0ms, 99.9th: 0.0ms","level":"stat"}
{"@timestamp":"2026-03-08T23:54:49.983+08:00","caller":"stat/usage.go:82","content":"CPU: 0m, MEMORY: Alloc=6.4Mi, TotalAlloc=75.6Mi, Sys=24.6Mi, NumGC=295","level":"stat"}
{"@timestamp":"2026-03-08T23:54:50.226+08:00","caller":"load/sheddingstat.go:61","content":"(api) shedding_stat [1m], cpu: 0, total: 0, pass: 0, drop: 0","level":"stat"}
{"@timestamp":"2026-03-08T23:55:06.306+08:00","caller":"stat/metrics.go:210","content":"(croupier-server) - qps: 0.0/s, drops: 0, avg time: 0.0ms, med: 0.0ms, 90th: 0.0ms, 99th: 0.0ms, 99.9th: 0.0ms","level":"stat"}
{"@timestamp":"2026-03-08T23:55:49.983+08:00","caller":"stat/usage.go:82","content":"CPU: 0m, MEMORY: Alloc=6.3Mi, TotalAlloc=75.7Mi, Sys=24.6Mi, NumGC=296","level":"stat"}
{"@timestamp":"2026-03-08T23:55:50.226+08:00","caller":"load/sheddingstat.go:61","content":"(api) shedding_stat [1m], cpu: 0, total: 0, pass: 0, drop: 0","level":"stat"}
{"@timestamp":"2026-03-08T23:56:06.306+08:00","caller":"stat/metrics.go:210","content":"(croupier-server) - qps: 0.0/s, drops: 0, avg time: 0.0ms, med: 0.0ms, 90th: 0.0ms, 99th: 0.0ms, 99.9th: 0.0ms","level":"stat"}
{"@timestamp":"2026-03-08T23:56:49.983+08:00","caller":"stat/usage.go:82","content":"CPU: 0m, MEMORY: Alloc=6.4Mi, TotalAlloc=75.8Mi, Sys=24.6Mi, NumGC=296","level":"stat"}
{"@timestamp":"2026-03-08T23:56:50.226+08:00","caller":"load/sheddingstat.go:61","content":"(api) shedding_stat [1m], cpu: 0, total: 0, pass: 0, drop: 0","level":"stat"}
{"@timestamp":"2026-03-08T23:57:06.306+08:00","caller":"stat/metrics.go:210","content":"(croupier-server) - qps: 0.0/s, drops: 0, avg time: 0.0ms, med: 0.0ms, 90th: 0.0ms, 99th: 0.0ms, 99.9th: 0.0ms","level":"stat"}
{"@timestamp":"2026-03-08T23:57:49.983+08:00","caller":"stat/usage.go:82","content":"CPU: 0m, MEMORY: Alloc=6.3Mi, TotalAlloc=75.9Mi, Sys=24.6Mi, NumGC=297","level":"stat"}
{"@timestamp":"2026-03-08T23:57:50.226+08:00","caller":"load/sheddingstat.go:61","content":"(api) shedding_stat [1m], cpu: 0, total: 0, pass: 0, drop: 0","level":"stat"}
{"@timestamp":"2026-03-08T23:58:06.306+08:00","caller":"stat/metrics.go:210","content":"(croupier-server) - qps: 0.0/s, drops: 0, avg time: 0.0ms, med: 0.0ms, 90th: 0.0ms, 99th: 0.0ms, 99.9th: 0.0ms","level":"stat"}
{"@timestamp":"2026-03-08T23:58:49.983+08:00","caller":"stat/usage.go:82","content":"CPU: 0m, MEMORY: Alloc=6.4Mi, TotalAlloc=76.0Mi, Sys=24.6Mi, NumGC=297","level":"stat"}
{"@timestamp":"2026-03-08T23:58:50.226+08:00","caller":"load/sheddingstat.go:61","content":"(api) shedding_stat [1m], cpu: 0, total: 0, pass: 0, drop: 0","level":"stat"}
{"@timestamp":"2026-03-08T23:59:06.306+08:00","caller":"stat/metrics.go:210","content":"(croupier-server) - qps: 0.0/s, drops: 0, avg time: 0.0ms, med: 0.0ms, 90th: 0.0ms, 99th: 0.0ms, 99.9th: 0.0ms","level":"stat"}
{"@timestamp":"2026-03-08T23:59:49.983+08:00","caller":"stat/usage.go:82","content":"CPU: 0m, MEMORY: Alloc=6.3Mi, TotalAlloc=76.1Mi, Sys=24.6Mi, NumGC=298","level":"stat"}
{"@timestamp":"2026-03-08T23:59:50.226+08:00","caller":"load/sheddingstat.go:61","content":"(api) shedding_stat [1m], cpu: 0, total: 0, pass: 0, drop: 0","level":"stat"}
{"@timestamp":"2026-03-09T00:00:06.306+08:00","caller":"stat/metrics.go:210","content":"(croupier-server) - qps: 0.0/s, drops: 0, avg time: 0.0ms, med: 0.0ms, 90th: 0.0ms, 99th: 0.0ms, 99.9th: 0.0ms","level":"stat"}
{"@timestamp":"2026-03-09T00:00:49.983+08:00","caller":"stat/usage.go:82","content":"CPU: 0m, MEMORY: Alloc=6.4Mi, TotalAlloc=76.1Mi, Sys=24.6Mi, NumGC=298","level":"stat"}
{"@timestamp":"2026-03-09T00:00:50.226+08:00","caller":"load/sheddingstat.go:61","content":"(api) shedding_stat [1m], cpu: 0, total: 0, pass: 0, drop: 0","level":"stat"}
{"@timestamp":"2026-03-09T00:01:06.306+08:00","caller":"stat/metrics.go:210","content":"(croupier-server) - qps: 0.0/s, drops: 0, avg time: 0.0ms, med: 0.0ms, 90th: 0.0ms, 99th: 0.0ms, 99.9th: 0.0ms","level":"stat"}
{"@timestamp":"2026-03-09T00:01:49.983+08:00","caller":"stat/usage.go:82","content":"CPU: 0m, MEMORY: Alloc=6.3Mi, TotalAlloc=76.3Mi, Sys=24.6Mi, NumGC=299","level":"stat"}
{"@timestamp":"2026-03-09T00:01:50.226+08:00","caller":"load/sheddingstat.go:61","content":"(api) shedding_stat [1m], cpu: 0, total: 0, pass: 0, drop: 0","level":"stat"}
{"@timestamp":"2026-03-09T00:02:06.306+08:00","caller":"stat/metrics.go:210","content":"(croupier-server) - qps: 0.0/s, drops: 0, avg time: 0.0ms, med: 0.0ms, 90th: 0.0ms, 99th: 0.0ms, 99.9th: 0.0ms","level":"stat"}
{"@timestamp":"2026-03-09T00:02:49.983+08:00","caller":"stat/usage.go:82","content":"CPU: 0m, MEMORY: Alloc=6.4Mi, TotalAlloc=76.3Mi, Sys=24.6Mi, NumGC=299","level":"stat"}
{"@timestamp":"2026-03-09T00:02:50.226+08:00","caller":"load/sheddingstat.go:61","content":"(api) shedding_stat [1m], cpu: 0, total: 0, pass: 0, drop: 0","level":"stat"}
{"@timestamp":"2026-03-09T00:03:06.306+08:00","caller":"stat/metrics.go:210","content":"(croupier-server) - qps: 0.0/s, drops: 0, avg time: 0.0ms, med: 0.0ms, 90th: 0.0ms, 99th: 0.0ms, 99.9th: 0.0ms","level":"stat"}
{"@timestamp":"2026-03-09T00:03:49.983+08:00","caller":"stat/usage.go:82","content":"CPU: 0m, MEMORY: Alloc=6.3Mi, TotalAlloc=76.5Mi, Sys=24.6Mi, NumGC=300","level":"stat"}
{"@timestamp":"2026-03-09T00:03:50.226+08:00","caller":"load/sheddingstat.go:61","content":"(api) shedding_stat [1m], cpu: 0, total: 0, pass: 0, drop: 0","level":"stat"}
{"@timestamp":"2026-03-09T00:04:06.306+08:00","caller":"stat/metrics.go:210","content":"(croupier-server) - qps: 0.0/s, drops: 0, avg time: 0.0ms, med: 0.0ms, 90th: 0.0ms, 99th: 0.0ms, 99.9th: 0.0ms","level":"stat"}
{"@timestamp":"2026-03-09T00:04:49.983+08:00","caller":"stat/usage.go:82","content":"CPU: 0m, MEMORY: Alloc=6.4Mi, TotalAlloc=76.5Mi, Sys=24.6Mi, NumGC=300","level":"stat"}
{"@timestamp":"2026-03-09T00:04:50.226+08:00","caller":"load/sheddingstat.go:61","content":"(api) shedding_stat [1m], cpu: 0, total: 0, pass: 0, drop: 0","level":"stat"}
{"@timestamp":"2026-03-09T00:05:06.306+08:00","caller":"stat/metrics.go:210","content":"(croupier-server) - qps: 0.0/s, drops: 0, avg time: 0.0ms, med: 0.0ms, 90th: 0.0ms, 99th: 0.0ms, 99.9th: 0.0ms","level":"stat"}
{"@timestamp":"2026-03-09T00:05:49.983+08:00","caller":"stat/usage.go:82","content":"CPU: 0m, MEMORY: Alloc=6.3Mi, TotalAlloc=76.7Mi, Sys=24.6Mi, NumGC=301","level":"stat"}
{"@timestamp":"2026-03-09T00:05:50.226+08:00","caller":"load/sheddingstat.go:61","content":"(api) shedding_stat [1m], cpu: 0, total: 0, pass: 0, drop: 0","level":"stat"}
{"@timestamp":"2026-03-09T00:06:06.306+08:00","caller":"stat/metrics.go:210","content":"(croupier-server) - qps: 0.0/s, drops: 0, avg time: 0.0ms, med: 0.0ms, 90th: 0.0ms, 99th: 0.0ms, 99.9th: 0.0ms","level":"stat"}
{"@timestamp":"2026-03-09T00:06:49.983+08:00","caller":"stat/usage.go:82","content":"CPU: 0m, MEMORY: Alloc=6.4Mi, TotalAlloc=76.7Mi, Sys=24.6Mi, NumGC=301","level":"stat"}
{"@timestamp":"2026-03-09T00:06:50.226+08:00","caller":"load/sheddingstat.go:61","content":"(api) shedding_stat [1m], cpu: 0, total: 0, pass: 0, drop: 0","level":"stat"}
{"@timestamp":"2026-03-09T00:07:06.306+08:00","caller":"stat/metrics.go:210","content":"(croupier-server) - qps: 0.0/s, drops: 0, avg time: 0.0ms, med: 0.0ms, 90th: 0.0ms, 99th: 0.0ms, 99.9th: 0.0ms","level":"stat"}
{"@timestamp":"2026-03-09T00:07:49.983+08:00","caller":"stat/usage.go:82","content":"CPU: 0m, MEMORY: Alloc=6.3Mi, TotalAlloc=76.8Mi, Sys=24.6Mi, NumGC=302","level":"stat"}
{"@timestamp":"2026-03-09T00:07:50.226+08:00","caller":"load/sheddingstat.go:61","content":"(api) shedding_stat [1m], cpu: 0, total: 0, pass: 0, drop: 0","level":"stat"}
{"@timestamp":"2026-03-09T00:08:06.306+08:00","caller":"stat/metrics.go:210","content":"(croupier-server) - qps: 0.0/s, drops: 0, avg time: 0.0ms, med: 0.0ms, 90th: 0.0ms, 99th: 0.0ms, 99.9th: 0.0ms","level":"stat"}
{"@timestamp":"2026-03-09T00:08:49.983+08:00","caller":"stat/usage.go:82","content":"CPU: 0m, MEMORY: Alloc=6.4Mi, TotalAlloc=76.9Mi, Sys=24.6Mi, NumGC=302","level":"stat"}
{"@timestamp":"2026-03-09T00:08:50.226+08:00","caller":"load/sheddingstat.go:61","content":"(api) shedding_stat [1m], cpu: 0, total: 0, pass: 0, drop: 0","level":"stat"}
{"@timestamp":"2026-03-09T00:09:06.306+08:00","caller":"stat/metrics.go:210","content":"(croupier-server) - qps: 0.0/s, drops: 0, avg time: 0.0ms, med: 0.0ms, 90th: 0.0ms, 99th: 0.0ms, 99.9th: 0.0ms","level":"stat"}
{"@timestamp":"2026-03-09T00:09:49.983+08:00","caller":"stat/usage.go:82","content":"CPU: 0m, MEMORY: Alloc=6.3Mi, TotalAlloc=77.0Mi, Sys=24.6Mi, NumGC=303","level":"stat"}
{"@timestamp":"2026-03-09T00:09:50.226+08:00","caller":"load/sheddingstat.go:61","content":"(api) shedding_stat [1m], cpu: 0, total: 0, pass: 0, drop: 0","level":"stat"}
{"@timestamp":"2026-03-09T00:10:06.306+08:00","caller":"stat/metrics.go:210","content":"(croupier-server) - qps: 0.0/s, drops: 0, avg time: 0.0ms, med: 0.0ms, 90th: 0.0ms, 99th: 0.0ms, 99.9th: 0.0ms","level":"stat"}
{"@timestamp":"2026-03-09T00:10:49.983+08:00","caller":"stat/usage.go:82","content":"CPU: 0m, MEMORY: Alloc=6.4Mi, TotalAlloc=77.1Mi, Sys=24.6Mi, NumGC=303","level":"stat"}
{"@timestamp":"2026-03-09T00:10:50.226+08:00","caller":"load/sheddingstat.go:61","content":"(api) shedding_stat [1m], cpu: 0, total: 0, pass: 0, drop: 0","level":"stat"}
{"@timestamp":"2026-03-09T00:11:06.306+08:00","caller":"stat/metrics.go:210","content":"(croupier-server) - qps: 0.0/s, drops: 0, avg time: 0.0ms, med: 0.0ms, 90th: 0.0ms, 99th: 0.0ms, 99.9th: 0.0ms","level":"stat"}
{"@timestamp":"2026-03-09T00:11:49.983+08:00","caller":"stat/usage.go:82","content":"CPU: 0m, MEMORY: Alloc=6.3Mi, TotalAlloc=77.2Mi, Sys=24.6Mi, NumGC=304","level":"stat"}
{"@timestamp":"2026-03-09T00:11:50.226+08:00","caller":"load/sheddingstat.go:61","content":"(api) shedding_stat [1m], cpu: 0, total: 0, pass: 0, drop: 0","level":"stat"}
{"@timestamp":"2026-03-09T00:12:06.306+08:00","caller":"stat/metrics.go:210","content":"(croupier-server) - qps: 0.0/s, drops: 0, avg time: 0.0ms, med: 0.0ms, 90th: 0.0ms, 99th: 0.0ms, 99.9th: 0.0ms","level":"stat"}
{"@timestamp":"2026-03-09T00:12:49.983+08:00","caller":"stat/usage.go:82","content":"CPU: 0m, MEMORY: Alloc=6.4Mi, TotalAlloc=77.2Mi, Sys=24.6Mi, NumGC=304","level":"stat"}
{"@timestamp":"2026-03-09T00:12:50.226+08:00","caller":"load/sheddingstat.go:61","content":"(api) shedding_stat [1m], cpu: 0, total: 0, pass: 0, drop: 0","level":"stat"}
{"@timestamp":"2026-03-09T00:13:06.306+08:00","caller":"stat/metrics.go:210","content":"(croupier-server) - qps: 0.0/s, drops: 0, avg time: 0.0ms, med: 0.0ms, 90th: 0.0ms, 99th: 0.0ms, 99.9th: 0.0ms","level":"stat"}
{"@timestamp":"2026-03-09T00:13:49.983+08:00","caller":"stat/usage.go:82","content":"CPU: 0m, MEMORY: Alloc=6.3Mi, TotalAlloc=77.4Mi, Sys=24.6Mi, NumGC=305","level":"stat"}
{"@timestamp":"2026-03-09T00:13:50.226+08:00","caller":"load/sheddingstat.go:61","content":"(api) shedding_stat [1m], cpu: 0, total: 0, pass: 0, drop: 0","level":"stat"}
{"@timestamp":"2026-03-09T00:14:06.306+08:00","caller":"stat/metrics.go:210","content":"(croupier-server) - qps: 0.0/s, drops: 0, avg time: 0.0ms, med: 0.0ms, 90th: 0.0ms, 99th: 0.0ms, 99.9th: 0.0ms","level":"stat"}
{"@timestamp":"2026-03-09T00:14:49.983+08:00","caller":"stat/usage.go:82","content":"CPU: 0m, MEMORY: Alloc=6.4Mi, TotalAlloc=77.4Mi, Sys=24.6Mi, NumGC=305","level":"stat"}
{"@timestamp":"2026-03-09T00:14:50.226+08:00","caller":"load/sheddingstat.go:61","content":"(api) shedding_stat [1m], cpu: 0, total: 0, pass: 0, drop: 0","level":"stat"}
{"@timestamp":"2026-03-09T00:15:06.306+08:00","caller":"stat/metrics.go:210","content":"(croupier-server) - qps: 0.0/s, drops: 0, avg time: 0.0ms, med: 0.0ms, 90th: 0.0ms, 99th: 0.0ms, 99.9th: 0.0ms","level":"stat"}
{"@timestamp":"2026-03-09T00:15:49.983+08:00","caller":"stat/usage.go:82","content":"CPU: 0m, MEMORY: Alloc=6.3Mi, TotalAlloc=77.6Mi, Sys=24.6Mi, NumGC=306","level":"stat"}
{"@timestamp":"2026-03-09T00:15:50.226+08:00","caller":"load/sheddingstat.go:61","content":"(api) shedding_stat [1m], cpu: 0, total: 0, pass: 0, drop: 0","level":"stat"}
{"@timestamp":"2026-03-09T00:16:06.306+08:00","caller":"stat/metrics.go:210","content":"(croupier-server) - qps: 0.0/s, drops: 0, avg time: 0.0ms, med: 0.0ms, 90th: 0.0ms, 99th: 0.0ms, 99.9th: 0.0ms","level":"stat"}
{"@timestamp":"2026-03-09T00:16:49.983+08:00","caller":"stat/usage.go:82","content":"CPU: 0m, MEMORY: Alloc=6.4Mi, TotalAlloc=77.6Mi, Sys=24.6Mi, NumGC=306","level":"stat"}
{"@timestamp":"2026-03-09T00:16:50.226+08:00","caller":"load/sheddingstat.go:61","content":"(api) shedding_stat [1m], cpu: 0, total: 0, pass: 0, drop: 0","level":"stat"}
{"@timestamp":"2026-03-09T00:17:06.306+08:00","caller":"stat/metrics.go:210","content":"(croupier-server) - qps: 0.0/s, drops: 0, avg time: 0.0ms, med: 0.0ms, 90th: 0.0ms, 99th: 0.0ms, 99.9th: 0.0ms","level":"stat"}
{"@timestamp":"2026-03-09T00:17:49.983+08:00","caller":"stat/usage.go:82","content":"CPU: 0m, MEMORY: Alloc=6.3Mi, TotalAlloc=77.8Mi, Sys=24.6Mi, NumGC=307","level":"stat"}
{"@timestamp":"2026-03-09T00:17:50.226+08:00","caller":"load/sheddingstat.go:61","content":"(api) shedding_stat [1m], cpu: 0, total: 0, pass: 0, drop: 0","level":"stat"}
{"@timestamp":"2026-03-09T00:18:06.306+08:00","caller":"stat/metrics.go:210","content":"(croupier-server) - qps: 0.0/s, drops: 0, avg time: 0.0ms, med: 0.0ms, 90th: 0.0ms, 99th: 0.0ms, 99.9th: 0.0ms","level":"stat"}
{"@timestamp":"2026-03-09T00:18:49.983+08:00","caller":"stat/usage.go:82","content":"CPU: 0m, MEMORY: Alloc=6.4Mi, TotalAlloc=77.8Mi, Sys=24.6Mi, NumGC=307","level":"stat"}
{"@timestamp":"2026-03-09T00:18:50.226+08:00","caller":"load/sheddingstat.go:61","content":"(api) shedding_stat [1m], cpu: 0, total: 0, pass: 0, drop: 0","level":"stat"}
{"@timestamp":"2026-03-09T00:19:06.306+08:00","caller":"stat/metrics.go:210","content":"(croupier-server) - qps: 0.0/s, drops: 0, avg time: 0.0ms, med: 0.0ms, 90th: 0.0ms, 99th: 0.0ms, 99.9th: 0.0ms","level":"stat"}
{"@timestamp":"2026-03-09T00:19:49.983+08:00","caller":"stat/usage.go:82","content":"CPU: 0m, MEMORY: Alloc=6.3Mi, TotalAlloc=78.0Mi, Sys=24.6Mi, NumGC=308","level":"stat"}
{"@timestamp":"2026-03-09T00:19:50.226+08:00","caller":"load/sheddingstat.go:61","content":"(api) shedding_stat [1m], cpu: 0, total: 0, pass: 0, drop: 0","level":"stat"}
{"@timestamp":"2026-03-09T00:20:06.306+08:00","caller":"stat/metrics.go:210","content":"(croupier-server) - qps: 0.0/s, drops: 0, avg time: 0.0ms, med: 0.0ms, 90th: 0.0ms, 99th: 0.0ms, 99.9th: 0.0ms","level":"stat"}
{"@timestamp":"2026-03-09T00:20:49.983+08:00","caller":"stat/usage.go:82","content":"CPU: 0m, MEMORY: Alloc=6.4Mi, TotalAlloc=78.0Mi, Sys=24.6Mi, NumGC=308","level":"stat"}
{"@timestamp":"2026-03-09T00:20:50.226+08:00","caller":"load/sheddingstat.go:61","content":"(api) shedding_stat [1m], cpu: 0, total: 0, pass: 0, drop: 0","level":"stat"}
{"@timestamp":"2026-03-09T00:21:06.306+08:00","caller":"stat/metrics.go:210","content":"(croupier-server) - qps: 0.0/s, drops: 0, avg time: 0.0ms, med: 0.0ms, 90th: 0.0ms, 99th: 0.0ms, 99.9th: 0.0ms","level":"stat"}
{"@timestamp":"2026-03-09T00:21:49.983+08:00","caller":"stat/usage.go:82","content":"CPU: 0m, MEMORY: Alloc=6.3Mi, TotalAlloc=78.1Mi, Sys=24.6Mi, NumGC=309","level":"stat"}
{"@timestamp":"2026-03-09T00:21:50.226+08:00","caller":"load/sheddingstat.go:61","content":"(api) shedding_stat [1m], cpu: 0, total: 0, pass: 0, drop: 0","level":"stat"}
{"@timestamp":"2026-03-09T00:22:06.306+08:00","caller":"stat/metrics.go:210","content":"(croupier-server) - qps: 0.0/s, drops: 0, avg time: 0.0ms, med: 0.0ms, 90th: 0.0ms, 99th: 0.0ms, 99.9th: 0.0ms","level":"stat"}
{"@timestamp":"2026-03-09T00:22:49.983+08:00","caller":"stat/usage.go:82","content":"CPU: 0m, MEMORY: Alloc=6.4Mi, TotalAlloc=78.2Mi, Sys=24.6Mi, NumGC=309","level":"stat"}
{"@timestamp":"2026-03-09T00:22:50.226+08:00","caller":"load/sheddingstat.go:61","content":"(api) shedding_stat [1m], cpu: 0, total: 0, pass: 0, drop: 0","level":"stat"}
{"@timestamp":"2026-03-09T00:23:06.306+08:00","caller":"stat/metrics.go:210","content":"(croupier-server) - qps: 0.0/s, drops: 0, avg time: 0.0ms, med: 0.0ms, 90th: 0.0ms, 99th: 0.0ms, 99.9th: 0.0ms","level":"stat"}
{"@timestamp":"2026-03-09T00:23:49.983+08:00","caller":"stat/usage.go:82","content":"CPU: 0m, MEMORY: Alloc=6.3Mi, TotalAlloc=78.3Mi, Sys=24.6Mi, NumGC=310","level":"stat"}
{"@timestamp":"2026-03-09T00:23:50.226+08:00","caller":"load/sheddingstat.go:61","content":"(api) shedding_stat [1m], cpu: 0, total: 0, pass: 0, drop: 0","level":"stat"}
{"@timestamp":"2026-03-09T00:24:06.306+08:00","caller":"stat/metrics.go:210","content":"(croupier-server) - qps: 0.0/s, drops: 0, avg time: 0.0ms, med: 0.0ms, 90th: 0.0ms, 99th: 0.0ms, 99.9th: 0.0ms","level":"stat"}
{"@timestamp":"2026-03-09T00:24:49.983+08:00","caller":"stat/usage.go:82","content":"CPU: 0m, MEMORY: Alloc=6.4Mi, TotalAlloc=78.4Mi, Sys=24.6Mi, NumGC=310","level":"stat"}
{"@timestamp":"2026-03-09T00:24:50.226+08:00","caller":"load/sheddingstat.go:61","content":"(api) shedding_stat [1m], cpu: 0, total: 0, pass: 0, drop: 0","level":"stat"}
{"@timestamp":"2026-03-09T00:25:06.306+08:00","caller":"stat/metrics.go:210","content":"(croupier-server) - qps: 0.0/s, drops: 0, avg time: 0.0ms, med: 0.0ms, 90th: 0.0ms, 99th: 0.0ms, 99.9th: 0.0ms","level":"stat"}
{"@timestamp":"2026-03-09T00:25:49.983+08:00","caller":"stat/usage.go:82","content":"CPU: 0m, MEMORY: Alloc=6.3Mi, TotalAlloc=78.5Mi, Sys=24.6Mi, NumGC=311","level":"stat"}
{"@timestamp":"2026-03-09T00:25:50.226+08:00","caller":"load/sheddingstat.go:61","content":"(api) shedding_stat [1m], cpu: 0, total: 0, pass: 0, drop: 0","level":"stat"}
{"@timestamp":"2026-03-09T00:26:06.306+08:00","caller":"stat/metrics.go:210","content":"(croupier-server) - qps: 0.0/s, drops: 0, avg time: 0.0ms, med: 0.0ms, 90th: 0.0ms, 99th: 0.0ms, 99.9th: 0.0ms","level":"stat"}
{"@timestamp":"2026-03-09T00:26:49.983+08:00","caller":"stat/usage.go:82","content":"CPU: 0m, MEMORY: Alloc=6.4Mi, TotalAlloc=78.6Mi, Sys=24.6Mi, NumGC=311","level":"stat"}
{"@timestamp":"2026-03-09T00:26:50.226+08:00","caller":"load/sheddingstat.go:61","content":"(api) shedding_stat [1m], cpu: 0, total: 0, pass: 0, drop: 0","level":"stat"}
{"@timestamp":"2026-03-09T00:27:06.306+08:00","caller":"stat/metrics.go:210","content":"(croupier-server) - qps: 0.0/s, drops: 0, avg time: 0.0ms, med: 0.0ms, 90th: 0.0ms, 99th: 0.0ms, 99.9th: 0.0ms","level":"stat"}
